#
# There is insufficient memory for the Java Runtime Environment to continue.
# Native memory allocation (mmap) failed to map 65536 bytes. Error detail: Failed to commit metaspace.
# Possible reasons:
#   The system is out of physical RAM or swap space
#   This process is running with CompressedOops enabled, and the Java Heap may be blocking the growth of the native heap
# Possible solutions:
#   Reduce memory load on the system
#   Increase physical memory or swap space
#   Check if swap backing store is full
#   Decrease Java heap size (-Xmx/-Xms)
#   Decrease number of Java threads
#   Decrease Java thread stack sizes (-Xss)
#   Set larger code cache with -XX:ReservedCodeCacheSize=
#   JVM is running with Unscaled Compressed Oops mode in which the Java heap is
#     placed in the first 4GB address space. The Java Heap base address is the
#     maximum limit for the native heap growth. Please use -XX:HeapBaseMinAddress
#     to set the Java Heap base and to place the Java Heap above 4GB virtual address.
# This output file may be truncated or incomplete.
#
#  Out of Memory Error (virtualSpaceNode.cpp:110), pid=22580, tid=19420
#
# JRE version: OpenJDK Runtime Environment Temurin-17.0.11+9 (17.0.11+9) (build 17.0.11+9)
# Java VM: OpenJDK 64-Bit Server VM Temurin-17.0.11+9 (17.0.11+9, mixed mode, sharing, tiered, compressed oops, compressed class ptrs, g1 gc, windows-amd64)
# No core dump will be written. Minidumps are not enabled by default on client versions of Windows
#

---------------  S U M M A R Y ------------

Command Line: --enable-native-access=ALL-UNNAMED --add-opens=java.base/java.util=ALL-UNNAMED --add-opens=java.base/java.lang=ALL-UNNAMED --add-opens=java.base/java.lang.invoke=ALL-UNNAMED --add-opens=java.prefs/java.util.prefs=ALL-UNNAMED --add-opens=java.base/java.nio.charset=ALL-UNNAMED --add-opens=java.base/java.net=ALL-UNNAMED --add-opens=java.base/java.util.concurrent.atomic=ALL-UNNAMED -Xmx2048m -Dfile.encoding=UTF-8 -Duser.country=ID -Duser.language=en -Duser.variant -javaagent:C:\Users\rizta\.gradle\wrapper\dists\gradle-8.8-bin\dl7vupf4psengwqhwktix4v1\gradle-8.8\lib\agents\gradle-instrumentation-agent-8.8.jar org.gradle.launcher.daemon.bootstrap.GradleDaemon 8.8

Host: Intel(R) Core(TM) i3-10110U CPU @ 2.10GHz, 4 cores, 19G,  Windows 11 , 64 bit Build 26100 (10.0.26100.9444)
Time: Fri Oct  2 15:52:15 2026 SE Asia Standard Time elapsed time: 78.418870 seconds (0d 0h 1m 18s)

---------------  T H R E A D  ---------------

Current thread (0x000001fc8cb94030):  JavaThread "Daemon worker" [_thread_in_vm, id=19420, stack(0x000000d6b2f00000,0x000000d6b3000000)]

Stack: [0x000000d6b2f00000,0x000000d6b3000000]
Native frames: (J=compiled Java code, j=interpreted, Vv=VM code, C=native code)
V  [jvm.dll+0x67d429]
V  [jvm.dll+0x834b7a]
V  [jvm.dll+0x83663e]
V  [jvm.dll+0x836ca3]
V  [jvm.dll+0x247dbf]
V  [jvm.dll+0x83083b]
V  [jvm.dll+0x621d56]
V  [jvm.dll+0x621dba]
V  [jvm.dll+0x6245ea]
V  [jvm.dll+0x6226f6]
V  [jvm.dll+0x23d710]
V  [jvm.dll+0x1ec56b]
V  [jvm.dll+0x1e1f11]
V  [jvm.dll+0x54250e]
V  [jvm.dll+0x1f2957]
V  [jvm.dll+0x7ae0cb]
V  [jvm.dll+0x7af499]
V  [jvm.dll+0x7af7e8]
V  [jvm.dll+0x24007e]
V  [jvm.dll+0x38251e]
C  0x000001fc37bcb8ae

The last pc belongs to new (printed below).
Java frames: (J=compiled Java code, j=interpreted, Vv=VM code)
j  com.sun.org.apache.xerces.internal.jaxp.DocumentBuilderFactoryImpl.<init>()V+22 java.xml@17.0.11
v  ~StubRoutines::call_stub
J 2522  jdk.internal.reflect.NativeConstructorAccessorImpl.newInstance0(Ljava/lang/reflect/Constructor;[Ljava/lang/Object;)Ljava/lang/Object; java.base@17.0.11 (0 bytes) @ 0x000001fc382a3a8e [0x000001fc382a3a20+0x000000000000006e]
J 2521 c1 jdk.internal.reflect.NativeConstructorAccessorImpl.newInstance([Ljava/lang/Object;)Ljava/lang/Object; java.base@17.0.11 (122 bytes) @ 0x000001fc30b88c34 [0x000001fc30b882e0+0x0000000000000954]
J 2114 c1 jdk.internal.reflect.DelegatingConstructorAccessorImpl.newInstance([Ljava/lang/Object;)Ljava/lang/Object; java.base@17.0.11 (9 bytes) @ 0x000001fc30a8da44 [0x000001fc30a8d940+0x0000000000000104]
J 2113 c1 java.lang.reflect.Constructor.newInstanceWithCaller([Ljava/lang/Object;ZLjava/lang/Class;)Ljava/lang/Object; java.base@17.0.11 (75 bytes) @ 0x000001fc30a8d454 [0x000001fc30a8d200+0x0000000000000254]
J 2117 c1 java.lang.reflect.Constructor.newInstance([Ljava/lang/Object;)Ljava/lang/Object; java.base@17.0.11 (34 bytes) @ 0x000001fc30a9002c [0x000001fc30a8fec0+0x000000000000016c]
j  javax.xml.parsers.FactoryFinder.newInstance(Ljava/lang/Class;Ljava/lang/String;Ljava/lang/ClassLoader;ZZ)Ljava/lang/Object;+92 java.xml@17.0.11
j  javax.xml.parsers.FactoryFinder.newInstance(Ljava/lang/Class;Ljava/lang/String;Ljava/lang/ClassLoader;Z)Ljava/lang/Object;+5 java.xml@17.0.11
j  javax.xml.parsers.FactoryFinder.find(Ljava/lang/Class;Ljava/lang/String;)Ljava/lang/Object;+231 java.xml@17.0.11
j  javax.xml.parsers.DocumentBuilderFactory.newInstance()Ljavax/xml/parsers/DocumentBuilderFactory;+4 java.xml@17.0.11
j  org.gradle.internal.xml.XmlFactories.newDocumentBuilderFactory()Ljavax/xml/parsers/DocumentBuilderFactory;+0
j  org.gradle.jvm.toolchain.internal.MavenToolchainsInstallationSupplier.<init>(Lorg/gradle/api/provider/ProviderFactory;Lorg/gradle/api/internal/file/FileResolver;)V+33
v  ~StubRoutines::call_stub
J 2522  jdk.internal.reflect.NativeConstructorAccessorImpl.newInstance0(Ljava/lang/reflect/Constructor;[Ljava/lang/Object;)Ljava/lang/Object; java.base@17.0.11 (0 bytes) @ 0x000001fc382a3a8e [0x000001fc382a3a20+0x000000000000006e]
J 2521 c1 jdk.internal.reflect.NativeConstructorAccessorImpl.newInstance([Ljava/lang/Object;)Ljava/lang/Object; java.base@17.0.11 (122 bytes) @ 0x000001fc30b88c34 [0x000001fc30b882e0+0x0000000000000954]
J 2114 c1 jdk.internal.reflect.DelegatingConstructorAccessorImpl.newInstance([Ljava/lang/Object;)Ljava/lang/Object; java.base@17.0.11 (9 bytes) @ 0x000001fc30a8da44 [0x000001fc30a8d940+0x0000000000000104]
J 2113 c1 java.lang.reflect.Constructor.newInstanceWithCaller([Ljava/lang/Object;ZLjava/lang/Class;)Ljava/lang/Object; java.base@17.0.11 (75 bytes) @ 0x000001fc30a8d454 [0x000001fc30a8d200+0x0000000000000254]
J 2117 c1 java.lang.reflect.Constructor.newInstance([Ljava/lang/Object;)Ljava/lang/Object; java.base@17.0.11 (34 bytes) @ 0x000001fc30a9002c [0x000001fc30a8fec0+0x000000000000016c]
j  org.gradle.internal.service.DefaultServiceRegistry$ConstructorService.invokeMethod([Ljava/lang/Object;)Ljava/lang/Object;+5
J 2743 c1 org.gradle.internal.service.DefaultServiceRegistry$FactoryService.createServiceInstance()Ljava/lang/Object; (18 bytes) @ 0x000001fc30bfc174 [0x000001fc30bfc040+0x0000000000000134]
J 2416 c1 org.gradle.internal.service.DefaultServiceRegistry$ManagedObjectServiceProvider.getInstance()Ljava/lang/Object; (47 bytes) @ 0x000001fc30b41f14 [0x000001fc30b41d60+0x00000000000001b4]
J 2415 c1 org.gradle.internal.service.DefaultServiceRegistry$SingletonService.get()Ljava/lang/Object; (5 bytes) @ 0x000001fc30b41a14 [0x000001fc30b419a0+0x0000000000000074]
j  org.gradle.internal.service.DefaultServiceRegistry.getCollectionService(Ljava/lang/Class;Lorg/gradle/internal/service/ServiceProvider;)Lorg/gradle/internal/service/Service;+76
j  org.gradle.internal.service.DefaultServiceRegistry.getCollectionService(Ljava/lang/reflect/Type;Lorg/gradle/internal/service/ServiceProvider;)Lorg/gradle/internal/service/Service;+14
J 4096 c1 org.gradle.internal.service.DefaultServiceRegistry.find(Ljava/lang/reflect/Type;Lorg/gradle/internal/service/ServiceProvider;)Lorg/gradle/internal/service/Service; (142 bytes) @ 0x000001fc30eb930c [0x000001fc30eb82a0+0x000000000000106c]
J 2613 c1 org.gradle.internal.service.DefaultServiceRegistry$FactoryService.bind()V (283 bytes) @ 0x000001fc30bc0234 [0x000001fc30bbfbe0+0x0000000000000654]
J 2347 c1 org.gradle.internal.service.DefaultServiceRegistry$SingletonService.prepare()Lorg/gradle/internal/service/Service; (111 bytes) @ 0x000001fc30b179e4 [0x000001fc30b172c0+0x0000000000000724]
J 2501 c1 org.gradle.internal.service.DefaultServiceRegistry$SingletonService.getService(Ljava/lang/reflect/Type;)Lorg/gradle/internal/service/Service; (18 bytes) @ 0x000001fc30b7f50c [0x000001fc30b7f3e0+0x000000000000012c]
J 8232 c1 org.gradle.internal.service.DefaultServiceRegistry$OwnServices.getService(Ljava/lang/reflect/Type;)Lorg/gradle/internal/service/Service; (309 bytes) @ 0x000001fc31444e74 [0x000001fc31442920+0x0000000000002554]
J 5807 c2 org.gradle.internal.service.DefaultServiceRegistry$ParentServices.getService(Ljava/lang/reflect/Type;)Lorg/gradle/internal/service/Service; (11 bytes) @ 0x000001fc381981a0 [0x000001fc38198100+0x00000000000000a0]
J 5807 c2 org.gradle.internal.service.DefaultServiceRegistry$ParentServices.getService(Ljava/lang/reflect/Type;)Lorg/gradle/internal/service/Service; (11 bytes) @ 0x000001fc381981a0 [0x000001fc38198100+0x00000000000000a0]
J 5194 c2 org.gradle.internal.service.DefaultServiceRegistry$CompositeServiceProvider.getService(Ljava/lang/reflect/Type;)Lorg/gradle/internal/service/Service; (49 bytes) @ 0x000001fc38261924 [0x000001fc382618a0+0x0000000000000084]
J 4096 c1 org.gradle.internal.service.DefaultServiceRegistry.find(Ljava/lang/reflect/Type;Lorg/gradle/internal/service/ServiceProvider;)Lorg/gradle/internal/service/Service; (142 bytes) @ 0x000001fc30eb96ec [0x000001fc30eb82a0+0x000000000000144c]
J 2613 c1 org.gradle.internal.service.DefaultServiceRegistry$FactoryService.bind()V (283 bytes) @ 0x000001fc30bc0234 [0x000001fc30bbfbe0+0x0000000000000654]
J 2347 c1 org.gradle.internal.service.DefaultServiceRegistry$SingletonService.prepare()Lorg/gradle/internal/service/Service; (111 bytes) @ 0x000001fc30b179e4 [0x000001fc30b172c0+0x0000000000000724]
J 2501 c1 org.gradle.internal.service.DefaultServiceRegistry$SingletonService.getService(Ljava/lang/reflect/Type;)Lorg/gradle/internal/service/Service; (18 bytes) @ 0x000001fc30b7f50c [0x000001fc30b7f3e0+0x000000000000012c]
J 8232 c1 org.gradle.internal.service.DefaultServiceRegistry$OwnServices.getService(Ljava/lang/reflect/Type;)Lorg/gradle/internal/service/Service; (309 bytes) @ 0x000001fc31444e74 [0x000001fc31442920+0x0000000000002554]
J 5194 c2 org.gradle.internal.service.DefaultServiceRegistry$CompositeServiceProvider.getService(Ljava/lang/reflect/Type;)Lorg/gradle/internal/service/Service; (49 bytes) @ 0x000001fc38261924 [0x000001fc382618a0+0x0000000000000084]
J 4096 c1 org.gradle.internal.service.DefaultServiceRegistry.find(Ljava/lang/reflect/Type;Lorg/gradle/internal/service/ServiceProvider;)Lorg/gradle/internal/service/Service; (142 bytes) @ 0x000001fc30eb96ec [0x000001fc30eb82a0+0x000000000000144c]
j  org.gradle.internal.service.DefaultServiceRegistry.getService(Ljava/lang/reflect/Type;)Lorg/gradle/internal/service/Service;+9
j  org.gradle.internal.service.DefaultServiceRegistry.find(Ljava/lang/reflect/Type;)Ljava/lang/Object;+9
j  org.gradle.internal.instantiation.generator.DependencyInjectingInstantiator.addServicesToParameters(Ljava/lang/Class;Lorg/gradle/internal/instantiation/generator/ClassGenerator$GeneratedConstructor;Lorg/gradle/internal/service/ServiceLookup;[Ljava/lang/Object;)[Ljava/lang/Object;+126
J 5088 c1 org.gradle.internal.instantiation.generator.DependencyInjectingInstantiator.convertParameters(Ljava/lang/Class;Lorg/gradle/internal/instantiation/generator/ClassGenerator$GeneratedConstructor;Lorg/gradle/internal/service/ServiceLookup;[Ljava/lang/Object;)[Ljava/lang/Object; (126 bytes) @ 0x000001fc306e3bbc [0x000001fc306e2920+0x000000000000129c]
J 5087 c1 org.gradle.internal.instantiation.generator.DependencyInjectingInstantiator.doCreate(Ljava/lang/Class;Lorg/gradle/api/Describable;[Ljava/lang/Object;)Ljava/lang/Object; (64 bytes) @ 0x000001fc30bcf764 [0x000001fc30bcf600+0x0000000000000164]
J 5089 c1 org.gradle.internal.instantiation.generator.DependencyInjectingInstantiator.newInstance(Ljava/lang/Class;[Ljava/lang/Object;)Ljava/lang/Object; (8 bytes) @ 0x000001fc308b2144 [0x000001fc308b20c0+0x0000000000000084]
j  org.gradle.api.internal.plugins.DefaultPluginManager.instantiatePlugin(Ljava/lang/Class;)Ljava/lang/Object;+9
j  org.gradle.api.internal.plugins.DefaultPluginManager.producePluginInstance(Ljava/lang/Class;)Lorg/gradle/api/Plugin;+16
j  org.gradle.api.internal.plugins.DefaultPluginManager.addPlugin(Ljava/lang/Runnable;Lorg/gradle/api/internal/plugins/PluginImplementation;Ljava/lang/String;Ljava/lang/Class;)V+16
j  org.gradle.api.internal.plugins.DefaultPluginManager.access$100(Lorg/gradle/api/internal/plugins/DefaultPluginManager;Ljava/lang/Runnable;Lorg/gradle/api/internal/plugins/PluginImplementation;Ljava/lang/String;Ljava/lang/Class;)V+6
j  org.gradle.api.internal.plugins.DefaultPluginManager$AddPluginBuildOperation.run(Lorg/gradle/internal/operations/BuildOperationContext;)V+20
j  org.gradle.internal.operations.DefaultBuildOperationRunner$1.execute(Lorg/gradle/internal/operations/RunnableBuildOperation;Lorg/gradle/internal/operations/BuildOperationContext;)V+2
j  org.gradle.internal.operations.DefaultBuildOperationRunner$1.execute(Lorg/gradle/internal/operations/BuildOperation;Lorg/gradle/internal/operations/BuildOperationContext;)V+6
J 7415 c1 org.gradle.internal.operations.DefaultBuildOperationRunner$2.execute(Lorg/gradle/internal/operations/BuildOperationDescriptor;Lorg/gradle/internal/operations/BuildOperationState;Lorg/gradle/internal/operations/BuildOperationState;Lorg/gradle/internal/operations/DefaultBuildOperationRunner$ReadableBuildOperationContext;Lorg/gradle/internal/operations/DefaultBuildOperationRunner$BuildOperationExecutionListener;)Lorg/gradle/internal/operations/BuildOperation; (110 bytes) @ 0x000001fc312acb34 [0x000001fc312ac940+0x00000000000001f4]
J 7310 c1 org.gradle.internal.operations.DefaultBuildOperationRunner$2.execute(Lorg/gradle/internal/operations/BuildOperationDescriptor;Lorg/gradle/internal/operations/BuildOperationState;Lorg/gradle/internal/operations/BuildOperationState;Lorg/gradle/internal/operations/DefaultBuildOperationRunner$ReadableBuildOperationContext;Lorg/gradle/internal/operations/DefaultBuildOperationRunner$BuildOperationExecutionListener;)Ljava/lang/Object; (12 bytes) @ 0x000001fc3126d394 [0x000001fc3126d320+0x0000000000000074]
J 7073 c1 org.gradle.internal.operations.DefaultBuildOperationRunner.execute(Lorg/gradle/internal/operations/BuildOperationDescriptor$Builder;Lorg/gradle/internal/operations/BuildOperationState;Lorg/gradle/internal/operations/DefaultBuildOperationRunner$BuildOperationExecution;)Ljava/lang/Object; (147 bytes) @ 0x000001fc3120cdb4 [0x000001fc3120c260+0x0000000000000b54]
J 6806 c1 org.gradle.internal.operations.DefaultBuildOperationRunner.execute(Lorg/gradle/internal/operations/BuildOperation;Lorg/gradle/internal/operations/BuildOperationWorker;Lorg/gradle/internal/operations/BuildOperationState;)V (23 bytes) @ 0x000001fc3118cc04 [0x000001fc3118c960+0x00000000000002a4]
j  org.gradle.internal.operations.DefaultBuildOperationRunner.run(Lorg/gradle/internal/operations/RunnableBuildOperation;)V+9
j  org.gradle.api.internal.plugins.DefaultPluginManager.lambda$doApply$0(Ljava/lang/Runnable;Lorg/gradle/api/internal/plugins/PluginImplementation;Ljava/lang/String;Ljava/lang/Class;Lorg/gradle/internal/code/UserCodeApplicationId;)V+20
j  org.gradle.api.internal.plugins.DefaultPluginManager$$Lambda$855+0x000001fc48690de0.execute(Ljava/lang/Object;)V+24
j  org.gradle.internal.code.DefaultUserCodeApplicationContext.apply(Lorg/gradle/internal/code/UserCodeSource;Lorg/gradle/api/Action;)V+37
j  org.gradle.api.internal.plugins.DefaultPluginManager.doApply(Lorg/gradle/api/internal/plugins/PluginImplementation;)V+144
j  org.gradle.api.internal.plugins.DefaultPluginManager.apply(Ljava/lang/Class;)V+11
j  org.gradle.api.plugins.JavaBasePlugin.apply(Lorg/gradle/api/Project;)V+47
j  org.gradle.api.plugins.JavaBasePlugin.apply(Ljava/lang/Object;)V+5
j  org.gradle.api.internal.plugins.ImperativeOnlyPluginTarget.applyImperative(Ljava/lang/String;Lorg/gradle/api/Plugin;)V+13
j  org.gradle.api.internal.plugins.RuleBasedPluginTarget.applyImperative(Ljava/lang/String;Lorg/gradle/api/Plugin;)V+6
j  org.gradle.api.internal.plugins.DefaultPluginManager.addPlugin(Ljava/lang/Runnable;Lorg/gradle/api/internal/plugins/PluginImplementation;Ljava/lang/String;Ljava/lang/Class;)V+54
j  org.gradle.api.internal.plugins.DefaultPluginManager.access$100(Lorg/gradle/api/internal/plugins/DefaultPluginManager;Ljava/lang/Runnable;Lorg/gradle/api/internal/plugins/PluginImplementation;Ljava/lang/String;Ljava/lang/Class;)V+6
j  org.gradle.api.internal.plugins.DefaultPluginManager$AddPluginBuildOperation.run(Lorg/gradle/internal/operations/BuildOperationContext;)V+20
j  org.gradle.internal.operations.DefaultBuildOperationRunner$1.execute(Lorg/gradle/internal/operations/RunnableBuildOperation;Lorg/gradle/internal/operations/BuildOperationContext;)V+2
j  org.gradle.internal.operations.DefaultBuildOperationRunner$1.execute(Lorg/gradle/internal/operations/BuildOperation;Lorg/gradle/internal/operations/BuildOperationContext;)V+6
J 7415 c1 org.gradle.internal.operations.DefaultBuildOperationRunner$2.execute(Lorg/gradle/internal/operations/BuildOperationDescriptor;Lorg/gradle/internal/operations/BuildOperationState;Lorg/gradle/internal/operations/BuildOperationState;Lorg/gradle/internal/operations/DefaultBuildOperationRunner$ReadableBuildOperationContext;Lorg/gradle/internal/operations/DefaultBuildOperationRunner$BuildOperationExecutionListener;)Lorg/gradle/internal/operations/BuildOperation; (110 bytes) @ 0x000001fc312acb34 [0x000001fc312ac940+0x00000000000001f4]
J 7310 c1 org.gradle.internal.operations.DefaultBuildOperationRunner$2.execute(Lorg/gradle/internal/operations/BuildOperationDescriptor;Lorg/gradle/internal/operations/BuildOperationState;Lorg/gradle/internal/operations/BuildOperationState;Lorg/gradle/internal/operations/DefaultBuildOperationRunner$ReadableBuildOperationContext;Lorg/gradle/internal/operations/DefaultBuildOperationRunner$BuildOperationExecutionListener;)Ljava/lang/Object; (12 bytes) @ 0x000001fc3126d394 [0x000001fc3126d320+0x0000000000000074]
J 7073 c1 org.gradle.internal.operations.DefaultBuildOperationRunner.execute(Lorg/gradle/internal/operations/BuildOperationDescriptor$Builder;Lorg/gradle/internal/operations/BuildOperationState;Lorg/gradle/internal/operations/DefaultBuildOperationRunner$BuildOperationExecution;)Ljava/lang/Object; (147 bytes) @ 0x000001fc3120cdb4 [0x000001fc3120c260+0x0000000000000b54]
J 6806 c1 org.gradle.internal.operations.DefaultBuildOperationRunner.execute(Lorg/gradle/internal/operations/BuildOperation;Lorg/gradle/internal/operations/BuildOperationWorker;Lorg/gradle/internal/operations/BuildOperationState;)V (23 bytes) @ 0x000001fc3118cc04 [0x000001fc3118c960+0x00000000000002a4]
j  org.gradle.internal.operations.DefaultBuildOperationRunner.run(Lorg/gradle/internal/operations/RunnableBuildOperation;)V+9
j  org.gradle.api.internal.plugins.DefaultPluginManager.lambda$doApply$0(Ljava/lang/Runnable;Lorg/gradle/api/internal/plugins/PluginImplementation;Ljava/lang/String;Ljava/lang/Class;Lorg/gradle/internal/code/UserCodeApplicationId;)V+20
j  org.gradle.api.internal.plugins.DefaultPluginManager$$Lambda$855+0x000001fc48690de0.execute(Ljava/lang/Object;)V+24
j  org.gradle.internal.code.DefaultUserCodeApplicationContext.apply(Lorg/gradle/internal/code/UserCodeSource;Lorg/gradle/api/Action;)V+37
j  org.gradle.api.internal.plugins.DefaultPluginManager.doApply(Lorg/gradle/api/internal/plugins/PluginImplementation;)V+144
j  org.gradle.api.internal.plugins.DefaultPluginManager.addImperativePlugin(Lorg/gradle/api/internal/plugins/PluginImplementation;)Lorg/gradle/api/Plugin;+2
j  org.gradle.api.internal.plugins.DefaultPluginManager.addImperativePlugin(Ljava/lang/Class;)Lorg/gradle/api/Plugin;+11
j  org.gradle.api.internal.plugins.DefaultPluginContainer.apply(Ljava/lang/Class;)Lorg/gradle/api/Plugin;+5
j  com.android.build.gradle.internal.plugins.BasePlugin.configureProject(Lorg/gradle/api/Project;)V+410
j  com.android.build.gradle.internal.plugins.AndroidPluginBaseServices$basePluginApply$2.call()V+8
j  com.android.builder.profile.ThreadRecorder.record(Lcom/google/wireless/android/sdk/stats/GradleBuildProfileSpan$ExecutionType;Lcom/google/wireless/android/sdk/stats/GradleTransformExecution;Ljava/lang/Long;Ljava/lang/Long;Ljava/lang/Long;Lcom/android/builder/profile/Recorder$VoidBlock;)Lcom/google/wireless/android/sdk/stats/GradleBuildProfileSpan;+12
j  com.android.builder.profile.ThreadRecorder.record(Lcom/google/wireless/android/sdk/stats/GradleBuildProfileSpan$ExecutionType;Ljava/lang/Long;Ljava/lang/Long;Ljava/lang/Long;Lcom/android/builder/profile/Recorder$VoidBlock;)Lcom/google/wireless/android/sdk/stats/GradleBuildProfileSpan;+9
j  com.android.build.gradle.internal.profile.AnalyticsResourceManager.recordBlockAtConfiguration(Lcom/google/wireless/android/sdk/stats/GradleBuildProfileSpan$ExecutionType;Ljava/lang/String;Ljava/lang/String;Lcom/android/builder/profile/Recorder$VoidBlock;)V+53
j  com.android.build.gradle.internal.profile.AnalyticsConfiguratorService.recordBlock(Lcom/google/wireless/android/sdk/stats/GradleBuildProfileSpan$ExecutionType;Ljava/lang/String;Ljava/lang/String;Lcom/android/builder/profile/Recorder$VoidBlock;)V+28
j  com.android.build.gradle.internal.plugins.AndroidPluginBaseServices.basePluginApply(Lorg/gradle/api/Project;)V+287
j  com.android.build.gradle.internal.plugins.BasePlugin$apply$1.run()V+8
j  com.android.build.gradle.internal.crash.CrashReporting.runAction(Ljava/lang/Runnable;)V+8
j  com.android.build.gradle.internal.plugins.BasePlugin.apply(Lorg/gradle/api/Project;)V+19
j  com.android.build.gradle.internal.plugins.BasePlugin.apply(Ljava/lang/Object;)V+5
j  org.gradle.api.internal.plugins.ImperativeOnlyPluginTarget.applyImperative(Ljava/lang/String;Lorg/gradle/api/Plugin;)V+13
j  org.gradle.api.internal.plugins.RuleBasedPluginTarget.applyImperative(Ljava/lang/String;Lorg/gradle/api/Plugin;)V+6
j  org.gradle.api.internal.plugins.DefaultPluginManager.addPlugin(Ljava/lang/Runnable;Lorg/gradle/api/internal/plugins/PluginImplementation;Ljava/lang/String;Ljava/lang/Class;)V+54
j  org.gradle.api.internal.plugins.DefaultPluginManager.access$100(Lorg/gradle/api/internal/plugins/DefaultPluginManager;Ljava/lang/Runnable;Lorg/gradle/api/internal/plugins/PluginImplementation;Ljava/lang/String;Ljava/lang/Class;)V+6
j  org.gradle.api.internal.plugins.DefaultPluginManager$AddPluginBuildOperation.run(Lorg/gradle/internal/operations/BuildOperationContext;)V+20
j  org.gradle.internal.operations.DefaultBuildOperationRunner$1.execute(Lorg/gradle/internal/operations/RunnableBuildOperation;Lorg/gradle/internal/operations/BuildOperationContext;)V+2
j  org.gradle.internal.operations.DefaultBuildOperationRunner$1.execute(Lorg/gradle/internal/operations/BuildOperation;Lorg/gradle/internal/operations/BuildOperationContext;)V+6
J 7415 c1 org.gradle.internal.operations.DefaultBuildOperationRunner$2.execute(Lorg/gradle/internal/operations/BuildOperationDescriptor;Lorg/gradle/internal/operations/BuildOperationState;Lorg/gradle/internal/operations/BuildOperationState;Lorg/gradle/internal/operations/DefaultBuildOperationRunner$ReadableBuildOperationContext;Lorg/gradle/internal/operations/DefaultBuildOperationRunner$BuildOperationExecutionListener;)Lorg/gradle/internal/operations/BuildOperation; (110 bytes) @ 0x000001fc312acb34 [0x000001fc312ac940+0x00000000000001f4]
J 7310 c1 org.gradle.internal.operations.DefaultBuildOperationRunner$2.execute(Lorg/gradle/internal/operations/BuildOperationDescriptor;Lorg/gradle/internal/operations/BuildOperationState;Lorg/gradle/internal/operations/BuildOperationState;Lorg/gradle/internal/operations/DefaultBuildOperationRunner$ReadableBuildOperationContext;Lorg/gradle/internal/operations/DefaultBuildOperationRunner$BuildOperationExecutionListener;)Ljava/lang/Object; (12 bytes) @ 0x000001fc3126d394 [0x000001fc3126d320+0x0000000000000074]
J 7073 c1 org.gradle.internal.operations.DefaultBuildOperationRunner.execute(Lorg/gradle/internal/operations/BuildOperationDescriptor$Builder;Lorg/gradle/internal/operations/BuildOperationState;Lorg/gradle/internal/operations/DefaultBuildOperationRunner$BuildOperationExecution;)Ljava/lang/Object; (147 bytes) @ 0x000001fc3120cdb4 [0x000001fc3120c260+0x0000000000000b54]
J 6806 c1 org.gradle.internal.operations.DefaultBuildOperationRunner.execute(Lorg/gradle/internal/operations/BuildOperation;Lorg/gradle/internal/operations/BuildOperationWorker;Lorg/gradle/internal/operations/BuildOperationState;)V (23 bytes) @ 0x000001fc3118cc04 [0x000001fc3118c960+0x00000000000002a4]
j  org.gradle.internal.operations.DefaultBuildOperationRunner.run(Lorg/gradle/internal/operations/RunnableBuildOperation;)V+9
j  org.gradle.api.internal.plugins.DefaultPluginManager.lambda$doApply$0(Ljava/lang/Runnable;Lorg/gradle/api/internal/plugins/PluginImplementation;Ljava/lang/String;Ljava/lang/Class;Lorg/gradle/internal/code/UserCodeApplicationId;)V+20
j  org.gradle.api.internal.plugins.DefaultPluginManager$$Lambda$855+0x000001fc48690de0.execute(Ljava/lang/Object;)V+24
j  org.gradle.internal.code.DefaultUserCodeApplicationContext.apply(Lorg/gradle/internal/code/UserCodeSource;Lorg/gradle/api/Action;)V+37
j  org.gradle.api.internal.plugins.DefaultPluginManager.doApply(Lorg/gradle/api/internal/plugins/PluginImplementation;)V+144
j  org.gradle.api.internal.plugins.DefaultPluginManager.apply(Ljava/lang/String;)V+52
j  org.gradle.api.internal.plugins.DefaultObjectConfigurationAction.applyType(Ljava/lang/String;)V+43
j  org.gradle.api.internal.plugins.DefaultObjectConfigurationAction.access$200(Lorg/gradle/api/internal/plugins/DefaultObjectConfigurationAction;Ljava/lang/String;)V+2
j  org.gradle.api.internal.plugins.DefaultObjectConfigurationAction$3.run()V+8
j  org.gradle.api.internal.plugins.DefaultObjectConfigurationAction.execute()V+58
j  org.gradle.api.internal.project.AbstractPluginAware.apply(Ljava/util/Map;)V+12
j  com.android.build.gradle.AppPlugin.apply(Lorg/gradle/api/Project;)V+15
j  com.android.build.gradle.AppPlugin.apply(Ljava/lang/Object;)V+5
j  org.gradle.api.internal.plugins.ImperativeOnlyPluginTarget.applyImperative(Ljava/lang/String;Lorg/gradle/api/Plugin;)V+13
j  org.gradle.api.internal.plugins.RuleBasedPluginTarget.applyImperative(Ljava/lang/String;Lorg/gradle/api/Plugin;)V+6
j  org.gradle.api.internal.plugins.DefaultPluginManager.addPlugin(Ljava/lang/Runnable;Lorg/gradle/api/internal/plugins/PluginImplementation;Ljava/lang/String;Ljava/lang/Class;)V+54
j  org.gradle.api.internal.plugins.DefaultPluginManager.access$100(Lorg/gradle/api/internal/plugins/DefaultPluginManager;Ljava/lang/Runnable;Lorg/gradle/api/internal/plugins/PluginImplementation;Ljava/lang/String;Ljava/lang/Class;)V+6
j  org.gradle.api.internal.plugins.DefaultPluginManager$AddPluginBuildOperation.run(Lorg/gradle/internal/operations/BuildOperationContext;)V+20
j  org.gradle.internal.operations.DefaultBuildOperationRunner$1.execute(Lorg/gradle/internal/operations/RunnableBuildOperation;Lorg/gradle/internal/operations/BuildOperationContext;)V+2
j  org.gradle.internal.operations.DefaultBuildOperationRunner$1.execute(Lorg/gradle/internal/operations/BuildOperation;Lorg/gradle/internal/operations/BuildOperationContext;)V+6
J 7415 c1 org.gradle.internal.operations.DefaultBuildOperationRunner$2.execute(Lorg/gradle/internal/operations/BuildOperationDescriptor;Lorg/gradle/internal/operations/BuildOperationState;Lorg/gradle/internal/operations/BuildOperationState;Lorg/gradle/internal/operations/DefaultBuildOperationRunner$ReadableBuildOperationContext;Lorg/gradle/internal/operations/DefaultBuildOperationRunner$BuildOperationExecutionListener;)Lorg/gradle/internal/operations/BuildOperation; (110 bytes) @ 0x000001fc312acb34 [0x000001fc312ac940+0x00000000000001f4]
J 7310 c1 org.gradle.internal.operations.DefaultBuildOperationRunner$2.execute(Lorg/gradle/internal/operations/BuildOperationDescriptor;Lorg/gradle/internal/operations/BuildOperationState;Lorg/gradle/internal/operations/BuildOperationState;Lorg/gradle/internal/operations/DefaultBuildOperationRunner$ReadableBuildOperationContext;Lorg/gradle/internal/operations/DefaultBuildOperationRunner$BuildOperationExecutionListener;)Ljava/lang/Object; (12 bytes) @ 0x000001fc3126d394 [0x000001fc3126d320+0x0000000000000074]
J 7073 c1 org.gradle.internal.operations.DefaultBuildOperationRunner.execute(Lorg/gradle/internal/operations/BuildOperationDescriptor$Builder;Lorg/gradle/internal/operations/BuildOperationState;Lorg/gradle/internal/operations/DefaultBuildOperationRunner$BuildOperationExecution;)Ljava/lang/Object; (147 bytes) @ 0x000001fc3120cdb4 [0x000001fc3120c260+0x0000000000000b54]
J 6806 c1 org.gradle.internal.operations.DefaultBuildOperationRunner.execute(Lorg/gradle/internal/operations/BuildOperation;Lorg/gradle/internal/operations/BuildOperationWorker;Lorg/gradle/internal/operations/BuildOperationState;)V (23 bytes) @ 0x000001fc3118cc04 [0x000001fc3118c960+0x00000000000002a4]
j  org.gradle.internal.operations.DefaultBuildOperationRunner.run(Lorg/gradle/internal/operations/RunnableBuildOperation;)V+9
j  org.gradle.api.internal.plugins.DefaultPluginManager.lambda$doApply$0(Ljava/lang/Runnable;Lorg/gradle/api/internal/plugins/PluginImplementation;Ljava/lang/String;Ljava/lang/Class;Lorg/gradle/internal/code/UserCodeApplicationId;)V+20
j  org.gradle.api.internal.plugins.DefaultPluginManager$$Lambda$855+0x000001fc48690de0.execute(Ljava/lang/Object;)V+24
j  org.gradle.internal.code.DefaultUserCodeApplicationContext.apply(Lorg/gradle/internal/code/UserCodeSource;Lorg/gradle/api/Action;)V+37
j  org.gradle.api.internal.plugins.DefaultPluginManager.doApply(Lorg/gradle/api/internal/plugins/PluginImplementation;)V+144
j  org.gradle.api.internal.plugins.DefaultPluginManager.apply(Ljava/lang/String;)V+52
j  org.gradle.plugin.use.resolve.internal.ArtifactRepositoriesPluginResolver$ExternalPluginResolution.applyTo(Lorg/gradle/api/internal/plugins/PluginManagerInternal;)V+55
j  org.gradle.plugin.use.internal.DefaultPluginRequestApplicator$ApplyAction.apply(Lorg/gradle/api/internal/plugins/PluginManagerInternal;)V+21
j  org.gradle.plugin.use.internal.DefaultPluginRequestApplicator.lambda$applyPlugins$1(Lorg/gradle/api/internal/plugins/PluginManagerInternal;Lorg/gradle/plugin/use/internal/DefaultPluginRequestApplicator$ApplyAction;)V+2
j  org.gradle.plugin.use.internal.DefaultPluginRequestApplicator$$Lambda$1051+0x000001fc4873bd58.accept(Ljava/lang/Object;)V+8
j  java.util.ArrayList.forEach(Ljava/util/function/Consumer;)V+46 java.base@17.0.11
j  org.gradle.plugin.use.internal.DefaultPluginRequestApplicator.applyPlugins(Lorg/gradle/plugin/management/internal/PluginRequests;Lorg/gradle/api/internal/initialization/ScriptHandlerInternal;Lorg/gradle/api/internal/plugins/PluginManagerInternal;Lorg/gradle/api/internal/initialization/ClassLoaderScope;)V+375
j  org.gradle.kotlin.dsl.provider.PluginRequestsHandler.handle(Lorg/gradle/plugin/management/internal/PluginRequests;Lorg/gradle/api/internal/initialization/ScriptHandlerInternal;Lorg/gradle/api/internal/plugins/PluginAwareInternal;Lorg/gradle/api/internal/initialization/ClassLoaderScope;)V+66
j  org.gradle.kotlin.dsl.provider.StandardKotlinScriptEvaluator$InterpreterHost.applyPluginsTo(Lorg/gradle/kotlin/dsl/support/KotlinScriptHost;Lorg/gradle/plugin/management/internal/PluginRequests;)V+52
j  org.gradle.kotlin.dsl.execution.Interpreter$ProgramHost.applyPluginsTo(Lorg/gradle/kotlin/dsl/support/KotlinScriptHost;Lorg/gradle/plugin/management/internal/PluginRequests;)V+21
j  Program.execute(Lorg/gradle/kotlin/dsl/execution/ExecutableProgram$Host;Lorg/gradle/kotlin/dsl/support/KotlinScriptHost;)V+38
j  org.gradle.kotlin.dsl.execution.Interpreter$ProgramHost.eval(Lorg/gradle/kotlin/dsl/execution/CompiledScript;Lorg/gradle/kotlin/dsl/support/KotlinScriptHost;)V+88
j  org.gradle.kotlin.dsl.execution.Interpreter.eval(Ljava/lang/Object;Lorg/gradle/groovy/scripts/ScriptSource;Lorg/gradle/internal/hash/HashCode;Lorg/gradle/api/initialization/dsl/ScriptHandler;Lorg/gradle/api/internal/initialization/ClassLoaderScope;Lorg/gradle/api/internal/initialization/ClassLoaderScope;ZLjava/util/EnumSet;)V+213
j  org.gradle.kotlin.dsl.provider.StandardKotlinScriptEvaluator.evaluate(Ljava/lang/Object;Lorg/gradle/groovy/scripts/ScriptSource;Lorg/gradle/api/initialization/dsl/ScriptHandler;Lorg/gradle/api/internal/initialization/ClassLoaderScope;Lorg/gradle/api/internal/initialization/ClassLoaderScope;ZLjava/util/EnumSet;)V+163
j  org.gradle.kotlin.dsl.provider.KotlinScriptPluginFactory$create$1.invoke(Ljava/lang/Object;)V+41
j  org.gradle.kotlin.dsl.provider.KotlinScriptPluginFactory$create$1.invoke(Ljava/lang/Object;)Ljava/lang/Object;+2
j  org.gradle.kotlin.dsl.provider.KotlinScriptPlugin.apply(Ljava/lang/Object;)V+22
j  org.gradle.configuration.BuildOperationScriptPlugin$1.run(Lorg/gradle/internal/operations/BuildOperationContext;)V+11
j  org.gradle.internal.operations.DefaultBuildOperationRunner$1.execute(Lorg/gradle/internal/operations/RunnableBuildOperation;Lorg/gradle/internal/operations/BuildOperationContext;)V+2
j  org.gradle.internal.operations.DefaultBuildOperationRunner$1.execute(Lorg/gradle/internal/operations/BuildOperation;Lorg/gradle/internal/operations/BuildOperationContext;)V+6
j  org.gradle.internal.operations.DefaultBuildOperationRunner$2.execute(Lorg/gradle/internal/operations/BuildOperationDescriptor;Lorg/gradle/internal/operations/BuildOperationState;Lorg/gradle/internal/operations/BuildOperationState;Lorg/gradle/internal/operations/DefaultBuildOperationRunner$ReadableBuildOperationContext;Lorg/gradle/internal/operations/DefaultBuildOperationRunner$BuildOperationExecutionListener;)Lorg/gradle/internal/operations/BuildOperation;+22
j  org.gradle.internal.operations.DefaultBuildOperationRunner$2.execute(Lorg/gradle/internal/operations/BuildOperationDescriptor;Lorg/gradle/internal/operations/BuildOperationState;Lorg/gradle/internal/operations/BuildOperationState;Lorg/gradle/internal/operations/DefaultBuildOperationRunner$ReadableBuildOperationContext;Lorg/gradle/internal/operations/DefaultBuildOperationRunner$BuildOperationExecutionListener;)Ljava/lang/Object;+8
j  org.gradle.internal.operations.DefaultBuildOperationRunner.execute(Lorg/gradle/internal/operations/BuildOperationDescriptor$Builder;Lorg/gradle/internal/operations/BuildOperationState;Lorg/gradle/internal/operations/DefaultBuildOperationRunner$BuildOperationExecution;)Ljava/lang/Object;+141
j  org.gradle.internal.operations.DefaultBuildOperationRunner.execute(Lorg/gradle/internal/operations/BuildOperation;Lorg/gradle/internal/operations/BuildOperationWorker;Lorg/gradle/internal/operations/BuildOperationState;)V+18
j  org.gradle.internal.operations.DefaultBuildOperationRunner.run(Lorg/gradle/internal/operations/RunnableBuildOperation;)V+9
j  org.gradle.configuration.BuildOperationScriptPlugin.lambda$apply$0(Ljava/lang/Object;Lorg/gradle/internal/code/UserCodeApplicationId;)V+14
j  org.gradle.configuration.BuildOperationScriptPlugin$$Lambda$511+0x000001fc48495540.execute(Ljava/lang/Object;)V+12
j  org.gradle.internal.code.DefaultUserCodeApplicationContext.apply(Lorg/gradle/internal/code/UserCodeSource;Lorg/gradle/api/Action;)V+37
j  org.gradle.configuration.BuildOperationScriptPlugin.apply(Ljava/lang/Object;)V+71
j  org.gradle.configuration.project.BuildScriptProcessor$$Lambda$870+0x000001fc486ad400.accept(Ljava/lang/Object;)V+8
j  org.gradle.api.internal.project.DefaultProjectStateRegistry$ProjectStateImpl.lambda$applyToMutableState$1(Ljava/util/function/Consumer;Lorg/gradle/api/internal/project/ProjectInternal;)Ljava/lang/Object;+2
j  org.gradle.api.internal.project.DefaultProjectStateRegistry$ProjectStateImpl$$Lambda$843+0x000001fc486658d8.apply(Ljava/lang/Object;)Ljava/lang/Object;+8
j  org.gradle.api.internal.project.DefaultProjectStateRegistry$ProjectStateImpl.fromMutableState(Ljava/util/function/Function;)Ljava/lang/Object;+97
j  org.gradle.api.internal.project.DefaultProjectStateRegistry$ProjectStateImpl.applyToMutableState(Ljava/util/function/Consumer;)V+7
j  org.gradle.configuration.project.BuildScriptProcessor.execute(Lorg/gradle/api/internal/project/ProjectInternal;)V+88
j  org.gradle.configuration.project.BuildScriptProcessor.execute(Ljava/lang/Object;)V+5
j  org.gradle.configuration.project.ConfigureActionsProjectEvaluator.evaluate(Lorg/gradle/api/internal/project/ProjectInternal;Lorg/gradle/api/internal/project/ProjectStateInternal;)V+33
j  org.gradle.configuration.project.LifecycleProjectEvaluator$EvaluateProject.lambda$run$0(Lorg/gradle/internal/operations/BuildOperationContext;Lorg/gradle/api/internal/project/ProjectInternal;)V+67
j  org.gradle.configuration.project.LifecycleProjectEvaluator$EvaluateProject$$Lambda$842+0x000001fc486656a8.accept(Ljava/lang/Object;)V+12
j  org.gradle.api.internal.project.DefaultProjectStateRegistry$ProjectStateImpl.lambda$applyToMutableState$1(Ljava/util/function/Consumer;Lorg/gradle/api/internal/project/ProjectInternal;)Ljava/lang/Object;+2
j  org.gradle.api.internal.project.DefaultProjectStateRegistry$ProjectStateImpl$$Lambda$843+0x000001fc486658d8.apply(Ljava/lang/Object;)Ljava/lang/Object;+8
j  org.gradle.api.internal.project.DefaultProjectStateRegistry$ProjectStateImpl.lambda$fromMutableState$2(Ljava/util/function/Function;)Ljava/lang/Object;+5
j  org.gradle.api.internal.project.DefaultProjectStateRegistry$ProjectStateImpl$$Lambda$844+0x000001fc48665b18.create()Ljava/lang/Object;+8
j  org.gradle.internal.work.DefaultWorkerLeaseService.withReplacedLocks(Ljava/util/Collection;Lorg/gradle/internal/resources/ResourceLock;Lorg/gradle/internal/Factory;)Ljava/lang/Object;+40
j  org.gradle.api.internal.project.DefaultProjectStateRegistry$ProjectStateImpl.fromMutableState(Ljava/util/function/Function;)Ljava/lang/Object;+132
j  org.gradle.api.internal.project.DefaultProjectStateRegistry$ProjectStateImpl.applyToMutableState(Ljava/util/function/Consumer;)V+7
j  org.gradle.configuration.project.LifecycleProjectEvaluator$EvaluateProject.run(Lorg/gradle/internal/operations/BuildOperationContext;)V+16
j  org.gradle.internal.operations.DefaultBuildOperationRunner$1.execute(Lorg/gradle/internal/operations/RunnableBuildOperation;Lorg/gradle/internal/operations/BuildOperationContext;)V+2
j  org.gradle.internal.operations.DefaultBuildOperationRunner$1.execute(Lorg/gradle/internal/operations/BuildOperation;Lorg/gradle/internal/operations/BuildOperationContext;)V+6
j  org.gradle.internal.operations.DefaultBuildOperationRunner$2.execute(Lorg/gradle/internal/operations/BuildOperationDescriptor;Lorg/gradle/internal/operations/BuildOperationState;Lorg/gradle/internal/operations/BuildOperationState;Lorg/gradle/internal/operations/DefaultBuildOperationRunner$ReadableBuildOperationContext;Lorg/gradle/internal/operations/DefaultBuildOperationRunner$BuildOperationExecutionListener;)Lorg/gradle/internal/operations/BuildOperation;+22
j  org.gradle.internal.operations.DefaultBuildOperationRunner$2.execute(Lorg/gradle/internal/operations/BuildOperationDescriptor;Lorg/gradle/internal/operations/BuildOperationState;Lorg/gradle/internal/operations/BuildOperationState;Lorg/gradle/internal/operations/DefaultBuildOperationRunner$ReadableBuildOperationContext;Lorg/gradle/internal/operations/DefaultBuildOperationRunner$BuildOperationExecutionListener;)Ljava/lang/Object;+8
j  org.gradle.internal.operations.DefaultBuildOperationRunner.execute(Lorg/gradle/internal/operations/BuildOperationDescriptor$Builder;Lorg/gradle/internal/operations/BuildOperationState;Lorg/gradle/internal/operations/DefaultBuildOperationRunner$BuildOperationExecution;)Ljava/lang/Object;+141
j  org.gradle.internal.operations.DefaultBuildOperationRunner.execute(Lorg/gradle/internal/operations/BuildOperation;Lorg/gradle/internal/operations/BuildOperationWorker;Lorg/gradle/internal/operations/BuildOperationState;)V+18
j  org.gradle.internal.operations.DefaultBuildOperationRunner.run(Lorg/gradle/internal/operations/RunnableBuildOperation;)V+9
j  org.gradle.configuration.project.LifecycleProjectEvaluator.evaluate(Lorg/gradle/api/internal/project/ProjectInternal;Lorg/gradle/api/internal/project/ProjectStateInternal;)V+42
j  org.gradle.api.internal.project.DefaultProject.evaluate()Lorg/gradle/api/internal/project/DefaultProject;+9
j  org.gradle.api.internal.project.DefaultProject.evaluate()Lorg/gradle/api/Project;+1
j  org.gradle.api.internal.project.ProjectLifecycleController.lambda$ensureSelfConfigured$2()V+4
j  org.gradle.api.internal.project.ProjectLifecycleController$$Lambda$840+0x000001fc48663ef0.run()V+4
j  org.gradle.internal.model.StateTransitionController.lambda$doTransition$14(Ljava/lang/Runnable;)Lorg/gradle/internal/build/ExecutionResult;+1
j  org.gradle.internal.model.StateTransitionController$$Lambda$308+0x000001fc48331ab0.get()Ljava/lang/Object;+4
j  org.gradle.internal.model.StateTransitionController.doTransition(Lorg/gradle/internal/model/StateTransitionController$State;Lorg/gradle/internal/model/StateTransitionController$State;Ljava/util/function/Supplier;)Lorg/gradle/internal/build/ExecutionResult;+24
j  org.gradle.internal.model.StateTransitionController.doTransition(Lorg/gradle/internal/model/StateTransitionController$State;Lorg/gradle/internal/model/StateTransitionController$State;Ljava/lang/Runnable;)V+9
j  org.gradle.internal.model.StateTransitionController.lambda$maybeTransitionIfNotCurrentlyTransitioning$10(Lorg/gradle/internal/model/StateTransitionController$State;Lorg/gradle/internal/model/StateTransitionController$State;Ljava/lang/Runnable;)V+16
j  org.gradle.internal.model.StateTransitionController$$Lambda$841+0x000001fc48664110.run()V+16
j  org.gradle.internal.work.DefaultSynchronizer.withLock(Ljava/lang/Runnable;)V+6
j  org.gradle.internal.model.StateTransitionController.maybeTransitionIfNotCurrentlyTransitioning(Lorg/gradle/internal/model/StateTransitionController$State;Lorg/gradle/internal/model/StateTransitionController$State;Ljava/lang/Runnable;)V+13
j  org.gradle.api.internal.project.ProjectLifecycleController.ensureSelfConfigured()V+16
j  org.gradle.api.internal.project.DefaultProjectStateRegistry$ProjectStateImpl.ensureConfigured()V+19
j  org.gradle.execution.TaskPathProjectEvaluator.configure(Lorg/gradle/api/internal/project/ProjectInternal;)V+6
j  org.gradle.execution.TaskPathProjectEvaluator.configureHierarchy(Lorg/gradle/api/internal/project/ProjectInternal;)V+41
j  org.gradle.configuration.DefaultProjectsPreparer.prepareProjects(Lorg/gradle/api/internal/GradleInternal;)V+29
j  org.gradle.configuration.BuildTreePreparingProjectsPreparer.prepareProjects(Lorg/gradle/api/internal/GradleInternal;)V+114
j  org.gradle.configuration.BuildOperationFiringProjectsPreparer$ConfigureBuild.run(Lorg/gradle/internal/operations/BuildOperationContext;)V+11
j  org.gradle.internal.operations.DefaultBuildOperationRunner$1.execute(Lorg/gradle/internal/operations/RunnableBuildOperation;Lorg/gradle/internal/operations/BuildOperationContext;)V+2
j  org.gradle.internal.operations.DefaultBuildOperationRunner$1.execute(Lorg/gradle/internal/operations/BuildOperation;Lorg/gradle/internal/operations/BuildOperationContext;)V+6
j  org.gradle.internal.operations.DefaultBuildOperationRunner$2.execute(Lorg/gradle/internal/operations/BuildOperationDescriptor;Lorg/gradle/internal/operations/BuildOperationState;Lorg/gradle/internal/operations/BuildOperationState;Lorg/gradle/internal/operations/DefaultBuildOperationRunner$ReadableBuildOperationContext;Lorg/gradle/internal/operations/DefaultBuildOperationRunner$BuildOperationExecutionListener;)Lorg/gradle/internal/operations/BuildOperation;+22
j  org.gradle.internal.operations.DefaultBuildOperationRunner$2.execute(Lorg/gradle/internal/operations/BuildOperationDescriptor;Lorg/gradle/internal/operations/BuildOperationState;Lorg/gradle/internal/operations/BuildOperationState;Lorg/gradle/internal/operations/DefaultBuildOperationRunner$ReadableBuildOperationContext;Lorg/gradle/internal/operations/DefaultBuildOperationRunner$BuildOperationExecutionListener;)Ljava/lang/Object;+8
j  org.gradle.internal.operations.DefaultBuildOperationRunner.execute(Lorg/gradle/internal/operations/BuildOperationDescriptor$Builder;Lorg/gradle/internal/operations/BuildOperationState;Lorg/gradle/internal/operations/DefaultBuildOperationRunner$BuildOperationExecution;)Ljava/lang/Object;+141
j  org.gradle.internal.operations.DefaultBuildOperationRunner.execute(Lorg/gradle/internal/operations/BuildOperation;Lorg/gradle/internal/operations/BuildOperationWorker;Lorg/gradle/internal/operations/BuildOperationState;)V+18
j  org.gradle.internal.operations.DefaultBuildOperationRunner.run(Lorg/gradle/internal/operations/RunnableBuildOperation;)V+9
j  org.gradle.configuration.BuildOperationFiringProjectsPreparer.prepareProjects(Lorg/gradle/api/internal/GradleInternal;)V+13
j  org.gradle.initialization.VintageBuildModelController.lambda$prepareProjects$2()V+8
j  org.gradle.initialization.VintageBuildModelController$$Lambda$737+0x000001fc485da3a8.run()V+4
j  org.gradle.internal.model.StateTransitionController.lambda$doTransition$14(Ljava/lang/Runnable;)Lorg/gradle/internal/build/ExecutionResult;+1
j  org.gradle.internal.model.StateTransitionController$$Lambda$308+0x000001fc48331ab0.get()Ljava/lang/Object;+4
j  org.gradle.internal.model.StateTransitionController.doTransition(Lorg/gradle/internal/model/StateTransitionController$State;Lorg/gradle/internal/model/StateTransitionController$State;Ljava/util/function/Supplier;)Lorg/gradle/internal/build/ExecutionResult;+24
j  org.gradle.internal.model.StateTransitionController.doTransition(Lorg/gradle/internal/model/StateTransitionController$State;Lorg/gradle/internal/model/StateTransitionController$State;Ljava/lang/Runnable;)V+9
j  org.gradle.internal.model.StateTransitionController.lambda$transitionIfNotPreviously$11(Lorg/gradle/internal/model/StateTransitionController$State;Lorg/gradle/internal/model/StateTransitionController$State;Ljava/lang/Runnable;)V+16
j  org.gradle.internal.model.StateTransitionController$$Lambda$307+0x000001fc48331890.run()V+16
j  org.gradle.internal.work.DefaultSynchronizer.withLock(Ljava/lang/Runnable;)V+6
j  org.gradle.internal.model.StateTransitionController.transitionIfNotPreviously(Lorg/gradle/internal/model/StateTransitionController$State;Lorg/gradle/internal/model/StateTransitionController$State;Ljava/lang/Runnable;)V+13
j  org.gradle.initialization.VintageBuildModelController.prepareProjects()V+16
j  org.gradle.initialization.VintageBuildModelController.getConfiguredModel()Lorg/gradle/api/internal/GradleInternal;+5
j  org.gradle.internal.build.DefaultBuildLifecycleController.lambda$withProjectsConfigured$1(Ljava/util/function/Function;)Ljava/lang/Object;+5
j  org.gradle.internal.build.DefaultBuildLifecycleController$$Lambda$304+0x000001fc48331230.get()Ljava/lang/Object;+8
j  org.gradle.internal.model.StateTransitionController.lambda$notInState$3(Lorg/gradle/internal/model/StateTransitionController$State;Ljava/util/function/Supplier;)Ljava/lang/Object;+11
j  org.gradle.internal.model.StateTransitionController$$Lambda$305+0x000001fc48331450.create()Ljava/lang/Object;+12
j  org.gradle.internal.work.DefaultSynchronizer.withLock(Lorg/gradle/internal/Factory;)Ljava/lang/Object;+6
j  org.gradle.internal.model.StateTransitionController.notInState(Lorg/gradle/internal/model/StateTransitionController$State;Ljava/util/function/Supplier;)Ljava/lang/Object;+12
j  org.gradle.internal.build.DefaultBuildLifecycleController.withProjectsConfigured(Ljava/util/function/Function;)Ljava/lang/Object;+14
j  org.gradle.internal.build.DefaultBuildToolingModelController.locateBuilderForTarget(Ljava/lang/String;Z)Lorg/gradle/tooling/provider/model/internal/ToolingModelScope;+38
j  org.gradle.internal.buildtree.DefaultBuildTreeModelCreator$DefaultBuildTreeModelController.lambda$locateBuilderForTarget$0(Ljava/lang/String;ZLorg/gradle/internal/build/BuildToolingModelController;)Lorg/gradle/tooling/provider/model/internal/ToolingModelScope;+3
j  org.gradle.internal.buildtree.DefaultBuildTreeModelCreator$DefaultBuildTreeModelController$$Lambda$301+0x000001fc48323810.apply(Ljava/lang/Object;)Ljava/lang/Object;+12
j  org.gradle.internal.build.DefaultBuildLifecycleController.withToolingModels(Ljava/util/function/Function;)Ljava/lang/Object;+15
j  org.gradle.internal.build.AbstractBuildState.withToolingModels(Ljava/util/function/Function;)Ljava/lang/Object;+5
j  org.gradle.internal.buildtree.DefaultBuildTreeModelCreator$DefaultBuildTreeModelController.locateBuilderForTarget(Lorg/gradle/internal/build/BuildState;Ljava/lang/String;Z)Lorg/gradle/tooling/provider/model/internal/ToolingModelScope;+8
j  org.gradle.internal.buildtree.DefaultBuildTreeModelCreator$DefaultBuildTreeModelController.locateBuilderForDefaultTarget(Ljava/lang/String;Z)Lorg/gradle/tooling/provider/model/internal/ToolingModelScope;+10
j  org.gradle.tooling.internal.provider.runner.BuildModelActionRunner$ModelCreateAction.fromBuildModel(Lorg/gradle/internal/buildtree/BuildTreeModelController;)Ljava/lang/Object;+11
j  org.gradle.internal.buildtree.DefaultBuildTreeModelCreator.fromBuildModel(Lorg/gradle/internal/buildtree/BuildTreeModelAction;)Ljava/lang/Object;+10
j  org.gradle.internal.buildtree.DefaultBuildTreeLifecycleController.lambda$fromBuildModel$2(Lorg/gradle/internal/buildtree/BuildTreeModelAction;Z)Lorg/gradle/internal/build/ExecutionResult;+57
j  org.gradle.internal.buildtree.DefaultBuildTreeLifecycleController$$Lambda$297+0x000001fc48322928.get()Ljava/lang/Object;+12
j  org.gradle.internal.buildtree.DefaultBuildTreeLifecycleController.lambda$runBuild$4(Ljava/util/function/Supplier;)Ljava/lang/Object;+1
j  org.gradle.internal.buildtree.DefaultBuildTreeLifecycleController$$Lambda$298+0x000001fc48322b48.get()Ljava/lang/Object;+8
j  org.gradle.internal.model.StateTransitionController.lambda$transition$6(Ljava/util/function/Supplier;)Lorg/gradle/internal/build/ExecutionResult;+1
j  org.gradle.internal.model.StateTransitionController$$Lambda$300+0x000001fc48322f88.get()Ljava/lang/Object;+4
j  org.gradle.internal.model.StateTransitionController.doTransition(Lorg/gradle/internal/model/StateTransitionController$State;Lorg/gradle/internal/model/StateTransitionController$State;Ljava/util/function/Supplier;)Lorg/gradle/internal/build/ExecutionResult;+24
j  org.gradle.internal.model.StateTransitionController.lambda$transition$7(Lorg/gradle/internal/model/StateTransitionController$State;Lorg/gradle/internal/model/StateTransitionController$State;Ljava/util/function/Supplier;)Ljava/lang/Object;+9
j  org.gradle.internal.model.StateTransitionController$$Lambda$299+0x000001fc48322d68.create()Ljava/lang/Object;+16
j  org.gradle.internal.work.DefaultSynchronizer.withLock(Lorg/gradle/internal/Factory;)Ljava/lang/Object;+6
j  org.gradle.internal.model.StateTransitionController.transition(Lorg/gradle/internal/model/StateTransitionController$State;Lorg/gradle/internal/model/StateTransitionController$State;Ljava/util/function/Supplier;)Ljava/lang/Object;+13
j  org.gradle.internal.buildtree.DefaultBuildTreeLifecycleController.runBuild(Ljava/util/function/Supplier;)Ljava/lang/Object;+17
j  org.gradle.internal.buildtree.DefaultBuildTreeLifecycleController.fromBuildModel(ZLorg/gradle/internal/buildtree/BuildTreeModelAction;)Ljava/lang/Object;+9
j  org.gradle.tooling.internal.provider.runner.BuildModelActionRunner.run(Lorg/gradle/internal/invocation/BuildAction;Lorg/gradle/internal/buildtree/BuildTreeLifecycleController;)Lorg/gradle/internal/buildtree/BuildActionRunner$Result;+40
j  org.gradle.launcher.exec.ChainingBuildActionRunner.run(Lorg/gradle/internal/invocation/BuildAction;Lorg/gradle/internal/buildtree/BuildTreeLifecycleController;)Lorg/gradle/internal/buildtree/BuildActionRunner$Result;+34
j  org.gradle.internal.buildtree.ProblemReportingBuildActionRunner.run(Lorg/gradle/internal/invocation/BuildAction;Lorg/gradle/internal/buildtree/BuildTreeLifecycleController;)Lorg/gradle/internal/buildtree/BuildActionRunner$Result;+12
j  org.gradle.launcher.exec.BuildOutcomeReportingBuildActionRunner.run(Lorg/gradle/internal/invocation/BuildAction;Lorg/gradle/internal/buildtree/BuildTreeLifecycleController;)Lorg/gradle/internal/buildtree/BuildActionRunner$Result;+69
j  org.gradle.tooling.internal.provider.FileSystemWatchingBuildActionRunner.run(Lorg/gradle/internal/invocation/BuildAction;Lorg/gradle/internal/buildtree/BuildTreeLifecycleController;)Lorg/gradle/internal/buildtree/BuildActionRunner$Result;+335
j  org.gradle.launcher.exec.BuildCompletionNotifyingBuildActionRunner.run(Lorg/gradle/internal/invocation/BuildAction;Lorg/gradle/internal/buildtree/BuildTreeLifecycleController;)Lorg/gradle/internal/buildtree/BuildActionRunner$Result;+6
j  org.gradle.launcher.exec.RootBuildLifecycleBuildActionExecutor.lambda$execute$0(Lorg/gradle/internal/invocation/BuildAction;Lorg/gradle/internal/buildtree/BuildTreeLifecycleController;)Lorg/gradle/internal/buildtree/BuildActionRunner$Result;+6
j  org.gradle.launcher.exec.RootBuildLifecycleBuildActionExecutor$$Lambda$268+0x000001fc48310000.apply(Ljava/lang/Object;)Ljava/lang/Object;+12
j  org.gradle.composite.internal.DefaultRootBuildState.run(Ljava/util/function/Function;)Ljava/lang/Object;+87
j  org.gradle.launcher.exec.RootBuildLifecycleBuildActionExecutor.execute(Lorg/gradle/internal/invocation/BuildAction;Lorg/gradle/internal/buildtree/BuildTreeContext;)Lorg/gradle/internal/buildtree/BuildActionRunner$Result;+28
j  org.gradle.internal.buildtree.InitDeprecationLoggingActionExecutor.execute(Lorg/gradle/internal/invocation/BuildAction;Lorg/gradle/internal/buildtree/BuildTreeContext;)Lorg/gradle/internal/buildtree/BuildActionRunner$Result;+83
j  org.gradle.internal.buildtree.InitProblems.execute(Lorg/gradle/internal/invocation/BuildAction;Lorg/gradle/internal/buildtree/BuildTreeContext;)Lorg/gradle/internal/buildtree/BuildActionRunner$Result;+13
j  org.gradle.internal.buildtree.DefaultBuildTreeContext.execute(Lorg/gradle/internal/invocation/BuildAction;)Lorg/gradle/internal/buildtree/BuildActionRunner$Result;+64
j  org.gradle.launcher.exec.BuildTreeLifecycleBuildActionExecutor.lambda$execute$0(Lorg/gradle/internal/invocation/BuildAction;Lorg/gradle/internal/buildtree/BuildTreeContext;)Lorg/gradle/internal/buildtree/BuildActionRunner$Result;+2
j  org.gradle.launcher.exec.BuildTreeLifecycleBuildActionExecutor$$Lambda$209+0x000001fc4826a0f8.apply(Ljava/lang/Object;)Ljava/lang/Object;+8
j  org.gradle.internal.buildtree.BuildTreeState.run(Ljava/util/function/Function;)Ljava/lang/Object;+45
j  org.gradle.launcher.exec.BuildTreeLifecycleBuildActionExecutor.execute(Lorg/gradle/internal/invocation/BuildAction;Lorg/gradle/internal/session/BuildSessionContext;)Lorg/gradle/internal/buildtree/BuildActionRunner$Result;+74
j  org.gradle.launcher.exec.RunAsBuildOperationBuildActionExecutor$3.call(Lorg/gradle/internal/operations/BuildOperationContext;)Lorg/gradle/internal/buildtree/BuildActionRunner$Result;+25
j  org.gradle.launcher.exec.RunAsBuildOperationBuildActionExecutor$3.call(Lorg/gradle/internal/operations/BuildOperationContext;)Ljava/lang/Object;+2
j  org.gradle.internal.operations.DefaultBuildOperationRunner$CallableBuildOperationWorker.execute(Lorg/gradle/internal/operations/CallableBuildOperation;Lorg/gradle/internal/operations/BuildOperationContext;)V+3
j  org.gradle.internal.operations.DefaultBuildOperationRunner$CallableBuildOperationWorker.execute(Lorg/gradle/internal/operations/BuildOperation;Lorg/gradle/internal/operations/BuildOperationContext;)V+6
j  org.gradle.internal.operations.DefaultBuildOperationRunner$2.execute(Lorg/gradle/internal/operations/BuildOperationDescriptor;Lorg/gradle/internal/operations/BuildOperationState;Lorg/gradle/internal/operations/BuildOperationState;Lorg/gradle/internal/operations/DefaultBuildOperationRunner$ReadableBuildOperationContext;Lorg/gradle/internal/operations/DefaultBuildOperationRunner$BuildOperationExecutionListener;)Lorg/gradle/internal/operations/BuildOperation;+22
j  org.gradle.internal.operations.DefaultBuildOperationRunner$2.execute(Lorg/gradle/internal/operations/BuildOperationDescriptor;Lorg/gradle/internal/operations/BuildOperationState;Lorg/gradle/internal/operations/BuildOperationState;Lorg/gradle/internal/operations/DefaultBuildOperationRunner$ReadableBuildOperationContext;Lorg/gradle/internal/operations/DefaultBuildOperationRunner$BuildOperationExecutionListener;)Ljava/lang/Object;+8
j  org.gradle.internal.operations.DefaultBuildOperationRunner.execute(Lorg/gradle/internal/operations/BuildOperationDescriptor$Builder;Lorg/gradle/internal/operations/BuildOperationState;Lorg/gradle/internal/operations/DefaultBuildOperationRunner$BuildOperationExecution;)Ljava/lang/Object;+141
j  org.gradle.internal.operations.DefaultBuildOperationRunner.execute(Lorg/gradle/internal/operations/BuildOperation;Lorg/gradle/internal/operations/BuildOperationWorker;Lorg/gradle/internal/operations/BuildOperationState;)V+18
j  org.gradle.internal.operations.DefaultBuildOperationRunner.call(Lorg/gradle/internal/operations/CallableBuildOperation;)Ljava/lang/Object;+16
j  org.gradle.launcher.exec.RunAsBuildOperationBuildActionExecutor.execute(Lorg/gradle/internal/invocation/BuildAction;Lorg/gradle/internal/session/BuildSessionContext;)Lorg/gradle/internal/buildtree/BuildActionRunner$Result;+23
j  org.gradle.launcher.exec.RunAsWorkerThreadBuildActionExecutor.lambda$execute$0(Lorg/gradle/internal/invocation/BuildAction;Lorg/gradle/internal/session/BuildSessionContext;)Lorg/gradle/internal/buildtree/BuildActionRunner$Result;+6
j  org.gradle.launcher.exec.RunAsWorkerThreadBuildActionExecutor$$Lambda$201+0x000001fc48241f58.create()Ljava/lang/Object;+12
j  org.gradle.internal.work.DefaultWorkerLeaseService.withLocks(Ljava/util/Collection;Lorg/gradle/internal/Factory;)Ljava/lang/Object;+28
j  org.gradle.internal.work.DefaultWorkerLeaseService.runAsWorkerThread(Lorg/gradle/internal/Factory;)Ljava/lang/Object;+33
j  org.gradle.launcher.exec.RunAsWorkerThreadBuildActionExecutor.execute(Lorg/gradle/internal/invocation/BuildAction;Lorg/gradle/internal/session/BuildSessionContext;)Lorg/gradle/internal/buildtree/BuildActionRunner$Result;+12
j  org.gradle.tooling.internal.provider.continuous.ContinuousBuildActionExecutor.execute(Lorg/gradle/internal/invocation/BuildAction;Lorg/gradle/internal/session/BuildSessionContext;)Lorg/gradle/internal/buildtree/BuildActionRunner$Result;+58
j  org.gradle.tooling.internal.provider.SubscribableBuildActionExecutor.execute(Lorg/gradle/internal/invocation/BuildAction;Lorg/gradle/internal/session/BuildSessionContext;)Lorg/gradle/internal/buildtree/BuildActionRunner$Result;+30
j  org.gradle.internal.session.DefaultBuildSessionContext.execute(Lorg/gradle/internal/invocation/BuildAction;)Lorg/gradle/internal/buildtree/BuildActionRunner$Result;+64
j  org.gradle.tooling.internal.provider.BuildSessionLifecycleBuildActionExecuter$ActionImpl.apply(Lorg/gradle/internal/session/BuildSessionContext;)Lorg/gradle/launcher/exec/BuildActionResult;+6
j  org.gradle.tooling.internal.provider.BuildSessionLifecycleBuildActionExecuter$ActionImpl.apply(Ljava/lang/Object;)Ljava/lang/Object;+5
j  org.gradle.internal.session.BuildSessionState.run(Ljava/util/function/Function;)Ljava/lang/Object;+5
j  org.gradle.tooling.internal.provider.BuildSessionLifecycleBuildActionExecuter.execute(Lorg/gradle/internal/invocation/BuildAction;Lorg/gradle/launcher/exec/BuildActionParameters;Lorg/gradle/initialization/BuildRequestContext;)Lorg/gradle/launcher/exec/BuildActionResult;+95
j  org.gradle.tooling.internal.provider.BuildSessionLifecycleBuildActionExecuter.execute(Lorg/gradle/internal/invocation/BuildAction;Ljava/lang/Object;Ljava/lang/Object;)Lorg/gradle/launcher/exec/BuildActionResult;+10
j  org.gradle.tooling.internal.provider.StartParamsValidatingActionExecuter.execute(Lorg/gradle/internal/invocation/BuildAction;Lorg/gradle/launcher/exec/BuildActionParameters;Lorg/gradle/initialization/BuildRequestContext;)Lorg/gradle/launcher/exec/BuildActionResult;+203
j  org.gradle.tooling.internal.provider.StartParamsValidatingActionExecuter.execute(Lorg/gradle/internal/invocation/BuildAction;Ljava/lang/Object;Ljava/lang/Object;)Lorg/gradle/launcher/exec/BuildActionResult;+10
j  org.gradle.tooling.internal.provider.SessionFailureReportingActionExecuter.execute(Lorg/gradle/internal/invocation/BuildAction;Lorg/gradle/launcher/exec/BuildActionParameters;Lorg/gradle/initialization/BuildRequestContext;)Lorg/gradle/launcher/exec/BuildActionResult;+7
j  org.gradle.tooling.internal.provider.SessionFailureReportingActionExecuter.execute(Lorg/gradle/internal/invocation/BuildAction;Ljava/lang/Object;Ljava/lang/Object;)Lorg/gradle/launcher/exec/BuildActionResult;+10
j  org.gradle.tooling.internal.provider.SetupLoggingActionExecuter.execute(Lorg/gradle/internal/invocation/BuildAction;Lorg/gradle/launcher/exec/BuildActionParameters;Lorg/gradle/initialization/BuildRequestContext;)Lorg/gradle/launcher/exec/BuildActionResult;+50
j  org.gradle.tooling.internal.provider.SetupLoggingActionExecuter.execute(Lorg/gradle/internal/invocation/BuildAction;Ljava/lang/Object;Ljava/lang/Object;)Lorg/gradle/launcher/exec/BuildActionResult;+10
j  org.gradle.launcher.daemon.server.exec.ExecuteBuild.doBuild(Lorg/gradle/launcher/daemon/server/api/DaemonCommandExecution;Lorg/gradle/launcher/daemon/protocol/Build;)V+117
j  org.gradle.launcher.daemon.server.exec.BuildCommandOnly.execute(Lorg/gradle/launcher/daemon/server/api/DaemonCommandExecution;)V+49
j  org.gradle.launcher.daemon.server.api.DaemonCommandExecution.proceed()Z+23
j  org.gradle.launcher.daemon.server.exec.WatchForDisconnection.execute(Lorg/gradle/launcher/daemon/server/api/DaemonCommandExecution;)V+19
j  org.gradle.launcher.daemon.server.api.DaemonCommandExecution.proceed()Z+23
j  org.gradle.launcher.daemon.server.exec.ResetDeprecationLogger.execute(Lorg/gradle/launcher/daemon/server/api/DaemonCommandExecution;)V+7
j  org.gradle.launcher.daemon.server.api.DaemonCommandExecution.proceed()Z+23
j  org.gradle.launcher.daemon.server.exec.RequestStopIfSingleUsedDaemon.execute(Lorg/gradle/launcher/daemon/server/api/DaemonCommandExecution;)V+33
j  org.gradle.launcher.daemon.server.api.DaemonCommandExecution.proceed()Z+23
j  org.gradle.launcher.daemon.server.exec.ForwardClientInput.lambda$execute$0(Lorg/gradle/launcher/daemon/server/api/DaemonCommandExecution;Lorg/gradle/launcher/daemon/server/api/StdinHandler;)Ljava/lang/Object;+11
j  org.gradle.launcher.daemon.server.exec.ForwardClientInput$$Lambda$107+0x000001fc48139e38.apply(Ljava/lang/Object;)Ljava/lang/Object;+8
j  org.gradle.launcher.daemon.server.clientinput.ClientInputForwarder.forwardInput(Ljava/util/function/Function;)Ljava/lang/Object;+60
j  org.gradle.launcher.daemon.server.exec.ForwardClientInput.execute(Lorg/gradle/launcher/daemon/server/api/DaemonCommandExecution;)V+10
j  org.gradle.launcher.daemon.server.api.DaemonCommandExecution.proceed()Z+23
j  org.gradle.launcher.daemon.server.exec.LogAndCheckHealth.execute(Lorg/gradle/launcher/daemon/server/api/DaemonCommandExecution;)V+51
j  org.gradle.launcher.daemon.server.api.DaemonCommandExecution.proceed()Z+23
j  org.gradle.launcher.daemon.server.exec.LogToClient.doBuild(Lorg/gradle/launcher/daemon/server/api/DaemonCommandExecution;Lorg/gradle/launcher/daemon/protocol/Build;)V+87
j  org.gradle.launcher.daemon.server.exec.BuildCommandOnly.execute(Lorg/gradle/launcher/daemon/server/api/DaemonCommandExecution;)V+49
j  org.gradle.launcher.daemon.server.api.DaemonCommandExecution.proceed()Z+23
j  org.gradle.launcher.daemon.server.exec.EstablishBuildEnvironment.doBuild(Lorg/gradle/launcher/daemon/server/api/DaemonCommandExecution;Lorg/gradle/launcher/daemon/protocol/Build;)V+356
j  org.gradle.launcher.daemon.server.exec.BuildCommandOnly.execute(Lorg/gradle/launcher/daemon/server/api/DaemonCommandExecution;)V+49
j  org.gradle.launcher.daemon.server.api.DaemonCommandExecution.proceed()Z+23
j  org.gradle.launcher.daemon.server.exec.StartBuildOrRespondWithBusy$1.run()V+44
j  org.gradle.launcher.daemon.server.DaemonStateCoordinator$1.run()V+4
j  org.gradle.internal.concurrent.ExecutorPolicy$CatchAndRecordFailures.onExecute(Ljava/lang/Runnable;)V+1
j  org.gradle.internal.concurrent.AbstractManagedExecutor$1.run()V+25
j  java.util.concurrent.ThreadPoolExecutor.runWorker(Ljava/util/concurrent/ThreadPoolExecutor$Worker;)V+92 java.base@17.0.11
j  java.util.concurrent.ThreadPoolExecutor$Worker.run()V+5 java.base@17.0.11
j  java.lang.Thread.run()V+11 java.base@17.0.11
v  ~StubRoutines::call_stub
new  187 new  [0x000001fc37bcb720, 0x000001fc37bcb940]  544 bytes
[MachCode]
  0x000001fc37bcb720: 4883 ec08 | c5fa 1104 | 24eb 1f48 | 83ec 10c5 | fb11 0424 | eb14 4883 | ec10 4889 | 0424 48c7 
  0x000001fc37bcb740: 4424 0800 | 0000 00eb | 0150 410f | b755 010f | cac1 ea10 | 488b 4de8 | 488b 4908 | 488b 4908 
  0x000001fc37bcb760: 488b 4108 | 807c 1004 | 070f 85df | 0000 0066 | 8b54 d148 | 488b 4928 | 488b 4cd1 | 0851 80b9 
  0x000001fc37bcb780: 3301 0000 | 040f 85c2 | 0000 008b | 5108 f7c2 | 0100 0000 | 0f85 b300 | 0000 498b | 8708 0100 
  0x000001fc37bcb7a0: 0048 8d1c | 1049 3b9f | 1801 0000 | 0f87 9b00 | 0000 4989 | 9f08 0100 | 00e9 0000 | 0000 4883 
  0x000001fc37bcb7c0: ea10 0f84 | 0f00 0000 | 33c9 c1ea | 0348 894c | d008 48ff | ca75 f648 | c700 0100 | 0000 5933 
  0x000001fc37bcb7e0: f689 700c | 49ba 0000 | 0047 fc01 | 0000 492b | ca89 4808 | 49ba 5a35 | 1fa2 fb7f | 0000 4180 
  0x000001fc37bcb800: 3a00 0f84 | 4000 0000 | 5048 8bc8 | 4883 ec20 | f7c4 0f00 | 0000 0f84 | 1a00 0000 | 4883 ec08 
  0x000001fc37bcb820: 49ba 8031 | d5a1 fb7f | 0000 41ff | d248 83c4 | 08e9 0d00 | 0000 49ba | 8031 d5a1 | fb7f 0000 
  0x000001fc37bcb840: 41ff d248 | 83c4 2058 | e9cd 0000 | 0059 488b | 55e8 488b | 5208 488b | 5208 450f | b745 0141 
  0x000001fc37bcb860: 0fc8 41c1 | e810 e805 | 0000 00e9 | aa00 0000 | 488d 4424 | 084c 896d | c049 8bcf | c5f8 7749 
  0x000001fc37bcb880: 89af a802 | 0000 4989 | 8798 0200 | 0048 83ec | 20f7 c40f | 0000 000f | 841a 0000 | 0048 83ec 
  0x000001fc37bcb8a0: 0849 bad0 | 249f a1fb | 7f00 0041 | ffd2 4883 | c408 e90d | 0000 0049 | bad0 249f | a1fb 7f00 
  0x000001fc37bcb8c0: 0041 ffd2 | 4883 c420 | 49c7 8798 | 0200 0000 | 0000 0049 | c787 a802 | 0000 0000 | 0000 49c7 
  0x000001fc37bcb8e0: 87a0 0200 | 0000 0000 | 00c5 f877 | 4981 7f08 | 0000 0000 | 0f84 0500 | 0000 e901 | 56fe ff49 
  0x000001fc37bcb900: 8b87 f002 | 0000 49c7 | 87f0 0200 | 0000 0000 | 004c 8b6d | c04c 8b75 | c8c3 410f | b65d 0349 
  0x000001fc37bcb920: 83c5 0349 | bad0 a121 | a2fb 7f00 | 0041 ff24 | da0f 1f80 | 0000 0000 | 0000 0000 | 0000 0000 
[/MachCode]

Compiled method (n/a)   78585 2522     n 0       jdk.internal.reflect.NativeConstructorAccessorImpl::newInstance0 (native)
 total in heap  [0x000001fc382a3890,0x000001fc382a3d18] = 1160
 relocation     [0x000001fc382a39e8,0x000001fc382a3a20] = 56
 main code      [0x000001fc382a3a20,0x000001fc382a3d18] = 760

[Constant Pool (empty)]

[MachCode]
[Entry Point]
  # {method} {0x000001fc470c5fc0} 'newInstance0' '(Ljava/lang/reflect/Constructor;[Ljava/lang/Object;)Ljava/lang/Object;' in 'jdk/internal/reflect/NativeConstructorAccessorImpl'
  # parm0:    rdx:rdx   = 'java/lang/reflect/Constructor'
  # parm1:    r8:r8     = '[Ljava/lang/Object;'
  #           [sp+0x70]  (sp of caller)
  0x000001fc382a3a20: 448b 5208 | 49bb 0000 | 0047 fc01 | 0000 4d03 | d349 3bc2 | 0f84 0600 

  0x000001fc382a3a38: ;   {runtime_call ic_miss_stub}
  0x000001fc382a3a38: 0000 e941 | d695 ff90 
[Verified Entry Point]
  0x000001fc382a3a40: 8984 2400 | 90ff ff55 | 488b ec48 | 83ec 604c | 8944 2428 | 4983 f800 | 4c8d 4c24 | 284c 0f44 
  0x000001fc382a3a60: 4c24 2848 | 8954 2420 | 4883 fa00 | 4c8d 4424 | 204c 0f44 

  0x000001fc382a3a74: ;   {oop(a 'java/lang/Class'{0x0000000080062f90} = 'jdk/internal/reflect/NativeConstructorAccessorImpl')}
  0x000001fc382a3a74: 4424 2049 | be90 2f06 | 8000 0000 | 004c 8974 | 2450 4c8d | 7424 5049 | 8bd6 c5f8 

  0x000001fc382a3a90: ;   {internal_word}
  0x000001fc382a3a90: 7749 ba8e | 3a2a 38fc | 0100 004d | 8997 a002 | 0000 4989 | a798 0200 

  0x000001fc382a3aa8: ;   {external_word}
  0x000001fc382a3aa8: 0049 ba58 | 351f a2fb | 7f00 0041 | 803a 000f | 8452 0000 | 0052 4150 

  0x000001fc382a3ac0: ;   {metadata({method} {0x000001fc470c5fc0} 'newInstance0' '(Ljava/lang/reflect/Constructor;[Ljava/lang/Object;)Ljava/lang/Object;' in 'jdk/internal/reflect/NativeConstructorAccessorImpl')}
  0x000001fc382a3ac0: 4151 48ba | b85f 0c47 | fc01 0000 | 498b cf48 | 83ec 20f7 | c40f 0000 | 000f 841a | 0000 0048 
  0x000001fc382a3ae0: ;   {runtime_call}
  0x000001fc382a3ae0: 83ec 0849 | ba60 31d5 | a1fb 7f00 | 0041 ffd2 | 4883 c408 | e90d 0000 

  0x000001fc382a3af8: ;   {runtime_call}
  0x000001fc382a3af8: 0049 ba60 | 31d5 a1fb | 7f00 0041 | ffd2 4883 | c420 4159 | 4158 5a49 | 8d8f b802 | 0000 41c7 
  0x000001fc382a3b18: 8748 0300 | 0004 0000 

  0x000001fc382a3b20: ;   {runtime_call}
  0x000001fc382a3b20: 0049 bab4 | 3db3 05fc | 7f00 0041 | ffd2 c5f8 | 7741 c787 | 4803 0000 | 0500 0000 | f083 4424 
  0x000001fc382a3b40: c000 493b | af50 0300 | 000f 8711 | 0000 0041 | 81bf 3803 | 0000 0000 | 0000 0f84 | 2c00 0000 
  0x000001fc382a3b60: c5f8 7748 | 8945 f849 | 8bcf 4c8b | e448 83ec | 2048 83e4 

  0x000001fc382a3b74: ;   {runtime_call}
  0x000001fc382a3b74: f049 bac0 | 45e5 a1fb | 7f00 0041 | ffd2 498b | e44d 33e4 | 488b 45f8 | 41c7 8748 | 0300 0008 
  0x000001fc382a3b94: 0000 0041 | 81bf b803 | 0000 0200 | 0000 0f84 | 3f01 0000 

  0x000001fc382a3ba8: ;   {external_word}
  0x000001fc382a3ba8: 49ba 5835 | 1fa2 fb7f | 0000 4180 | 3a00 0f84 | 5000 0000 | 4889 45f8 

  0x000001fc382a3bc0: ;   {metadata({method} {0x000001fc470c5fc0} 'newInstance0' '(Ljava/lang/reflect/Constructor;[Ljava/lang/Object;)Ljava/lang/Object;' in 'jdk/internal/reflect/NativeConstructorAccessorImpl')}
  0x000001fc382a3bc0: 48ba b85f | 0c47 fc01 | 0000 498b | cf48 83ec | 20f7 c40f | 0000 000f | 841a 0000 | 0048 83ec 
  0x000001fc382a3be0: ;   {runtime_call}
  0x000001fc382a3be0: 0849 ba60 | 31d5 a1fb | 7f00 0041 | ffd2 4883 | c408 e90d 

  0x000001fc382a3bf4: ;   {runtime_call}
  0x000001fc382a3bf4: 0000 0049 | ba60 31d5 | a1fb 7f00 | 0041 ffd2 | 4883 c420 | 488b 45f8 | 49c7 8798 | 0200 0000 
  0x000001fc382a3c14: 0000 0049 | c787 a002 | 0000 0000 | 0000 c5f8 | 7748 85c0 | 0f84 9300 | 0000 48f7 | c001 0000 
  0x000001fc382a3c34: 000f 8483 | 0000 0048 | 8b40 ff41 | 807f 3800 | 0f84 6f00 | 0000 4883 | f800 0f84 | 6500 0000 
  0x000001fc382a3c54: 498b 4f20 | 4883 f900 | 0f84 1400 | 0000 4883 | e908 4989 | 4f20 4903 | 4f30 4889 | 01e9 4300 
  0x000001fc382a3c74: 0000 5049 | 8bd7 488b | c848 83ec | 20f7 c40f | 0000 000f | 841a 0000 | 0048 83ec 

  0x000001fc382a3c90: ;   {runtime_call}
  0x000001fc382a3c90: 0849 ba60 | 4d94 a1fb | 7f00 0041 | ffd2 4883 | c408 e90d 

  0x000001fc382a3ca4: ;   {runtime_call}
  0x000001fc382a3ca4: 0000 0049 | ba60 4d94 | a1fb 7f00 | 0041 ffd2 | 4883 c420 | 58e9 0300 | 0000 488b | 0049 8b8f 
  0x000001fc382a3cc4: d800 0000 | c781 0001 | 0000 0000 | 0000 c949 | 817f 0800 | 0000 000f | 8501 0000 

  0x000001fc382a3ce0: ;   {runtime_call StubRoutines (1)}
  0x000001fc382a3ce0: 00c3 e919 | d290 ffc5 | f877 4889 | 45f8 4c8b | e448 83ec | 2048 83e4 

  0x000001fc382a3cf8: ;   {runtime_call}
  0x000001fc382a3cf8: f049 bae0 | 61d5 a1fb | 7f00 0041 | ffd2 498b | e44d 33e4 | 488b 45f8 | e993 feff | fff4 f4f4 
[/MachCode]


Compiled method (c1)   78614 2521   !   3       jdk.internal.reflect.NativeConstructorAccessorImpl::newInstance (122 bytes)
 total in heap  [0x000001fc30b88090,0x000001fc30b89368] = 4824
 relocation     [0x000001fc30b881e8,0x000001fc30b882e0] = 248
 main code      [0x000001fc30b882e0,0x000001fc30b88e40] = 2912
 stub code      [0x000001fc30b88e40,0x000001fc30b88ec8] = 136
 metadata       [0x000001fc30b88ec8,0x000001fc30b88f10] = 72
 scopes data    [0x000001fc30b88f10,0x000001fc30b89040] = 304
 scopes pcs     [0x000001fc30b89040,0x000001fc30b891e0] = 416
 dependencies   [0x000001fc30b891e0,0x000001fc30b891e8] = 8
 handler table  [0x000001fc30b891e8,0x000001fc30b89320] = 312
 nul chk table  [0x000001fc30b89320,0x000001fc30b89368] = 72

[Constant Pool (empty)]

[MachCode]
[Entry Point]
  # {method} {0x000001fc470c5ad0} 'newInstance' '([Ljava/lang/Object;)Ljava/lang/Object;' in 'jdk/internal/reflect/NativeConstructorAccessorImpl'
  # this:     rdx:rdx   = 'jdk/internal/reflect/NativeConstructorAccessorImpl'
  # parm0:    r8:r8     = '[Ljava/lang/Object;'
  #           [sp+0xb0]  (sp of caller)
  0x000001fc30b882e0: 448b 5208 | 49bb 0000 | 0047 fc01 | 0000 4d03 | d34c 3bd0 

  0x000001fc30b882f4: ;   {runtime_call ic_miss_stub}
  0x000001fc30b882f4: 0f85 868d | 0707 660f | 1f44 0000 
[Verified Entry Point]
  0x000001fc30b88300: 8984 2400 | 90ff ff55 | 4881 eca0 | 0000 0048 | 8954 2468 

  0x000001fc30b88314: ;   {metadata(method data for {method} {0x000001fc470c5ad0} 'newInstance' '([Ljava/lang/Object;)Ljava/lang/Object;' in 'jdk/internal/reflect/NativeConstructorAccessorImpl')}
  0x000001fc30b88314: 48be d843 | 8c88 fc01 | 0000 8bbe | cc00 0000 | 83c7 0289 | becc 0000 | 0081 e7fe | 0700 0083 
  0x000001fc30b88334: ff00 0f84 | 4109 0000 | 8b72 0cff | c689 720c 

  0x000001fc30b88344: ;   {metadata(method data for {method} {0x000001fc470c5ad0} 'newInstance' '([Ljava/lang/Object;)Ljava/lang/Object;' in 'jdk/internal/reflect/NativeConstructorAccessorImpl')}
  0x000001fc30b88344: 48bf d843 | 8c88 fc01 | 0000 4883 | 8710 0100 

  0x000001fc30b88354: ;   {metadata(method data for {method} {0x000001fc47117cc0} 'inflationThreshold' '()I' in 'jdk/internal/reflect/ReflectionFactory')}
  0x000001fc30b88354: 0001 48bf | e8f6 7f88 | fc01 0000 | 8b9f cc00 | 0000 83c3 | 0289 9fcc | 0000 0081 | e3fe ff1f 
  0x000001fc30b88374: 0083 fb00 | 0f84 2009 

  0x000001fc30b8837c: ;   {oop(a 'java/lang/Class'{0x0000000080050bc8} = 'jdk/internal/reflect/ReflectionFactory')}
  0x000001fc30b8837c: 0000 48bf | c80b 0580 | 0000 0000 | 8b7f 783b 

  0x000001fc30b8838c: ;   {metadata(method data for {method} {0x000001fc470c5ad0} 'newInstance' '([Ljava/lang/Object;)Ljava/lang/Object;' in 'jdk/internal/reflect/NativeConstructorAccessorImpl')}
  0x000001fc30b8838c: f748 bed8 | 438c 88fc | 0100 0048 | bf30 0100 | 0000 0000 | 000f 8f0a | 0000 0048 | bf20 0100 
  0x000001fc30b883ac: 0000 0000 | 0048 8b1c | 3e48 8d5b | 0148 891c | 3e0f 8f08 | 0000 0048 | 8bf2 e94b | 0800 004c 
  0x000001fc30b883cc: 8944 2470 | 8b72 1448 | 3b06 488b 

  0x000001fc30b883d8: ;   {metadata(method data for {method} {0x000001fc470c5ad0} 'newInstance' '([Ljava/lang/Object;)Ljava/lang/Object;' in 'jdk/internal/reflect/NativeConstructorAccessorImpl')}
  0x000001fc30b883d8: fe48 bbd8 | 438c 88fc | 0100 0048 | 8383 4001 | 0000 018b | 7624 483b | 0648 8bfe 

  0x000001fc30b883f4: ;   {metadata(method data for {method} {0x000001fc470c5ad0} 'newInstance' '([Ljava/lang/Object;)Ljava/lang/Object;' in 'jdk/internal/reflect/NativeConstructorAccessorImpl')}
  0x000001fc30b883f4: 48bb d843 | 8c88 fc01 | 0000 4883 | 8378 0100 | 0001 488b | d666 0f1f 

  0x000001fc30b8840c: ;   {optimized virtual_call}
  0x000001fc30b8840c: 4400 00e8 

  0x000001fc30b88410: ; ImmutableOopMap {[112]=Oop [104]=Oop }
                      ;*invokevirtual isHidden {reexecute=0 rethrow=0 return_oop=0}
                      ; - jdk.internal.reflect.NativeConstructorAccessorImpl::newInstance@24 (line 59)
  0x000001fc30b88410: acf1 6907 

  0x000001fc30b88414: ;   {metadata(method data for {method} {0x000001fc470c5ad0} 'newInstance' '([Ljava/lang/Object;)Ljava/lang/Object;' in 'jdk/internal/reflect/NativeConstructorAccessorImpl')}
  0x000001fc30b88414: 83f8 0048 | b8d8 438c | 88fc 0100 | 0048 bac0 | 0100 0000 | 0000 000f | 840a 0000 | 0048 bab0 
  0x000001fc30b88434: 0100 0000 | 0000 0048 | 8b34 1048 | 8d76 0148 | 8934 100f | 840f 0000 | 004c 8b44 | 2470 488b 
  0x000001fc30b88454: 7424 68e9 | ba07 0000 | 488b 5424 | 688b 4210 

  0x000001fc30b88464: ;   {metadata(method data for {method} {0x000001fc470c5ad0} 'newInstance' '([Ljava/lang/Object;)Ljava/lang/Object;' in 'jdk/internal/reflect/NativeConstructorAccessorImpl')}
  0x000001fc30b88464: 83f8 0048 | b8d8 438c | 88fc 0100 | 0048 bee0 | 0100 0000 | 0000 000f | 840a 0000 | 0048 bed0 
  0x000001fc30b88484: 0100 0000 | 0000 0048 | 8b3c 3048 | 8d7f 0148 | 893c 300f | 840d 0000 | 004c 8b44 | 2470 488b 
  0x000001fc30b884a4: f2e9 6c07 | 0000 488d | 7210 b800 | 0000 00bf | 0100 0000 | f00f b13e | be01 0000 | 000f 8405 
  0x000001fc30b884c4: 0000 00be | 0000 0000 

  0x000001fc30b884cc: ;   {metadata(method data for {method} {0x000001fc470c5ad0} 'newInstance' '([Ljava/lang/Object;)Ljava/lang/Object;' in 'jdk/internal/reflect/NativeConstructorAccessorImpl')}
  0x000001fc30b884cc: 83fe 0048 | bed8 438c | 88fc 0100 | 0048 bf38 | 0200 0000 | 0000 000f | 850a 0000 | 0048 bf28 
  0x000001fc30b884ec: 0200 0000 | 0000 0048 | 8b04 3e48 | 8d40 0148 | 8904 3e0f | 850d 0000 | 004c 8b44 | 2470 488b 
  0x000001fc30b8850c: f2e9 0407 | 0000 488b 

  0x000001fc30b88514: ;   {metadata('jdk/internal/reflect/MethodAccessorGenerator')}
  0x000001fc30b88514: da48 ba20 | b606 48fc | 0100 0049 | 8b87 0801 | 0000 488d | b890 0000 | 0049 3bbf | 1801 0000 
  0x000001fc30b88534: 0f87 8f07 | 0000 4989 | bf08 0100 | 0048 c700 | 0100 0000 | 488b ca49 | ba00 0000 | 47fc 0100 
  0x000001fc30b88554: 0049 2bca | 8948 0848 | 33c9 8948 | 0c48 33c9 | 48bf 1000 | 0000 0000 | 0000 4889 | 4cf8 0848 
  0x000001fc30b88574: ffcf 75f6 

  0x000001fc30b88578: ;   {metadata(method data for {method} {0x000001fc470c5ad0} 'newInstance' '([Ljava/lang/Object;)Ljava/lang/Object;' in 'jdk/internal/reflect/NativeConstructorAccessorImpl')}
  0x000001fc30b88578: 488b d048 | bed8 438c | 88fc 0100 | 0048 8386 | 4802 0000 

  0x000001fc30b8858c: ;   {metadata(method data for {method} {0x000001fc882196a0} '<init>' '()V' in 'jdk/internal/reflect/MethodAccessorGenerator')}
  0x000001fc30b8858c: 0148 ba38 | 488c 88fc | 0100 008b | b2cc 0000 | 0083 c602 | 89b2 cc00 | 0000 81e6 | feff 1f00 
  0x000001fc30b885ac: 83fe 000f | 8421 0700 | 0048 8bd0 

  0x000001fc30b885b8: ;   {metadata(method data for {method} {0x000001fc882196a0} '<init>' '()V' in 'jdk/internal/reflect/MethodAccessorGenerator')}
  0x000001fc30b885b8: 48be 3848 | 8c88 fc01 | 0000 4883 | 8610 0100 

  0x000001fc30b885c8: ;   {metadata(method data for {method} {0x000001fc8821cb08} '<init>' '()V' in 'jdk/internal/reflect/AccessorGenerator')}
  0x000001fc30b885c8: 0001 48ba | 7849 8c88 | fc01 0000 | 8bb2 cc00 | 0000 83c6 | 0289 b2cc | 0000 0081 | e6fe ff1f 
  0x000001fc30b885e8: 0083 fe00 | 0f84 0507 | 0000 488b 

  0x000001fc30b885f4: ;   {metadata(method data for {method} {0x000001fc8821cb08} '<init>' '()V' in 'jdk/internal/reflect/AccessorGenerator')}
  0x000001fc30b885f4: d048 be78 | 498c 88fc | 0100 0048 | 8386 1001 

  0x000001fc30b88604: ;   {metadata(method data for {method} {0x000001fc474409a8} '<init>' '()V' in 'java/lang/Object')}
  0x000001fc30b88604: 0000 0148 | bac8 7d00 | 88fc 0100 | 008b b2cc | 0000 0083 | c602 89b2 | cc00 0000 | 81e6 feff 
  0x000001fc30b88624: 1f00 83fe | 000f 84e9 | 0600 00ba | 1e00 0000 | 6689 506a | ba49 0000 | 0066 8950 | 6c8b 5314 
  0x000001fc30b88644: ; implicit exception: dispatches to 0x000001fc30b88d39
  0x000001fc30b88644: 483b 0248 

  0x000001fc30b88648: ;   {metadata(method data for {method} {0x000001fc470c5ad0} 'newInstance' '([Ljava/lang/Object;)Ljava/lang/Object;' in 'jdk/internal/reflect/NativeConstructorAccessorImpl')}
  0x000001fc30b88648: 8bf2 48bf | d843 8c88 | fc01 0000 | 4883 8758 | 0200 0001 | 8b72 2448 

  0x000001fc30b88660: ;   {metadata(method data for {method} {0x000001fc470c5ad0} 'newInstance' '([Ljava/lang/Object;)Ljava/lang/Object;' in 'jdk/internal/reflect/NativeConstructorAccessorImpl')}
  0x000001fc30b88660: 8bfa 48b9 | d843 8c88 | fc01 0000 | 4883 8190 | 0200 0001 

  0x000001fc30b88674: ;   {metadata(method data for {method} {0x000001fc47055178} 'getParameterTypes' '()[Ljava/lang/Class;' in 'java/lang/reflect/Constructor')}
  0x000001fc30b88674: 48bf c84a | 8c88 fc01 | 0000 8b8f | cc00 0000 | 83c1 0289 | 8fcc 0000 | 0081 e1fe | ff1f 0083 
  0x000001fc30b88694: f900 0f84 | a206 0000 | 8b52 2848 | 3b02 488b 

  0x000001fc30b886a4: ;   {metadata(method data for {method} {0x000001fc47055178} 'getParameterTypes' '()[Ljava/lang/Class;' in 'java/lang/reflect/Constructor')}
  0x000001fc30b886a4: fa48 b9c8 | 4a8c 88fc | 0100 008b | 7f08 49ba | 0000 0047 | fc01 0000 | 4903 fa48 | 3bb9 2001 
  0x000001fc30b886c4: 0000 750d | 4883 8128 | 0100 0001 | e966 0000 | 0048 3bb9 | 3001 0000 | 750d 4883 | 8138 0100 
  0x000001fc30b886e4: 0001 e950 | 0000 0048 | 81b9 2001 | 0000 0000 | 0000 7517 | 4889 b920 | 0100 0048 | c781 2801 
  0x000001fc30b88704: 0000 0100 | 0000 e92c | 0000 0048 | 81b9 3001 | 0000 0000 | 0000 7517 | 4889 b930 | 0100 0048 
  0x000001fc30b88724: c781 3801 | 0000 0100 | 0000 e908 | 0000 0048 | 8381 1001 | 0000 0148 | 89b4 2480 | 0000 0048 
  0x000001fc30b88744: 8944 2478 | 0f1f 4400 | 0048 b878 | 1c00 47fc 

  0x000001fc30b88754: ;   {virtual_call}
  0x000001fc30b88754: 0100 00e8 

  0x000001fc30b88758: ; ImmutableOopMap {[112]=Oop [120]=Oop [104]=Oop [128]=Oop }
                      ;*invokevirtual clone {reexecute=0 rethrow=0 return_oop=0}
                      ; - java.lang.reflect.Constructor::getParameterTypes@4 (line 263)
                      ; - jdk.internal.reflect.NativeConstructorAccessorImpl::newInstance@70 (line 66)
  0x000001fc30b88758: 44c6 5d07 | 4883 f800 

  0x000001fc30b88760: ;   {metadata(method data for {method} {0x000001fc47055178} 'getParameterTypes' '()[Ljava/lang/Class;' in 'java/lang/reflect/Constructor')}
  0x000001fc30b88760: 7516 48bf | c84a 8c88 | fc01 0000 | 808f 4101 | 0000 01e9 | d300 0000 

  0x000001fc30b88778: ;   {metadata('java/lang/Class'[])}
  0x000001fc30b88778: 48bb 781c | 0047 fc01 | 0000 8b78 | 0849 ba00 | 0000 47fc | 0100 0049 | 03fa 483b | 5f40 0f85 
  0x000001fc30b88798: 9300 0000 

  0x000001fc30b8879c: ;   {metadata(method data for {method} {0x000001fc47055178} 'getParameterTypes' '()[Ljava/lang/Class;' in 'java/lang/reflect/Constructor')}
  0x000001fc30b8879c: 48bf c84a | 8c88 fc01 | 0000 8b58 | 0849 ba00 | 0000 47fc | 0100 0049 | 03da 483b | 9f58 0100 
  0x000001fc30b887bc: 0075 0d48 | 8387 6001 | 0000 01e9 | 7f00 0000 | 483b 9f68 | 0100 0075 | 0d48 8387 | 7001 0000 
  0x000001fc30b887dc: 01e9 6900 | 0000 4881 | bf58 0100 | 0000 0000 | 0075 1748 | 899f 5801 | 0000 48c7 | 8760 0100 
  0x000001fc30b887fc: 0001 0000 | 00e9 4500 | 0000 4881 | bf68 0100 | 0000 0000 | 0075 1748 | 899f 6801 | 0000 48c7 
  0x000001fc30b8881c: 8770 0100 | 0001 0000 | 00e9 2100 | 0000 e91c 

  0x000001fc30b8882c: ;   {metadata(method data for {method} {0x000001fc47055178} 'getParameterTypes' '()[Ljava/lang/Class;' in 'java/lang/reflect/Constructor')}
  0x000001fc30b8882c: 0000 0048 | bfc8 4a8c | 88fc 0100 | 0048 83af | 4801 0000 | 01e9 1e05 | 0000 e900 | 0000 0048 
  0x000001fc30b8884c: 8bf0 488b | 5424 688b | 7a14 483b | 0748 8bdf 

  0x000001fc30b8885c: ;   {metadata(method data for {method} {0x000001fc470c5ad0} 'newInstance' '([Ljava/lang/Object;)Ljava/lang/Object;' in 'jdk/internal/reflect/NativeConstructorAccessorImpl')}
  0x000001fc30b8885c: 48b8 d843 | 8c88 fc01 | 0000 4883 | 80c8 0200 

  0x000001fc30b8886c: ;   {metadata(method data for {method} {0x000001fc470555f0} 'getExceptionTypes' '()[Ljava/lang/Class;' in 'java/lang/reflect/Constructor')}
  0x000001fc30b8886c: 0001 48bb | 884c 8c88 | fc01 0000 | 8b83 cc00 | 0000 83c0 | 0289 83cc | 0000 0081 | e0fe ff1f 
  0x000001fc30b8888c: 0083 f800 | 0f84 dc04 | 0000 8b7f | 2c48 3b07 

  0x000001fc30b8889c: ;   {metadata(method data for {method} {0x000001fc470555f0} 'getExceptionTypes' '()[Ljava/lang/Class;' in 'java/lang/reflect/Constructor')}
  0x000001fc30b8889c: 488b df48 | b888 4c8c | 88fc 0100 | 008b 5b08 | 49ba 0000 | 0047 fc01 | 0000 4903 | da48 3b98 
  0x000001fc30b888bc: 2001 0000 | 750d 4883 | 8028 0100 | 0001 e966 | 0000 0048 | 3b98 3001 | 0000 750d | 4883 8038 
  0x000001fc30b888dc: 0100 0001 | e950 0000 | 0048 81b8 | 2001 0000 | 0000 0000 | 7517 4889 | 9820 0100 | 0048 c780 
  0x000001fc30b888fc: 2801 0000 | 0100 0000 | e92c 0000 | 0048 81b8 | 3001 0000 | 0000 0000 | 7517 4889 | 9830 0100 
  0x000001fc30b8891c: 0048 c780 | 3801 0000 | 0100 0000 | e908 0000 | 0048 8380 | 1001 0000 | 0148 8bd7 | 4889 b424 
  0x000001fc30b8893c: 8800 0000 | 0f1f 4400 | 0048 b878 | 1c00 47fc 

  0x000001fc30b8894c: ;   {virtual_call}
  0x000001fc30b8894c: 0100 00e8 

  0x000001fc30b88950: ; ImmutableOopMap {[112]=Oop [120]=Oop [128]=Oop [104]=Oop [136]=Oop }
                      ;*invokevirtual clone {reexecute=0 rethrow=0 return_oop=0}
                      ; - java.lang.reflect.Constructor::getExceptionTypes@4 (line 289)
                      ; - jdk.internal.reflect.NativeConstructorAccessorImpl::newInstance@77 (line 67)
  0x000001fc30b88950: 4cc4 5d07 | 4883 f800 

  0x000001fc30b88958: ;   {metadata(method data for {method} {0x000001fc470555f0} 'getExceptionTypes' '()[Ljava/lang/Class;' in 'java/lang/reflect/Constructor')}
  0x000001fc30b88958: 7517 49b9 | 884c 8c88 | fc01 0000 | 4180 8941 | 0100 0001 | e9d4 0000 

  0x000001fc30b88970: ;   {metadata('java/lang/Class'[])}
  0x000001fc30b88970: 0048 be78 | 1c00 47fc | 0100 0044 | 8b48 0849 | ba00 0000 | 47fc 0100 | 004d 03ca | 493b 7140 
  0x000001fc30b88990: 0f85 9300 

  0x000001fc30b88994: ;   {metadata(method data for {method} {0x000001fc470555f0} 'getExceptionTypes' '()[Ljava/lang/Class;' in 'java/lang/reflect/Constructor')}
  0x000001fc30b88994: 0000 49b9 | 884c 8c88 | fc01 0000 | 8b70 0849 | ba00 0000 | 47fc 0100 | 0049 03f2 | 493b b158 
  0x000001fc30b889b4: 0100 0075 | 0d49 8381 | 6001 0000 | 01e9 7f00 | 0000 493b | b168 0100 | 0075 0d49 | 8381 7001 
  0x000001fc30b889d4: 0000 01e9 | 6900 0000 | 4981 b958 | 0100 0000 | 0000 0075 | 1749 89b1 | 5801 0000 | 49c7 8160 
  0x000001fc30b889f4: 0100 0001 | 0000 00e9 | 4500 0000 | 4981 b968 | 0100 0000 | 0000 0075 | 1749 89b1 | 6801 0000 
  0x000001fc30b88a14: 49c7 8170 | 0100 0001 | 0000 00e9 | 2100 0000 | e91c 0000 

  0x000001fc30b88a28: ;   {metadata(method data for {method} {0x000001fc470555f0} 'getExceptionTypes' '()[Ljava/lang/Class;' in 'java/lang/reflect/Constructor')}
  0x000001fc30b88a28: 0049 b988 | 4c8c 88fc | 0100 0049 | 83a9 4801 | 0000 01e9 | 5803 0000 | e900 0000 | 0048 8bf8 
  0x000001fc30b88a48: 488b 5424 | 6844 8b42 | 1449 3b00 

  0x000001fc30b88a54: ;   {metadata(method data for {method} {0x000001fc470c5ad0} 'newInstance' '([Ljava/lang/Object;)Ljava/lang/Object;' in 'jdk/internal/reflect/NativeConstructorAccessorImpl')}
  0x000001fc30b88a54: 4d8b c848 | bed8 438c | 88fc 0100 | 0048 8386 | 0003 0000 | 0141 8b70 | 2048 8b44 

  0x000001fc30b88a70: ;   {metadata(method data for {method} {0x000001fc470c5ad0} 'newInstance' '([Ljava/lang/Object;)Ljava/lang/Object;' in 'jdk/internal/reflect/NativeConstructorAccessorImpl')}
  0x000001fc30b88a70: 2478 49b8 | d843 8c88 | fc01 0000 

  0x000001fc30b88a7c: ;   {metadata('jdk/internal/reflect/MethodAccessorGenerator')}
  0x000001fc30b88a7c: 49ba 20b6 | 0648 fc01 | 0000 4d89 | 9048 0300 | 0049 8380 | 5003 0000 | 014c 8b84 | 2480 0000 
  0x000001fc30b88a9c: 004c 8b8c | 2488 0000 | 0048 8b54 | 2478 0f1f 

  0x000001fc30b88aac: ;   {optimized virtual_call}
  0x000001fc30b88aac: 4400 00e8 

  0x000001fc30b88ab0: ; ImmutableOopMap {[112]=Oop [104]=Oop }
                      ;*invokevirtual generateConstructor {reexecute=0 rethrow=0 return_oop=0}
                      ; - jdk.internal.reflect.NativeConstructorAccessorImpl::newInstance@87 (line 65)
  0x000001fc30b88ab0: c103 0000 | 4883 f800 

  0x000001fc30b88ab8: ;   {metadata(method data for {method} {0x000001fc470c5ad0} 'newInstance' '([Ljava/lang/Object;)Ljava/lang/Object;' in 'jdk/internal/reflect/NativeConstructorAccessorImpl')}
  0x000001fc30b88ab8: 7516 48be | d843 8c88 | fc01 0000 | 808e 6903 | 0000 01e9 | d300 0000 

  0x000001fc30b88ad0: ;   {metadata('jdk/internal/reflect/ConstructorAccessorImpl')}
  0x000001fc30b88ad0: 48bf e8a8 | 0047 fc01 | 0000 8b70 | 0849 ba00 | 0000 47fc | 0100 0049 | 03f2 483b | 7e40 0f85 
  0x000001fc30b88af0: 9300 0000 

  0x000001fc30b88af4: ;   {metadata(method data for {method} {0x000001fc470c5ad0} 'newInstance' '([Ljava/lang/Object;)Ljava/lang/Object;' in 'jdk/internal/reflect/NativeConstructorAccessorImpl')}
  0x000001fc30b88af4: 48be d843 | 8c88 fc01 | 0000 8b78 | 0849 ba00 | 0000 47fc | 0100 0049 | 03fa 483b | be80 0300 
  0x000001fc30b88b14: 0075 0d48 | 8386 8803 | 0000 01e9 | 7f00 0000 | 483b be90 | 0300 0075 | 0d48 8386 | 9803 0000 
  0x000001fc30b88b34: 01e9 6900 | 0000 4881 | be80 0300 | 0000 0000 | 0075 1748 | 89be 8003 | 0000 48c7 | 8688 0300 
  0x000001fc30b88b54: 0001 0000 | 00e9 4500 | 0000 4881 | be90 0300 | 0000 0000 | 0075 1748 | 89be 9003 | 0000 48c7 
  0x000001fc30b88b74: 8698 0300 | 0001 0000 | 00e9 2100 | 0000 e91c 

  0x000001fc30b88b84: ;   {metadata(method data for {method} {0x000001fc470c5ad0} 'newInstance' '([Ljava/lang/Object;)Ljava/lang/Object;' in 'jdk/internal/reflect/NativeConstructorAccessorImpl')}
  0x000001fc30b88b84: 0000 0048 | bed8 438c | 88fc 0100 | 0048 83ae | 7003 0000 | 01e9 0802 | 0000 e900 | 0000 0048 
  0x000001fc30b88ba4: 8bd0 488b | 7424 6844 | 8b46 1849 | 3b00 498b 

  0x000001fc30b88bb4: ;   {metadata(method data for {method} {0x000001fc470c5ad0} 'newInstance' '([Ljava/lang/Object;)Ljava/lang/Object;' in 'jdk/internal/reflect/NativeConstructorAccessorImpl')}
  0x000001fc30b88bb4: f848 bbd8 | 438c 88fc 

  0x000001fc30b88bbc: ;   {metadata('jdk/internal/reflect/DelegatingConstructorAccessorImpl')}
  0x000001fc30b88bbc: 0100 0049 | ba18 ad00 | 47fc 0100 | 004c 8993 | b803 0000 | 4883 83c0 | 0300 0001 | 410f be7f 
  0x000001fc30b88bdc: 3883 ff00 | 0f85 ce01 | 0000 4c8b | d245 8950 | 0c49 8bf8 | 4833 fa48 | c1ef 1448 | 83ff 000f 
  0x000001fc30b88bfc: 85cf 0100 

  0x000001fc30b88c00: ;   {metadata(method data for {method} {0x000001fc470c5ad0} 'newInstance' '([Ljava/lang/Object;)Ljava/lang/Object;' in 'jdk/internal/reflect/NativeConstructorAccessorImpl')}
  0x000001fc30b88c00: 0048 bad8 | 438c 88fc | 0100 00ff | 82e0 0300 | 004c 8b44 | 2470 8b56 

  0x000001fc30b88c18: ;   {metadata(method data for {method} {0x000001fc470c5ad0} 'newInstance' '([Ljava/lang/Object;)Ljava/lang/Object;' in 'jdk/internal/reflect/NativeConstructorAccessorImpl')}
  0x000001fc30b88c18: 1448 bed8 | 438c 88fc | 0100 0048 | 8386 f803 | 0000 010f 

  0x000001fc30b88c2c: ;   {static_call}
  0x000001fc30b88c2c: 1f40 00e8 

  0x000001fc30b88c30: ; ImmutableOopMap {}
                      ;*invokestatic newInstance0 {reexecute=0 rethrow=0 return_oop=0}
                      ; - jdk.internal.reflect.NativeConstructorAccessorImpl::newInstance@118 (line 77)
  0x000001fc30b88c30: 0cae 7107 | 4881 c4a0 | 0000 005d 

  0x000001fc30b88c3c: ;   {poll_return}
  0x000001fc30b88c3c: 493b a750 | 0300 000f | 879f 0100 | 00c3 488b | 7424 6849 | 8b87 e003 | 0000 4d33 | d24d 8997 
  0x000001fc30b88c5c: e003 0000 | 4d33 d24d | 8997 e803 | 0000 bf00 | 0000 0089 | 7e10 f083 | 4424 c000 | e9a0 0100 
  0x000001fc30b88c7c: ;   {metadata({method} {0x000001fc470c5ad0} 'newInstance' '([Ljava/lang/Object;)Ljava/lang/Object;' in 'jdk/internal/reflect/NativeConstructorAccessorImpl')}
  0x000001fc30b88c7c: 0049 bac8 | 5a0c 47fc | 0100 004c | 8954 2408 | 48c7 0424 | ffff ffff 

  0x000001fc30b88c94: ;   {runtime_call counter_overflow Runtime1 stub}
  0x000001fc30b88c94: e8e7 1012 

  0x000001fc30b88c98: ; ImmutableOopMap {rdx=Oop [104]=Oop r8=Oop }
                      ;*synchronization entry
                      ; - jdk.internal.reflect.NativeConstructorAccessorImpl::newInstance@-1 (line 58)
  0x000001fc30b88c98: 07e9 9ef6 

  0x000001fc30b88c9c: ;   {metadata({method} {0x000001fc47117cc0} 'inflationThreshold' '()I' in 'jdk/internal/reflect/ReflectionFactory')}
  0x000001fc30b88c9c: ffff 49ba | b87c 1147 | fc01 0000 | 4c89 5424 | 0848 c704 | 24ff ffff 

  0x000001fc30b88cb4: ;   {runtime_call counter_overflow Runtime1 stub}
  0x000001fc30b88cb4: ffe8 c610 

  0x000001fc30b88cb8: ; ImmutableOopMap {rdx=Oop [104]=Oop r8=Oop }
                      ;*synchronization entry
                      ; - jdk.internal.reflect.ReflectionFactory::inflationThreshold@-1 (line 632)
                      ; - jdk.internal.reflect.NativeConstructorAccessorImpl::newInstance@11 (line 58)
  0x000001fc30b88cb8: 1207 e9bf 

  0x000001fc30b88cbc: ;   {runtime_call throw_null_pointer_exception Runtime1 stub}
  0x000001fc30b88cbc: f6ff ffe8 

  0x000001fc30b88cc0: ; ImmutableOopMap {rdx=Oop [104]=Oop [112]=Oop rsi=Oop }
                      ;*invokevirtual getDeclaringClass {reexecute=0 rethrow=0 return_oop=0}
                      ; - jdk.internal.reflect.NativeConstructorAccessorImpl::newInstance@21 (line 59)
  0x000001fc30b88cc0: dcf8 0807 

  0x000001fc30b88cc4: ;   {runtime_call throw_null_pointer_exception Runtime1 stub}
  0x000001fc30b88cc4: e8d7 f808 

  0x000001fc30b88cc8: ; ImmutableOopMap {rdx=Oop [104]=Oop [112]=Oop rsi=Oop }
                      ;*invokevirtual isHidden {reexecute=0 rethrow=0 return_oop=0}
                      ; - jdk.internal.reflect.NativeConstructorAccessorImpl::newInstance@24 (line 59)
  0x000001fc30b88cc8: 0748 8bd2 

  0x000001fc30b88ccc: ;   {runtime_call fast_new_instance Runtime1 stub}
  0x000001fc30b88ccc: e8af ef08 

  0x000001fc30b88cd0: ; ImmutableOopMap {[112]=Oop rbx=Oop [104]=Oop }
                      ;*new {reexecute=0 rethrow=0 return_oop=0}
                      ; - jdk.internal.reflect.NativeConstructorAccessorImpl::newInstance@52 (line 63)
  0x000001fc30b88cd0: 07e9 a2f8 

  0x000001fc30b88cd4: ;   {metadata({method} {0x000001fc882196a0} '<init>' '()V' in 'jdk/internal/reflect/MethodAccessorGenerator')}
  0x000001fc30b88cd4: ffff 49ba | 9896 2188 | fc01 0000 | 4c89 5424 | 0848 c704 | 24ff ffff 

  0x000001fc30b88cec: ;   {runtime_call counter_overflow Runtime1 stub}
  0x000001fc30b88cec: ffe8 8e10 

  0x000001fc30b88cf0: ; ImmutableOopMap {[112]=Oop rbx=Oop [104]=Oop rax=Oop }
                      ;*synchronization entry
                      ; - jdk.internal.reflect.MethodAccessorGenerator::<init>@-1 (line 64)
                      ; - jdk.internal.reflect.NativeConstructorAccessorImpl::newInstance@56 (line 63)
  0x000001fc30b88cf0: 1207 e9be 

  0x000001fc30b88cf4: ;   {metadata({method} {0x000001fc8821cb08} '<init>' '()V' in 'jdk/internal/reflect/AccessorGenerator')}
  0x000001fc30b88cf4: f8ff ff49 | ba00 cb21 | 88fc 0100 | 004c 8954 | 2408 48c7 | 0424 ffff 

  0x000001fc30b88d0c: ;   {runtime_call counter_overflow Runtime1 stub}
  0x000001fc30b88d0c: ffff e86d 

  0x000001fc30b88d10: ; ImmutableOopMap {[112]=Oop rbx=Oop [104]=Oop rax=Oop }
                      ;*synchronization entry
                      ; - jdk.internal.reflect.AccessorGenerator::<init>@-1 (line 33)
                      ; - jdk.internal.reflect.MethodAccessorGenerator::<init>@1 (line 64)
                      ; - jdk.internal.reflect.NativeConstructorAccessorImpl::newInstance@56 (line 63)
  0x000001fc30b88d10: 1012 07e9 | daf8 ffff 

  0x000001fc30b88d18: ;   {metadata({method} {0x000001fc474409a8} '<init>' '()V' in 'java/lang/Object')}
  0x000001fc30b88d18: 49ba a009 | 4447 fc01 | 0000 4c89 | 5424 0848 | c704 24ff 

  0x000001fc30b88d2c: ;   {runtime_call counter_overflow Runtime1 stub}
  0x000001fc30b88d2c: ffff ffe8 

  0x000001fc30b88d30: ; ImmutableOopMap {[112]=Oop rbx=Oop [104]=Oop rax=Oop }
                      ;*synchronization entry
                      ; - java.lang.Object::<init>@-1 (line 44)
                      ; - jdk.internal.reflect.AccessorGenerator::<init>@1 (line 33)
                      ; - jdk.internal.reflect.MethodAccessorGenerator::<init>@1 (line 64)
                      ; - jdk.internal.reflect.NativeConstructorAccessorImpl::newInstance@56 (line 63)
  0x000001fc30b88d30: 4c10 1207 | e9f6 f8ff 

  0x000001fc30b88d38: ;   {runtime_call throw_null_pointer_exception Runtime1 stub}
  0x000001fc30b88d38: ffe8 62f8 

  0x000001fc30b88d3c: ; ImmutableOopMap {[112]=Oop rbx=Oop [104]=Oop rax=Oop rdx=Oop }
                      ;*invokevirtual getDeclaringClass {reexecute=0 rethrow=0 return_oop=0}
                      ; - jdk.internal.reflect.NativeConstructorAccessorImpl::newInstance@63 (line 65)
                      ;   {metadata({method} {0x000001fc47055178} 'getParameterTypes' '()[Ljava/lang/Class;' in 'java/lang/reflect/Constructor')}
  0x000001fc30b88d3c: 0807 49ba | 7051 0547 | fc01 0000 | 4c89 5424 | 0848 c704 | 24ff ffff 

  0x000001fc30b88d54: ;   {runtime_call counter_overflow Runtime1 stub}
  0x000001fc30b88d54: ffe8 2610 

  0x000001fc30b88d58: ; ImmutableOopMap {[112]=Oop rbx=Oop [104]=Oop rax=Oop rdx=Oop rsi=Oop }
                      ;*synchronization entry
                      ; - java.lang.reflect.Constructor::getParameterTypes@-1 (line 263)
                      ; - jdk.internal.reflect.NativeConstructorAccessorImpl::newInstance@70 (line 66)
  0x000001fc30b88d58: 1207 e93d 

  0x000001fc30b88d5c: ;   {runtime_call throw_null_pointer_exception Runtime1 stub}
  0x000001fc30b88d5c: f9ff ffe8 

  0x000001fc30b88d60: ; ImmutableOopMap {[112]=Oop rbx=Oop [104]=Oop rax=Oop rsi=Oop rdx=Oop }
                      ;*invokevirtual clone {reexecute=0 rethrow=0 return_oop=0}
                      ; - java.lang.reflect.Constructor::getParameterTypes@4 (line 263)
                      ; - jdk.internal.reflect.NativeConstructorAccessorImpl::newInstance@70 (line 66)
  0x000001fc30b88d60: 3cf8 0807 | 4889 0424 

  0x000001fc30b88d68: ;   {runtime_call throw_class_cast_exception Runtime1 stub}
  0x000001fc30b88d68: e8b3 d308 

  0x000001fc30b88d6c: ; ImmutableOopMap {[112]=Oop [120]=Oop [104]=Oop [128]=Oop }
                      ;*checkcast {reexecute=0 rethrow=0 return_oop=0}
                      ; - java.lang.reflect.Constructor::getParameterTypes@7 (line 263)
                      ; - jdk.internal.reflect.NativeConstructorAccessorImpl::newInstance@70 (line 66)
                      ;   {runtime_call throw_null_pointer_exception Runtime1 stub}
  0x000001fc30b88d6c: 07e8 2ef8 

  0x000001fc30b88d70: ; ImmutableOopMap {[112]=Oop [120]=Oop [128]=Oop rsi=Oop rdx=Oop [104]=Oop rdi=Oop }
                      ;*invokevirtual getExceptionTypes {reexecute=0 rethrow=0 return_oop=0}
                      ; - jdk.internal.reflect.NativeConstructorAccessorImpl::newInstance@77 (line 67)
                      ;   {metadata({method} {0x000001fc470555f0} 'getExceptionTypes' '()[Ljava/lang/Class;' in 'java/lang/reflect/Constructor')}
  0x000001fc30b88d70: 0807 49ba | e855 0547 | fc01 0000 | 4c89 5424 | 0848 c704 | 24ff ffff 

  0x000001fc30b88d88: ;   {runtime_call counter_overflow Runtime1 stub}
  0x000001fc30b88d88: ffe8 f20f 

  0x000001fc30b88d8c: ; ImmutableOopMap {[112]=Oop [120]=Oop [128]=Oop rsi=Oop rdx=Oop [104]=Oop rdi=Oop }
                      ;*synchronization entry
                      ; - java.lang.reflect.Constructor::getExceptionTypes@-1 (line 289)
                      ; - jdk.internal.reflect.NativeConstructorAccessorImpl::newInstance@77 (line 67)
  0x000001fc30b88d8c: 1207 e903 

  0x000001fc30b88d90: ;   {runtime_call throw_null_pointer_exception Runtime1 stub}
  0x000001fc30b88d90: fbff ffe8 

  0x000001fc30b88d94: ; ImmutableOopMap {[112]=Oop [120]=Oop [128]=Oop rsi=Oop rdx=Oop [104]=Oop rdi=Oop }
                      ;*invokevirtual clone {reexecute=0 rethrow=0 return_oop=0}
                      ; - java.lang.reflect.Constructor::getExceptionTypes@4 (line 289)
                      ; - jdk.internal.reflect.NativeConstructorAccessorImpl::newInstance@77 (line 67)
  0x000001fc30b88d94: 08f8 0807 | 4889 0424 

  0x000001fc30b88d9c: ;   {runtime_call throw_class_cast_exception Runtime1 stub}
  0x000001fc30b88d9c: e87f d308 

  0x000001fc30b88da0: ; ImmutableOopMap {[112]=Oop [120]=Oop [128]=Oop [104]=Oop [136]=Oop }
                      ;*checkcast {reexecute=0 rethrow=0 return_oop=0}
                      ; - java.lang.reflect.Constructor::getExceptionTypes@7 (line 289)
                      ; - jdk.internal.reflect.NativeConstructorAccessorImpl::newInstance@77 (line 67)
                      ;   {runtime_call throw_null_pointer_exception Runtime1 stub}
  0x000001fc30b88da0: 07e8 faf7 

  0x000001fc30b88da4: ; ImmutableOopMap {[112]=Oop [120]=Oop [128]=Oop [136]=Oop rdi=Oop rdx=Oop [104]=Oop r8=Oop }
                      ;*invokevirtual getModifiers {reexecute=0 rethrow=0 return_oop=0}
                      ; - jdk.internal.reflect.NativeConstructorAccessorImpl::newInstance@84 (line 68)
  0x000001fc30b88da4: 0807 4889 

  0x000001fc30b88da8: ;   {runtime_call throw_class_cast_exception Runtime1 stub}
  0x000001fc30b88da8: 0424 e871 

  0x000001fc30b88dac: ; ImmutableOopMap {[112]=Oop [104]=Oop }
                      ;*checkcast {reexecute=0 rethrow=0 return_oop=0}
                      ; - jdk.internal.reflect.NativeConstructorAccessorImpl::newInstance@90 (line 65)
                      ;   {runtime_call throw_null_pointer_exception Runtime1 stub}
  0x000001fc30b88dac: d308 07e8 

  0x000001fc30b88db0: ; ImmutableOopMap {[112]=Oop rdx=Oop rsi=Oop [104]=Oop r8=Oop }
                      ;*invokevirtual setDelegate {reexecute=0 rethrow=0 return_oop=0}
                      ; - jdk.internal.reflect.NativeConstructorAccessorImpl::newInstance@99 (line 69)
  0x000001fc30b88db0: ecf7 0807 | 418b 780c | 4883 ff00 | 0f84 24fe | ffff 4889 

  0x000001fc30b88dc4: ;   {runtime_call g1_pre_barrier_slow}
  0x000001fc30b88dc4: 3c24 e8b5 | 0912 07e9 | 16fe ffff | 4883 fa00 | 0f84 27fe | ffff 4c89 

  0x000001fc30b88ddc: ;   {runtime_call g1_post_barrier_slow}
  0x000001fc30b88ddc: 0424 e81d | 0412 07e9 | 19fe ffff 

  0x000001fc30b88de8: ;   {internal_word}
  0x000001fc30b88de8: 49ba 3c8c | b830 fc01 | 0000 4d89 | 9768 0300 

  0x000001fc30b88df8: ;   {runtime_call SafepointBlob}
  0x000001fc30b88df8: 00e9 02ec | 0707 9090 | 498b 87e0 | 0300 0049 | c787 e003 | 0000 0000 | 0000 49c7 | 87e8 0300 
  0x000001fc30b88e18: 0000 0000 | 0048 81c4 | a000 0000 

  0x000001fc30b88e24: ;   {runtime_call unwind_exception Runtime1 stub}
  0x000001fc30b88e24: 5de9 5606 | 0907 f4f4 | f4f4 f4f4 | f4f4 f4f4 | f4f4 f4f4 | f4f4 f4f4 | f4f4 f4f4 
[Stub Code]
  0x000001fc30b88e40: ;   {no_reloc}
  0x000001fc30b88e40: 0f1f 4400 

  0x000001fc30b88e44: ;   {static_stub}
  0x000001fc30b88e44: 0048 bb00 | 0000 0000 

  0x000001fc30b88e4c: ;   {runtime_call}
  0x000001fc30b88e4c: 0000 00e9 | fbff ffff 

  0x000001fc30b88e54: ;   {static_stub}
  0x000001fc30b88e54: 9048 bb00 | 0000 0000 

  0x000001fc30b88e5c: ;   {runtime_call}
  0x000001fc30b88e5c: 0000 00e9 | fbff ffff 

  0x000001fc30b88e64: ;   {static_stub}
  0x000001fc30b88e64: 9048 bb00 | 0000 0000 

  0x000001fc30b88e6c: ;   {runtime_call}
  0x000001fc30b88e6c: 0000 00e9 | fbff ffff 

  0x000001fc30b88e74: ;   {static_stub}
  0x000001fc30b88e74: 9048 bb78 | 9821 88fc 

  0x000001fc30b88e7c: ;   {runtime_call I2C/C2I adapters}
  0x000001fc30b88e7c: 0100 00e9 | 64c6 0507 

  0x000001fc30b88e84: ;   {static_stub}
  0x000001fc30b88e84: 9048 bb00 | 0000 0000 

  0x000001fc30b88e8c: ;   {runtime_call}
  0x000001fc30b88e8c: 0000 00e9 | fbff ffff 
[Exception Handler]
  0x000001fc30b88e94: ;   {runtime_call handle_exception_from_callee Runtime1 stub}
  0x000001fc30b88e94: e8e7 d808 

  0x000001fc30b88e98: ;   {external_word}
  0x000001fc30b88e98: 0748 b930 | 9af9 a1fb | 7f00 0048 

  0x000001fc30b88ea4: ;   {runtime_call}
  0x000001fc30b88ea4: 83e4 f049 | ba40 2bc2 | a1fb 7f00 | 0041 ffd2 

  0x000001fc30b88eb4: ;   {section_word}
  0x000001fc30b88eb4: f449 bab5 | 8eb8 30fc | 0100 0041 

  0x000001fc30b88ec0: ;   {runtime_call DeoptimizationBlob}
  0x000001fc30b88ec0: 52e9 dadd | 0707 f4f4 
[/MachCode]


---------------  P R O C E S S  ---------------

Threads class SMR info:
_java_thread_list=0x000001fc8e2d2630, length=46, elements={
0x000001fc28b5a2a0, 0x000001fc467b2310, 0x000001fc467b4960, 0x000001fc467ce6b0,
0x000001fc467cef80, 0x000001fc467cf850, 0x000001fc467d2130, 0x000001fc467d2d30,
0x000001fc467d9030, 0x000001fc4685f280, 0x000001fc4679a7d0, 0x000001fc46a4b9d0,
0x000001fc46adc6d0, 0x000001fc4682cab0, 0x000001fc8d5a6af0, 0x000001fc8cb44510,
0x000001fc8c02f910, 0x000001fc8d3b7ec0, 0x000001fc8cb94030, 0x000001fc46899ce0,
0x000001fc468988a0, 0x000001fc46896530, 0x000001fc46897970, 0x000001fc46896a40,
0x000001fc46898db0, 0x000001fc46897e80, 0x000001fc468992c0, 0x000001fc46897460,
0x000001fc468997d0, 0x000001fc46896f50, 0x000001fc8e588e30, 0x000001fc8e58a780,
0x000001fc8e58ac90, 0x000001fc8e58bbc0, 0x000001fc8e58c0d0, 0x000001fc8e58caf0,
0x000001fc8e58c5e0, 0x000001fc8e58d000, 0x000001fc8e589850, 0x000001fc8e58d510,
0x000001fc8e589d60, 0x000001fc8e58da20, 0x000001fc8e58a270, 0x000001fc8e58e440,
0x000001fc8e58df30, 0x000001fc8e58fd90
}

Java Threads: ( => current thread )
  0x000001fc28b5a2a0 JavaThread "main" [_thread_blocked, id=8228, stack(0x000000d6b1300000,0x000000d6b1400000)]
  0x000001fc467b2310 JavaThread "Reference Handler" daemon [_thread_blocked, id=4132, stack(0x000000d6b1a00000,0x000000d6b1b00000)]
  0x000001fc467b4960 JavaThread "Finalizer" daemon [_thread_blocked, id=19164, stack(0x000000d6b1b00000,0x000000d6b1c00000)]
  0x000001fc467ce6b0 JavaThread "Signal Dispatcher" daemon [_thread_blocked, id=22420, stack(0x000000d6b1c00000,0x000000d6b1d00000)]
  0x000001fc467cef80 JavaThread "Attach Listener" daemon [_thread_blocked, id=7964, stack(0x000000d6b1d00000,0x000000d6b1e00000)]
  0x000001fc467cf850 JavaThread "Service Thread" daemon [_thread_blocked, id=20492, stack(0x000000d6b1e00000,0x000000d6b1f00000)]
  0x000001fc467d2130 JavaThread "Monitor Deflation Thread" daemon [_thread_blocked, id=22056, stack(0x000000d6b1f00000,0x000000d6b2000000)]
  0x000001fc467d2d30 JavaThread "C2 CompilerThread0" daemon [_thread_blocked, id=3492, stack(0x000000d6b2000000,0x000000d6b2100000)]
  0x000001fc467d9030 JavaThread "C1 CompilerThread0" daemon [_thread_blocked, id=18688, stack(0x000000d6b2100000,0x000000d6b2200000)]
  0x000001fc4685f280 JavaThread "Sweeper thread" daemon [_thread_blocked, id=11672, stack(0x000000d6b2200000,0x000000d6b2300000)]
  0x000001fc4679a7d0 JavaThread "Common-Cleaner" daemon [_thread_blocked, id=18264, stack(0x000000d6b2300000,0x000000d6b2400000)]
  0x000001fc46a4b9d0 JavaThread "Notification Thread" daemon [_thread_blocked, id=19112, stack(0x000000d6b2400000,0x000000d6b2500000)]
  0x000001fc46adc6d0 JavaThread "Daemon health stats" [_thread_blocked, id=23184, stack(0x000000d6b2600000,0x000000d6b2700000)]
  0x000001fc4682cab0 JavaThread "Incoming local TCP Connector on port 52220" [_thread_in_native, id=8796, stack(0x000000d6b2a00000,0x000000d6b2b00000)]
  0x000001fc8d5a6af0 JavaThread "Daemon periodic checks" [_thread_blocked, id=12576, stack(0x000000d6b2b00000,0x000000d6b2c00000)]
  0x000001fc8cb44510 JavaThread "Daemon" [_thread_blocked, id=19968, stack(0x000000d6b2c00000,0x000000d6b2d00000)]
  0x000001fc8c02f910 JavaThread "Handler for socket connection from /127.0.0.1:52220 to /127.0.0.1:52222" [_thread_in_native, id=15436, stack(0x000000d6b2d00000,0x000000d6b2e00000)]
  0x000001fc8d3b7ec0 JavaThread "Cancel handler" [_thread_blocked, id=5228, stack(0x000000d6b2e00000,0x000000d6b2f00000)]
=>0x000001fc8cb94030 JavaThread "Daemon worker" [_thread_in_vm, id=19420, stack(0x000000d6b2f00000,0x000000d6b3000000)]
  0x000001fc46899ce0 JavaThread "Asynchronous log dispatcher for DefaultDaemonConnection: socket connection from /127.0.0.1:52220 to /127.0.0.1:52222" [_thread_blocked, id=12244, stack(0x000000d6b3000000,0x000000d6b3100000)]
  0x000001fc468988a0 JavaThread "Stdin handler" [_thread_blocked, id=10544, stack(0x000000d6b3100000,0x000000d6b3200000)]
  0x000001fc46896530 JavaThread "Daemon client event forwarder" [_thread_blocked, id=308, stack(0x000000d6b3200000,0x000000d6b3300000)]
  0x000001fc46897970 JavaThread "Cache worker for journal cache (C:\Users\rizta\.gradle\caches\journal-1)" [_thread_blocked, id=15564, stack(0x000000d6b3300000,0x000000d6b3400000)]
  0x000001fc46896a40 JavaThread "File lock request listener" [_thread_in_native, id=18544, stack(0x000000d6b3400000,0x000000d6b3500000)]
  0x000001fc46898db0 JavaThread "Cache worker for file hash cache (C:\Users\rizta\.gradle\caches\8.8\fileHashes)" [_thread_blocked, id=3036, stack(0x000000d6b3500000,0x000000d6b3600000)]
  0x000001fc46897e80 JavaThread "File lock release action executor" [_thread_blocked, id=16704, stack(0x000000d6b3600000,0x000000d6b3700000)]
  0x000001fc468992c0 JavaThread "Cache worker for file hash cache (G:\proyeksaya\kyusui\android\.gradle\8.8\fileHashes)" [_thread_blocked, id=22696, stack(0x000000d6b3700000,0x000000d6b3800000)]
  0x000001fc46897460 JavaThread "File watcher server" daemon [_thread_in_native, id=23940, stack(0x000000d6b3800000,0x000000d6b3900000)]
  0x000001fc468997d0 JavaThread "File watcher consumer" daemon [_thread_blocked, id=23980, stack(0x000000d6b3900000,0x000000d6b3a00000)]
  0x000001fc46896f50 JavaThread "Cache worker for checksums cache (G:\proyeksaya\kyusui\android\.gradle\8.8\checksums)" [_thread_blocked, id=2956, stack(0x000000d6b3a00000,0x000000d6b3b00000)]
  0x000001fc8e588e30 JavaThread "Cache worker for file content cache (C:\Users\rizta\.gradle\caches\8.8\fileContent)" [_thread_blocked, id=11320, stack(0x000000d6b3b00000,0x000000d6b3c00000)]
  0x000001fc8e58a780 JavaThread "Cache worker for cache directory md-rule (C:\Users\rizta\.gradle\caches\8.8\md-rule)" [_thread_blocked, id=14020, stack(0x000000d6b3c00000,0x000000d6b3d00000)]
  0x000001fc8e58ac90 JavaThread "Cache worker for cache directory md-supplier (C:\Users\rizta\.gradle\caches\8.8\md-supplier)" [_thread_blocked, id=23584, stack(0x000000d6b3d00000,0x000000d6b3e00000)]
  0x000001fc8e58bbc0 JavaThread "Cache worker for Build Output Cleanup Cache (G:\proyeksaya\kyusui\android\.gradle\buildOutputCleanup)" [_thread_blocked, id=23572, stack(0x000000d6b4100000,0x000000d6b4200000)]
  0x000001fc8e58c0d0 JavaThread "Unconstrained build operations" [_thread_blocked, id=18080, stack(0x000000d6b1100000,0x000000d6b1200000)]
  0x000001fc8e58caf0 JavaThread "Unconstrained build operations Thread 2" [_thread_blocked, id=23956, stack(0x000000d6b1200000,0x000000d6b1300000)]
  0x000001fc8e58c5e0 JavaThread "Unconstrained build operations Thread 3" [_thread_blocked, id=23888, stack(0x000000d6b4200000,0x000000d6b4300000)]
  0x000001fc8e58d000 JavaThread "Unconstrained build operations Thread 4" [_thread_blocked, id=21996, stack(0x000000d6b4300000,0x000000d6b4400000)]
  0x000001fc8e589850 JavaThread "Unconstrained build operations Thread 5" [_thread_blocked, id=23700, stack(0x000000d6b4400000,0x000000d6b4500000)]
  0x000001fc8e58d510 JavaThread "Unconstrained build operations Thread 6" [_thread_blocked, id=23972, stack(0x000000d6b4500000,0x000000d6b4600000)]
  0x000001fc8e589d60 JavaThread "Unconstrained build operations Thread 7" [_thread_blocked, id=23864, stack(0x000000d6b4600000,0x000000d6b4700000)]
  0x000001fc8e58da20 JavaThread "Unconstrained build operations Thread 8" [_thread_blocked, id=24524, stack(0x000000d6b4700000,0x000000d6b4800000)]
  0x000001fc8e58a270 JavaThread "Unconstrained build operations Thread 9" [_thread_blocked, id=24408, stack(0x000000d6b4800000,0x000000d6b4900000)]
  0x000001fc8e58e440 JavaThread "Unconstrained build operations Thread 10" [_thread_blocked, id=20172, stack(0x000000d6b4900000,0x000000d6b4a00000)]
  0x000001fc8e58df30 JavaThread "Unconstrained build operations Thread 11" [_thread_blocked, id=2000, stack(0x000000d6b4a00000,0x000000d6b4b00000)]
  0x000001fc8e58fd90 JavaThread "Unconstrained build operations Thread 12" [_thread_blocked, id=24024, stack(0x000000d6b4b00000,0x000000d6b4c00000)]

Other Threads:
  0x000001fc467aa850 VMThread "VM Thread" [stack: 0x000000d6b1900000,0x000000d6b1a00000] [id=5488]
  0x000001fc469d0e60 WatcherThread [stack: 0x000000d6b2500000,0x000000d6b2600000] [id=20328]
  0x000001fc28bb8660 GCTaskThread "GC Thread#0" [stack: 0x000000d6b1400000,0x000000d6b1500000] [id=5060]
  0x000001fc8c3da430 GCTaskThread "GC Thread#1" [stack: 0x000000d6b2700000,0x000000d6b2800000] [id=20540]
  0x000001fc46abc7f0 GCTaskThread "GC Thread#2" [stack: 0x000000d6b2800000,0x000000d6b2900000] [id=18092]
  0x000001fc8c227040 GCTaskThread "GC Thread#3" [stack: 0x000000d6b2900000,0x000000d6b2a00000] [id=17248]
  0x000001fc28bca4d0 ConcurrentGCThread "G1 Main Marker" [stack: 0x000000d6b1500000,0x000000d6b1600000] [id=13260]
  0x000001fc28bcae00 ConcurrentGCThread "G1 Conc#0" [stack: 0x000000d6b1600000,0x000000d6b1700000] [id=6792]
  0x000001fc28c0ec60 ConcurrentGCThread "G1 Refine#0" [stack: 0x000000d6b1700000,0x000000d6b1800000] [id=23544]
  0x000001fc8d4889b0 ConcurrentGCThread "G1 Refine#1" [stack: 0x000000d6b3e00000,0x000000d6b3f00000] [id=23772]
  0x000001fc46664830 ConcurrentGCThread "G1 Service" [stack: 0x000000d6b1800000,0x000000d6b1900000] [id=22392]

Threads with active compile tasks:

VM state: not at safepoint (normal execution)

VM Mutex/Monitor currently owned by a thread:  ([mutex/lock_event])
[0x000001fc2691e800] Metaspace_lock - owner thread: 0x000001fc8cb94030

Heap address: 0x0000000080000000, size: 2048 MB, Compressed Oops mode: 32-bit

CDS archive(s) mapped at: [0x000001fc47000000-0x000001fc47bb0000-0x000001fc47bb0000), size 12255232, SharedBaseAddress: 0x000001fc47000000, ArchiveRelocationMode: 1.
Compressed class space mapped at: 0x000001fc48000000-0x000001fc88000000, reserved size: 1073741824
Narrow klass base: 0x000001fc47000000, Narrow klass shift: 0, Narrow klass range: 0x100000000

GC Precious Log:
 CPUs: 4 total, 4 available
 Memory: 20317M
 Large Page Support: Disabled
 NUMA Support: Disabled
 Compressed Oops: Enabled (32-bit)
 Heap Region Size: 1M
 Heap Min Capacity: 8M
 Heap Initial Capacity: 318M
 Heap Max Capacity: 2G
 Pre-touch: Disabled
 Parallel Workers: 4
 Concurrent Workers: 1
 Concurrent Refinement Workers: 4
 Periodic GC: Disabled

Heap:
 garbage-first heap   total 192512K, used 162314K [0x0000000080000000, 0x0000000100000000)
  region size 1024K, 102 young (104448K), 1 survivors (1024K)
 Metaspace       used 58973K, committed 59584K, reserved 1114112K
  class space    used 8069K, committed 8384K, reserved 1048576K

Heap Regions: E=young(eden), S=young(survivor), O=old, HS=humongous(starts), HC=humongous(continues), CS=collection set, F=free, OA=open archive, CA=closed archive, TAMS=top-at-mark-start (previous, next)
|   0|0x0000000080000000, 0x0000000080100000, 0x0000000080100000|100%| O|  |TAMS 0x0000000080100000, 0x0000000080000000| Untracked 
|   1|0x0000000080100000, 0x0000000080200000, 0x0000000080200000|100%|HS|  |TAMS 0x0000000080200000, 0x0000000080100000| Complete 
|   2|0x0000000080200000, 0x0000000080300000, 0x0000000080300000|100%|HC|  |TAMS 0x0000000080300000, 0x0000000080200000| Complete 
|   3|0x0000000080300000, 0x0000000080400000, 0x0000000080400000|100%|HC|  |TAMS 0x0000000080400000, 0x0000000080300000| Complete 
|   4|0x0000000080400000, 0x0000000080500000, 0x0000000080500000|100%|HC|  |TAMS 0x0000000080500000, 0x0000000080400000| Complete 
|   5|0x0000000080500000, 0x0000000080600000, 0x0000000080600000|100%| O|  |TAMS 0x0000000080600000, 0x0000000080500000| Untracked 
|   6|0x0000000080600000, 0x0000000080700000, 0x0000000080700000|100%| O|  |TAMS 0x0000000080700000, 0x0000000080600000| Untracked 
|   7|0x0000000080700000, 0x0000000080800000, 0x0000000080800000|100%| O|  |TAMS 0x0000000080800000, 0x0000000080700000| Untracked 
|   8|0x0000000080800000, 0x0000000080900000, 0x0000000080900000|100%| O|  |TAMS 0x0000000080900000, 0x0000000080800000| Untracked 
|   9|0x0000000080900000, 0x0000000080a00000, 0x0000000080a00000|100%| O|  |TAMS 0x0000000080a00000, 0x0000000080900000| Untracked 
|  10|0x0000000080a00000, 0x0000000080b00000, 0x0000000080b00000|100%| O|  |TAMS 0x0000000080b00000, 0x0000000080a00000| Untracked 
|  11|0x0000000080b00000, 0x0000000080c00000, 0x0000000080c00000|100%| O|  |TAMS 0x0000000080b00000, 0x0000000080b00000| Untracked 
|  12|0x0000000080c00000, 0x0000000080d00000, 0x0000000080d00000|100%|HS|  |TAMS 0x0000000080d00000, 0x0000000080c00000| Complete 
|  13|0x0000000080d00000, 0x0000000080e00000, 0x0000000080e00000|100%| O|  |TAMS 0x0000000080e00000, 0x0000000080d00000| Untracked 
|  14|0x0000000080e00000, 0x0000000080f00000, 0x0000000080f00000|100%| O|  |TAMS 0x0000000080f00000, 0x0000000080e00000| Untracked 
|  15|0x0000000080f00000, 0x0000000081000000, 0x0000000081000000|100%| O|  |TAMS 0x0000000081000000, 0x0000000080f00000| Untracked 
|  16|0x0000000081000000, 0x0000000081100000, 0x0000000081100000|100%| O|  |TAMS 0x0000000081100000, 0x0000000081000000| Untracked 
|  17|0x0000000081100000, 0x0000000081200000, 0x0000000081200000|100%| O|  |TAMS 0x0000000081200000, 0x0000000081100000| Untracked 
|  18|0x0000000081200000, 0x0000000081300000, 0x0000000081300000|100%| O|  |TAMS 0x0000000081300000, 0x0000000081200000| Untracked 
|  19|0x0000000081300000, 0x0000000081400000, 0x0000000081400000|100%| O|  |TAMS 0x0000000081400000, 0x0000000081300000| Untracked 
|  20|0x0000000081400000, 0x0000000081500000, 0x0000000081500000|100%| O|  |TAMS 0x0000000081500000, 0x0000000081400000| Untracked 
|  21|0x0000000081500000, 0x0000000081600000, 0x0000000081600000|100%| O|  |TAMS 0x0000000081600000, 0x0000000081500000| Untracked 
|  22|0x0000000081600000, 0x0000000081700000, 0x0000000081700000|100%| O|  |TAMS 0x0000000081700000, 0x0000000081600000| Untracked 
|  23|0x0000000081700000, 0x0000000081800000, 0x0000000081800000|100%| O|  |TAMS 0x0000000081800000, 0x0000000081700000| Untracked 
|  24|0x0000000081800000, 0x0000000081900000, 0x0000000081900000|100%| O|  |TAMS 0x0000000081900000, 0x0000000081800000| Untracked 
|  25|0x0000000081900000, 0x0000000081a00000, 0x0000000081a00000|100%| O|  |TAMS 0x0000000081a00000, 0x0000000081900000| Untracked 
|  26|0x0000000081a00000, 0x0000000081b00000, 0x0000000081b00000|100%| O|  |TAMS 0x0000000081b00000, 0x0000000081a00000| Untracked 
|  27|0x0000000081b00000, 0x0000000081c00000, 0x0000000081c00000|100%| O|  |TAMS 0x0000000081c00000, 0x0000000081b00000| Untracked 
|  28|0x0000000081c00000, 0x0000000081d00000, 0x0000000081d00000|100%| O|  |TAMS 0x0000000081d00000, 0x0000000081c00000| Untracked 
|  29|0x0000000081d00000, 0x0000000081e00000, 0x0000000081e00000|100%| O|  |TAMS 0x0000000081e00000, 0x0000000081d00000| Untracked 
|  30|0x0000000081e00000, 0x0000000081f00000, 0x0000000081f00000|100%| O|  |TAMS 0x0000000081f00000, 0x0000000081e00000| Untracked 
|  31|0x0000000081f00000, 0x0000000082000000, 0x0000000082000000|100%| O|  |TAMS 0x0000000082000000, 0x0000000081f00000| Untracked 
|  32|0x0000000082000000, 0x0000000082100000, 0x0000000082100000|100%| O|  |TAMS 0x0000000082100000, 0x0000000082000000| Untracked 
|  33|0x0000000082100000, 0x0000000082200000, 0x0000000082200000|100%| O|  |TAMS 0x0000000082200000, 0x0000000082100000| Untracked 
|  34|0x0000000082200000, 0x0000000082300000, 0x0000000082300000|100%| O|  |TAMS 0x0000000082300000, 0x0000000082200000| Untracked 
|  35|0x0000000082300000, 0x0000000082400000, 0x0000000082400000|100%| O|  |TAMS 0x0000000082400000, 0x0000000082300000| Untracked 
|  36|0x0000000082400000, 0x0000000082500000, 0x0000000082500000|100%| O|  |TAMS 0x0000000082500000, 0x0000000082400000| Untracked 
|  37|0x0000000082500000, 0x0000000082600000, 0x0000000082600000|100%| O|  |TAMS 0x0000000082600000, 0x0000000082500000| Untracked 
|  38|0x0000000082600000, 0x0000000082700000, 0x0000000082700000|100%| O|  |TAMS 0x0000000082700000, 0x0000000082600000| Untracked 
|  39|0x0000000082700000, 0x0000000082800000, 0x0000000082800000|100%| O|  |TAMS 0x0000000082800000, 0x0000000082700000| Untracked 
|  40|0x0000000082800000, 0x0000000082900000, 0x0000000082900000|100%| O|  |TAMS 0x0000000082900000, 0x0000000082800000| Untracked 
|  41|0x0000000082900000, 0x0000000082a00000, 0x0000000082a00000|100%| O|  |TAMS 0x0000000082a00000, 0x0000000082900000| Untracked 
|  42|0x0000000082a00000, 0x0000000082b00000, 0x0000000082b00000|100%| O|  |TAMS 0x0000000082b00000, 0x0000000082a00000| Untracked 
|  43|0x0000000082b00000, 0x0000000082c00000, 0x0000000082c00000|100%| O|  |TAMS 0x0000000082c00000, 0x0000000082b00000| Untracked 
|  44|0x0000000082c00000, 0x0000000082d00000, 0x0000000082d00000|100%| O|  |TAMS 0x0000000082d00000, 0x0000000082c00000| Untracked 
|  45|0x0000000082d00000, 0x0000000082e00000, 0x0000000082e00000|100%|HS|  |TAMS 0x0000000082d00000, 0x0000000082d00000| Complete 
|  46|0x0000000082e00000, 0x0000000082f00000, 0x0000000082f00000|100%| O|  |TAMS 0x0000000082eb9000, 0x0000000082e00000| Untracked 
|  47|0x0000000082f00000, 0x0000000083000000, 0x0000000083000000|100%| O|  |TAMS 0x0000000082f00000, 0x0000000082f00000| Untracked 
|  48|0x0000000083000000, 0x0000000083100000, 0x0000000083100000|100%| O|  |TAMS 0x0000000083000000, 0x0000000083000000| Untracked 
|  49|0x0000000083100000, 0x0000000083200000, 0x0000000083200000|100%|HS|  |TAMS 0x0000000083100000, 0x0000000083100000| Complete 
|  50|0x0000000083200000, 0x0000000083300000, 0x0000000083300000|100%|HC|  |TAMS 0x0000000083200000, 0x0000000083200000| Complete 
|  51|0x0000000083300000, 0x0000000083400000, 0x0000000083400000|100%|HS|  |TAMS 0x0000000083300000, 0x0000000083300000| Complete 
|  52|0x0000000083400000, 0x0000000083500000, 0x0000000083500000|100%|HS|  |TAMS 0x0000000083400000, 0x0000000083400000| Complete 
|  53|0x0000000083500000, 0x0000000083600000, 0x0000000083600000|100%|HS|  |TAMS 0x0000000083500000, 0x0000000083500000| Complete 
|  54|0x0000000083600000, 0x0000000083700000, 0x0000000083700000|100%|HC|  |TAMS 0x0000000083600000, 0x0000000083600000| Complete 
|  55|0x0000000083700000, 0x0000000083800000, 0x0000000083800000|100%|HC|  |TAMS 0x0000000083700000, 0x0000000083700000| Complete 
|  56|0x0000000083800000, 0x0000000083900000, 0x0000000083900000|100%|HS|  |TAMS 0x0000000083800000, 0x0000000083800000| Complete 
|  57|0x0000000083900000, 0x0000000083a00000, 0x0000000083a00000|100%|HS|  |TAMS 0x0000000083900000, 0x0000000083900000| Complete 
|  58|0x0000000083a00000, 0x0000000083b00000, 0x0000000083b00000|100%|HS|  |TAMS 0x0000000083a00000, 0x0000000083a00000| Complete 
|  59|0x0000000083b00000, 0x0000000083b00000, 0x0000000083c00000|  0%| F|  |TAMS 0x0000000083b00000, 0x0000000083b00000| Untracked 
|  60|0x0000000083c00000, 0x0000000083c00000, 0x0000000083d00000|  0%| F|  |TAMS 0x0000000083c00000, 0x0000000083c00000| Untracked 
|  61|0x0000000083d00000, 0x0000000083d00000, 0x0000000083e00000|  0%| F|  |TAMS 0x0000000083d00000, 0x0000000083d00000| Untracked 
|  62|0x0000000083e00000, 0x0000000083e00000, 0x0000000083f00000|  0%| F|  |TAMS 0x0000000083e00000, 0x0000000083e00000| Untracked 
|  63|0x0000000083f00000, 0x0000000083f00000, 0x0000000084000000|  0%| F|  |TAMS 0x0000000083f00000, 0x0000000083f00000| Untracked 
|  64|0x0000000084000000, 0x0000000084000000, 0x0000000084100000|  0%| F|  |TAMS 0x0000000084000000, 0x0000000084000000| Untracked 
|  65|0x0000000084100000, 0x0000000084100000, 0x0000000084200000|  0%| F|  |TAMS 0x0000000084100000, 0x0000000084100000| Untracked 
|  66|0x0000000084200000, 0x0000000084200000, 0x0000000084300000|  0%| F|  |TAMS 0x0000000084200000, 0x0000000084200000| Untracked 
|  67|0x0000000084300000, 0x0000000084300000, 0x0000000084400000|  0%| F|  |TAMS 0x0000000084300000, 0x0000000084300000| Untracked 
|  68|0x0000000084400000, 0x0000000084400000, 0x0000000084500000|  0%| F|  |TAMS 0x0000000084400000, 0x0000000084400000| Untracked 
|  69|0x0000000084500000, 0x0000000084500000, 0x0000000084600000|  0%| F|  |TAMS 0x0000000084500000, 0x0000000084500000| Untracked 
|  70|0x0000000084600000, 0x0000000084600000, 0x0000000084700000|  0%| F|  |TAMS 0x0000000084600000, 0x0000000084600000| Untracked 
|  71|0x0000000084700000, 0x0000000084700000, 0x0000000084800000|  0%| F|  |TAMS 0x0000000084700000, 0x0000000084700000| Untracked 
|  72|0x0000000084800000, 0x0000000084800000, 0x0000000084900000|  0%| F|  |TAMS 0x0000000084800000, 0x0000000084800000| Untracked 
|  73|0x0000000084900000, 0x0000000084900000, 0x0000000084a00000|  0%| F|  |TAMS 0x0000000084900000, 0x0000000084900000| Untracked 
|  74|0x0000000084a00000, 0x0000000084a00000, 0x0000000084b00000|  0%| F|  |TAMS 0x0000000084a00000, 0x0000000084a00000| Untracked 
|  75|0x0000000084b00000, 0x0000000084b00000, 0x0000000084c00000|  0%| F|  |TAMS 0x0000000084b00000, 0x0000000084b00000| Untracked 
|  76|0x0000000084c00000, 0x0000000084c00000, 0x0000000084d00000|  0%| F|  |TAMS 0x0000000084c00000, 0x0000000084c00000| Untracked 
|  77|0x0000000084d00000, 0x0000000084d00000, 0x0000000084e00000|  0%| F|  |TAMS 0x0000000084d00000, 0x0000000084d00000| Untracked 
|  78|0x0000000084e00000, 0x0000000084e00000, 0x0000000084f00000|  0%| F|  |TAMS 0x0000000084e00000, 0x0000000084e00000| Untracked 
|  79|0x0000000084f00000, 0x0000000084f00000, 0x0000000085000000|  0%| F|  |TAMS 0x0000000084f00000, 0x0000000084f00000| Untracked 
|  80|0x0000000085000000, 0x0000000085000000, 0x0000000085100000|  0%| F|  |TAMS 0x0000000085000000, 0x0000000085000000| Untracked 
|  81|0x0000000085100000, 0x0000000085100000, 0x0000000085200000|  0%| F|  |TAMS 0x0000000085100000, 0x0000000085100000| Untracked 
|  82|0x0000000085200000, 0x0000000085200000, 0x0000000085300000|  0%| F|  |TAMS 0x0000000085200000, 0x0000000085200000| Untracked 
|  83|0x0000000085300000, 0x0000000085300000, 0x0000000085400000|  0%| F|  |TAMS 0x0000000085300000, 0x0000000085300000| Untracked 
|  84|0x0000000085400000, 0x0000000085400000, 0x0000000085500000|  0%| F|  |TAMS 0x0000000085400000, 0x0000000085400000| Untracked 
|  85|0x0000000085500000, 0x0000000085500000, 0x0000000085600000|  0%| F|  |TAMS 0x0000000085500000, 0x0000000085500000| Untracked 
|  86|0x0000000085600000, 0x00000000856b0948, 0x0000000085700000| 68%| E|  |TAMS 0x0000000085600000, 0x0000000085600000| Complete 
|  87|0x0000000085700000, 0x0000000085800000, 0x0000000085800000|100%| E|CS|TAMS 0x0000000085700000, 0x0000000085700000| Complete 
|  88|0x0000000085800000, 0x0000000085900000, 0x0000000085900000|100%| E|CS|TAMS 0x0000000085800000, 0x0000000085800000| Complete 
|  89|0x0000000085900000, 0x0000000085a00000, 0x0000000085a00000|100%| E|CS|TAMS 0x0000000085900000, 0x0000000085900000| Complete 
|  90|0x0000000085a00000, 0x0000000085b00000, 0x0000000085b00000|100%| E|CS|TAMS 0x0000000085a00000, 0x0000000085a00000| Complete 
|  91|0x0000000085b00000, 0x0000000085c00000, 0x0000000085c00000|100%| E|CS|TAMS 0x0000000085b00000, 0x0000000085b00000| Complete 
|  92|0x0000000085c00000, 0x0000000085d00000, 0x0000000085d00000|100%| E|CS|TAMS 0x0000000085c00000, 0x0000000085c00000| Complete 
|  93|0x0000000085d00000, 0x0000000085e00000, 0x0000000085e00000|100%| E|CS|TAMS 0x0000000085d00000, 0x0000000085d00000| Complete 
|  94|0x0000000085e00000, 0x0000000085f00000, 0x0000000085f00000|100%| E|CS|TAMS 0x0000000085e00000, 0x0000000085e00000| Complete 
|  95|0x0000000085f00000, 0x0000000086000000, 0x0000000086000000|100%| E|CS|TAMS 0x0000000085f00000, 0x0000000085f00000| Complete 
|  96|0x0000000086000000, 0x0000000086100000, 0x0000000086100000|100%| E|CS|TAMS 0x0000000086000000, 0x0000000086000000| Complete 
|  97|0x0000000086100000, 0x0000000086200000, 0x0000000086200000|100%| E|CS|TAMS 0x0000000086100000, 0x0000000086100000| Complete 
|  98|0x0000000086200000, 0x0000000086300000, 0x0000000086300000|100%| E|CS|TAMS 0x0000000086200000, 0x0000000086200000| Complete 
|  99|0x0000000086300000, 0x0000000086400000, 0x0000000086400000|100%| E|CS|TAMS 0x0000000086300000, 0x0000000086300000| Complete 
| 100|0x0000000086400000, 0x0000000086500000, 0x0000000086500000|100%| E|CS|TAMS 0x0000000086400000, 0x0000000086400000| Complete 
| 101|0x0000000086500000, 0x0000000086600000, 0x0000000086600000|100%| E|CS|TAMS 0x0000000086500000, 0x0000000086500000| Complete 
| 102|0x0000000086600000, 0x0000000086700000, 0x0000000086700000|100%| E|CS|TAMS 0x0000000086600000, 0x0000000086600000| Complete 
| 103|0x0000000086700000, 0x0000000086800000, 0x0000000086800000|100%| E|CS|TAMS 0x0000000086700000, 0x0000000086700000| Complete 
| 104|0x0000000086800000, 0x0000000086900000, 0x0000000086900000|100%| E|CS|TAMS 0x0000000086800000, 0x0000000086800000| Complete 
| 105|0x0000000086900000, 0x0000000086a00000, 0x0000000086a00000|100%| E|CS|TAMS 0x0000000086900000, 0x0000000086900000| Complete 
| 106|0x0000000086a00000, 0x0000000086b00000, 0x0000000086b00000|100%| E|CS|TAMS 0x0000000086a00000, 0x0000000086a00000| Complete 
| 107|0x0000000086b00000, 0x0000000086c00000, 0x0000000086c00000|100%| E|CS|TAMS 0x0000000086b00000, 0x0000000086b00000| Complete 
| 108|0x0000000086c00000, 0x0000000086d00000, 0x0000000086d00000|100%| E|CS|TAMS 0x0000000086c00000, 0x0000000086c00000| Complete 
| 109|0x0000000086d00000, 0x0000000086e00000, 0x0000000086e00000|100%| E|  |TAMS 0x0000000086d00000, 0x0000000086d00000| Complete 
| 110|0x0000000086e00000, 0x0000000086f00000, 0x0000000086f00000|100%| E|CS|TAMS 0x0000000086e00000, 0x0000000086e00000| Complete 
| 111|0x0000000086f00000, 0x0000000087000000, 0x0000000087000000|100%| E|CS|TAMS 0x0000000086f00000, 0x0000000086f00000| Complete 
| 112|0x0000000087000000, 0x0000000087100000, 0x0000000087100000|100%| E|CS|TAMS 0x0000000087000000, 0x0000000087000000| Complete 
| 113|0x0000000087100000, 0x0000000087200000, 0x0000000087200000|100%| E|CS|TAMS 0x0000000087100000, 0x0000000087100000| Complete 
| 114|0x0000000087200000, 0x0000000087300000, 0x0000000087300000|100%| E|CS|TAMS 0x0000000087200000, 0x0000000087200000| Complete 
| 115|0x0000000087300000, 0x0000000087400000, 0x0000000087400000|100%| E|CS|TAMS 0x0000000087300000, 0x0000000087300000| Complete 
| 116|0x0000000087400000, 0x0000000087500000, 0x0000000087500000|100%| E|CS|TAMS 0x0000000087400000, 0x0000000087400000| Complete 
| 117|0x0000000087500000, 0x0000000087600000, 0x0000000087600000|100%| E|CS|TAMS 0x0000000087500000, 0x0000000087500000| Complete 
| 118|0x0000000087600000, 0x0000000087700000, 0x0000000087700000|100%| E|CS|TAMS 0x0000000087600000, 0x0000000087600000| Complete 
| 119|0x0000000087700000, 0x0000000087800000, 0x0000000087800000|100%| E|CS|TAMS 0x0000000087700000, 0x0000000087700000| Complete 
| 120|0x0000000087800000, 0x0000000087900000, 0x0000000087900000|100%| E|CS|TAMS 0x0000000087800000, 0x0000000087800000| Complete 
| 121|0x0000000087900000, 0x0000000087a00000, 0x0000000087a00000|100%| E|CS|TAMS 0x0000000087900000, 0x0000000087900000| Complete 
| 122|0x0000000087a00000, 0x0000000087b00000, 0x0000000087b00000|100%| E|CS|TAMS 0x0000000087a00000, 0x0000000087a00000| Complete 
| 123|0x0000000087b00000, 0x0000000087c00000, 0x0000000087c00000|100%| E|CS|TAMS 0x0000000087b00000, 0x0000000087b00000| Complete 
| 124|0x0000000087c00000, 0x0000000087d00000, 0x0000000087d00000|100%| E|CS|TAMS 0x0000000087c00000, 0x0000000087c00000| Complete 
| 125|0x0000000087d00000, 0x0000000087e00000, 0x0000000087e00000|100%| E|CS|TAMS 0x0000000087d00000, 0x0000000087d00000| Complete 
| 126|0x0000000087e00000, 0x0000000087f00000, 0x0000000087f00000|100%| E|CS|TAMS 0x0000000087e00000, 0x0000000087e00000| Complete 
| 127|0x0000000087f00000, 0x0000000088000000, 0x0000000088000000|100%| E|CS|TAMS 0x0000000087f00000, 0x0000000087f00000| Complete 
| 128|0x0000000088000000, 0x0000000088100000, 0x0000000088100000|100%| E|CS|TAMS 0x0000000088000000, 0x0000000088000000| Complete 
| 129|0x0000000088100000, 0x0000000088200000, 0x0000000088200000|100%| E|CS|TAMS 0x0000000088100000, 0x0000000088100000| Complete 
| 130|0x0000000088200000, 0x0000000088300000, 0x0000000088300000|100%| E|CS|TAMS 0x0000000088200000, 0x0000000088200000| Complete 
| 131|0x0000000088300000, 0x0000000088400000, 0x0000000088400000|100%| E|CS|TAMS 0x0000000088300000, 0x0000000088300000| Complete 
| 132|0x0000000088400000, 0x0000000088500000, 0x0000000088500000|100%| E|CS|TAMS 0x0000000088400000, 0x0000000088400000| Complete 
| 133|0x0000000088500000, 0x0000000088600000, 0x0000000088600000|100%| E|CS|TAMS 0x0000000088500000, 0x0000000088500000| Complete 
| 134|0x0000000088600000, 0x0000000088700000, 0x0000000088700000|100%| E|CS|TAMS 0x0000000088600000, 0x0000000088600000| Complete 
| 135|0x0000000088700000, 0x0000000088800000, 0x0000000088800000|100%| E|CS|TAMS 0x0000000088700000, 0x0000000088700000| Complete 
| 136|0x0000000088800000, 0x0000000088900000, 0x0000000088900000|100%| E|CS|TAMS 0x0000000088800000, 0x0000000088800000| Complete 
| 137|0x0000000088900000, 0x0000000088a00000, 0x0000000088a00000|100%| E|CS|TAMS 0x0000000088900000, 0x0000000088900000| Complete 
| 138|0x0000000088a00000, 0x0000000088b00000, 0x0000000088b00000|100%| E|CS|TAMS 0x0000000088a00000, 0x0000000088a00000| Complete 
| 139|0x0000000088b00000, 0x0000000088c00000, 0x0000000088c00000|100%| E|CS|TAMS 0x0000000088b00000, 0x0000000088b00000| Complete 
| 140|0x0000000088c00000, 0x0000000088d00000, 0x0000000088d00000|100%| E|CS|TAMS 0x0000000088c00000, 0x0000000088c00000| Complete 
| 141|0x0000000088d00000, 0x0000000088e00000, 0x0000000088e00000|100%| E|CS|TAMS 0x0000000088d00000, 0x0000000088d00000| Complete 
| 142|0x0000000088e00000, 0x0000000088f00000, 0x0000000088f00000|100%| E|CS|TAMS 0x0000000088e00000, 0x0000000088e00000| Complete 
| 143|0x0000000088f00000, 0x0000000089000000, 0x0000000089000000|100%| E|CS|TAMS 0x0000000088f00000, 0x0000000088f00000| Complete 
| 144|0x0000000089000000, 0x0000000089100000, 0x0000000089100000|100%| E|CS|TAMS 0x0000000089000000, 0x0000000089000000| Complete 
| 145|0x0000000089100000, 0x0000000089200000, 0x0000000089200000|100%| E|CS|TAMS 0x0000000089100000, 0x0000000089100000| Complete 
| 146|0x0000000089200000, 0x0000000089300000, 0x0000000089300000|100%| E|CS|TAMS 0x0000000089200000, 0x0000000089200000| Complete 
| 147|0x0000000089300000, 0x0000000089400000, 0x0000000089400000|100%| E|CS|TAMS 0x0000000089300000, 0x0000000089300000| Complete 
| 148|0x0000000089400000, 0x0000000089500000, 0x0000000089500000|100%| E|CS|TAMS 0x0000000089400000, 0x0000000089400000| Complete 
| 149|0x0000000089500000, 0x0000000089600000, 0x0000000089600000|100%| E|CS|TAMS 0x0000000089500000, 0x0000000089500000| Complete 
| 150|0x0000000089600000, 0x0000000089700000, 0x0000000089700000|100%| E|CS|TAMS 0x0000000089600000, 0x0000000089600000| Complete 
| 151|0x0000000089700000, 0x0000000089800000, 0x0000000089800000|100%| E|CS|TAMS 0x0000000089700000, 0x0000000089700000| Complete 
| 152|0x0000000089800000, 0x0000000089900000, 0x0000000089900000|100%| E|CS|TAMS 0x0000000089800000, 0x0000000089800000| Complete 
| 153|0x0000000089900000, 0x0000000089a00000, 0x0000000089a00000|100%| E|CS|TAMS 0x0000000089900000, 0x0000000089900000| Complete 
| 154|0x0000000089a00000, 0x0000000089b00000, 0x0000000089b00000|100%| E|CS|TAMS 0x0000000089a00000, 0x0000000089a00000| Complete 
| 155|0x0000000089b00000, 0x0000000089c00000, 0x0000000089c00000|100%| E|CS|TAMS 0x0000000089b00000, 0x0000000089b00000| Complete 
| 156|0x0000000089c00000, 0x0000000089d00000, 0x0000000089d00000|100%| E|CS|TAMS 0x0000000089c00000, 0x0000000089c00000| Complete 
| 157|0x0000000089d00000, 0x0000000089e00000, 0x0000000089e00000|100%| E|CS|TAMS 0x0000000089d00000, 0x0000000089d00000| Complete 
| 158|0x0000000089e00000, 0x0000000089f00000, 0x0000000089f00000|100%| E|CS|TAMS 0x0000000089e00000, 0x0000000089e00000| Complete 
| 159|0x0000000089f00000, 0x000000008a000000, 0x000000008a000000|100%| E|CS|TAMS 0x0000000089f00000, 0x0000000089f00000| Complete 
| 160|0x000000008a000000, 0x000000008a100000, 0x000000008a100000|100%| E|CS|TAMS 0x000000008a000000, 0x000000008a000000| Complete 
| 161|0x000000008a100000, 0x000000008a200000, 0x000000008a200000|100%| E|CS|TAMS 0x000000008a100000, 0x000000008a100000| Complete 
| 162|0x000000008a200000, 0x000000008a300000, 0x000000008a300000|100%| E|CS|TAMS 0x000000008a200000, 0x000000008a200000| Complete 
| 163|0x000000008a300000, 0x000000008a400000, 0x000000008a400000|100%| E|CS|TAMS 0x000000008a300000, 0x000000008a300000| Complete 
| 164|0x000000008a400000, 0x000000008a500000, 0x000000008a500000|100%| E|CS|TAMS 0x000000008a400000, 0x000000008a400000| Complete 
| 165|0x000000008a500000, 0x000000008a600000, 0x000000008a600000|100%| E|CS|TAMS 0x000000008a500000, 0x000000008a500000| Complete 
| 166|0x000000008a600000, 0x000000008a700000, 0x000000008a700000|100%| E|CS|TAMS 0x000000008a600000, 0x000000008a600000| Complete 
| 167|0x000000008a700000, 0x000000008a800000, 0x000000008a800000|100%| E|CS|TAMS 0x000000008a700000, 0x000000008a700000| Complete 
| 168|0x000000008a800000, 0x000000008a900000, 0x000000008a900000|100%| E|CS|TAMS 0x000000008a800000, 0x000000008a800000| Complete 
| 169|0x000000008a900000, 0x000000008aa00000, 0x000000008aa00000|100%| E|CS|TAMS 0x000000008a900000, 0x000000008a900000| Complete 
| 170|0x000000008aa00000, 0x000000008ab00000, 0x000000008ab00000|100%| E|CS|TAMS 0x000000008aa00000, 0x000000008aa00000| Complete 
| 171|0x000000008ab00000, 0x000000008ac00000, 0x000000008ac00000|100%| E|CS|TAMS 0x000000008ab00000, 0x000000008ab00000| Complete 
| 172|0x000000008ac00000, 0x000000008ad00000, 0x000000008ad00000|100%| E|CS|TAMS 0x000000008ac00000, 0x000000008ac00000| Complete 
| 173|0x000000008ad00000, 0x000000008ae00000, 0x000000008ae00000|100%| E|CS|TAMS 0x000000008ad00000, 0x000000008ad00000| Complete 
| 186|0x000000008ba00000, 0x000000008bb00000, 0x000000008bb00000|100%| E|CS|TAMS 0x000000008ba00000, 0x000000008ba00000| Complete 
| 187|0x000000008bb00000, 0x000000008bc00000, 0x000000008bc00000|100%| E|CS|TAMS 0x000000008bb00000, 0x000000008bb00000| Complete 
| 188|0x000000008bc00000, 0x000000008bd00000, 0x000000008bd00000|100%| E|CS|TAMS 0x000000008bc00000, 0x000000008bc00000| Complete 
| 189|0x000000008bd00000, 0x000000008be00000, 0x000000008be00000|100%| E|CS|TAMS 0x000000008bd00000, 0x000000008bd00000| Complete 
| 190|0x000000008be00000, 0x000000008bf00000, 0x000000008bf00000|100%| E|CS|TAMS 0x000000008be00000, 0x000000008be00000| Complete 
| 191|0x000000008bf00000, 0x000000008c000000, 0x000000008c000000|100%| E|CS|TAMS 0x000000008bf00000, 0x000000008bf00000| Complete 
| 192|0x000000008c000000, 0x000000008c100000, 0x000000008c100000|100%| E|CS|TAMS 0x000000008c000000, 0x000000008c000000| Complete 
| 193|0x000000008c100000, 0x000000008c200000, 0x000000008c200000|100%| E|CS|TAMS 0x000000008c100000, 0x000000008c100000| Complete 
| 194|0x000000008c200000, 0x000000008c300000, 0x000000008c300000|100%| E|CS|TAMS 0x000000008c200000, 0x000000008c200000| Complete 
| 195|0x000000008c300000, 0x000000008c400000, 0x000000008c400000|100%| E|CS|TAMS 0x000000008c300000, 0x000000008c300000| Complete 
| 196|0x000000008c400000, 0x000000008c500000, 0x000000008c500000|100%| E|CS|TAMS 0x000000008c400000, 0x000000008c400000| Complete 
| 197|0x000000008c500000, 0x000000008c600000, 0x000000008c600000|100%| E|CS|TAMS 0x000000008c500000, 0x000000008c500000| Complete 
| 316|0x0000000093c00000, 0x0000000093c82ac0, 0x0000000093d00000| 51%| S|CS|TAMS 0x0000000093c00000, 0x0000000093c00000| Complete 
| 317|0x0000000093d00000, 0x0000000093e00000, 0x0000000093e00000|100%| E|CS|TAMS 0x0000000093d00000, 0x0000000093d00000| Complete 

Card table byte_map: [0x000001fc3fa80000,0x000001fc3fe80000] _byte_map_base: 0x000001fc3f680000

Marking Bits (Prev, Next): (CMBitMap*) 0x000001fc28bb9ba0, (CMBitMap*) 0x000001fc28bb9be0
 Prev Bits: [0x000001fc40280000, 0x000001fc42280000)
 Next Bits: [0x000001fc42280000, 0x000001fc44280000)

Polling page: 0x000001fc26a90000

Metaspace:

Usage:
  Non-class:     49.71 MB used.
      Class:      7.88 MB used.
       Both:     57.59 MB used.

Virtual space:
  Non-class space:       64.00 MB reserved,      50.00 MB ( 78%) committed,  1 nodes.
      Class space:        1.00 GB reserved,       8.19 MB ( <1%) committed,  1 nodes.
             Both:        1.06 GB reserved,      58.19 MB (  5%) committed. 

Chunk freelists:
   Non-Class:  13.28 MB
       Class:  7.82 MB
        Both:  21.10 MB

MaxMetaspaceSize: unlimited
CompressedClassSpaceSize: 1.00 GB
Initial GC threshold: 21.00 MB
Current GC threshold: 84.00 MB
CDS: on
MetaspaceReclaimPolicy: balanced
 - commit_granule_bytes: 65536.
 - commit_granule_words: 8192.
 - virtual_space_node_default_size: 8388608.
 - enlarge_chunks_in_place: 1.
 - new_chunks_are_fully_committed: 0.
 - uncommit_free_chunks: 1.
 - use_allocation_guard: 0.
 - handle_deallocations: 1.


Internal statistics:

num_allocs_failed_limit: 6.
num_arena_births: 774.
num_arena_deaths: 0.
num_vsnodes_births: 2.
num_vsnodes_deaths: 0.
num_space_committed: 931.
num_space_uncommitted: 0.
num_chunks_returned_to_freelist: 6.
num_chunks_taken_from_freelist: 3149.
num_chunk_merges: 6.
num_chunk_splits: 2120.
num_chunks_enlarged: 1451.
num_inconsistent_stats: 0.

CodeHeap 'non-profiled nmethods': size=120000Kb used=4463Kb max_used=4463Kb free=115536Kb
 bounds [0x000001fc38150000, 0x000001fc385b0000, 0x000001fc3f680000]
CodeHeap 'profiled nmethods': size=120000Kb used=14686Kb max_used=14686Kb free=105313Kb
 bounds [0x000001fc30680000, 0x000001fc314e0000, 0x000001fc37bb0000]
CodeHeap 'non-nmethods': size=5760Kb used=1658Kb max_used=1721Kb free=4101Kb
 bounds [0x000001fc37bb0000, 0x000001fc37e20000, 0x000001fc38150000]
 total_blobs=8493 nmethods=7756 adapters=649
 compilation: enabled
              stopped_count=0, restarted_count=0
 full_count=0

Compilation events (20 events):
Event: 78.328 Thread 0x000001fc467d9030 8505       3       sun.reflect.generics.parser.SignatureParser::parseTypeVariableSignature (95 bytes)
Event: 78.329 Thread 0x000001fc467d9030 nmethod 8505 0x000001fc314cf910 code [0x000001fc314cfbe0, 0x000001fc314d06e8]
Event: 78.329 Thread 0x000001fc467d9030 8507       3       com.google.common.collect.LinkedHashMultimap$ValueSet::add (144 bytes)
Event: 78.331 Thread 0x000001fc467d9030 nmethod 8507 0x000001fc314d0b90 code [0x000001fc314d0ea0, 0x000001fc314d2498]
Event: 78.331 Thread 0x000001fc467d9030 8509       3       org.gradle.internal.instantiation.generator.AsmBackedClassGenerator$ClassBuilderImpl$$Lambda$155/0x000001fc481cb6c8::transform (8 bytes)
Event: 78.331 Thread 0x000001fc467d9030 nmethod 8509 0x000001fc314d2c10 code [0x000001fc314d2dc0, 0x000001fc314d2fe8]
Event: 78.331 Thread 0x000001fc467d9030 8506       3       com.google.common.collect.AbstractSetMultimap::put (7 bytes)
Event: 78.331 Thread 0x000001fc467d9030 nmethod 8506 0x000001fc314d3090 code [0x000001fc314d3220, 0x000001fc314d3368]
Event: 78.332 Thread 0x000001fc467d9030 8508       3       org.gradle.internal.instantiation.generator.AsmBackedClassGenerator$ClassBuilderImpl::access$6500 (4 bytes)
Event: 78.332 Thread 0x000001fc467d9030 nmethod 8508 0x000001fc314d3410 code [0x000001fc314d35a0, 0x000001fc314d3698]
Event: 78.334 Thread 0x000001fc467d9030 8510       3       java.util.HashMap::keysToArray (81 bytes)
Event: 78.334 Thread 0x000001fc467d9030 nmethod 8510 0x000001fc314d3710 code [0x000001fc314d38e0, 0x000001fc314d3d98]
Event: 78.335 Thread 0x000001fc467d9030 8511       3       java.util.TreeMap::addEntryToEmptyMap (37 bytes)
Event: 78.336 Thread 0x000001fc467d9030 nmethod 8511 0x000001fc314d3f90 code [0x000001fc314d4180, 0x000001fc314d4878]
Event: 78.400 Thread 0x000001fc467d9030 8512       3       java.lang.invoke.ClassSpecializer$SpeciesData::transformHelper (56 bytes)
Event: 78.401 Thread 0x000001fc467d9030 nmethod 8512 0x000001fc314d4a90 code [0x000001fc314d4d20, 0x000001fc314d5d68]
Event: 78.401 Thread 0x000001fc467d9030 8513       3       java.lang.invoke.InvokerBytecodeGenerator::emitReturnInsn (122 bytes)
Event: 78.402 Thread 0x000001fc467d9030 nmethod 8513 0x000001fc314d6190 code [0x000001fc314d6400, 0x000001fc314d6e68]
Event: 78.413 Thread 0x000001fc467d9030 8515       3       java.security.AccessController::doPrivileged (17 bytes)
Event: 78.414 Thread 0x000001fc467d9030 nmethod 8515 0x000001fc314d7190 code [0x000001fc314d7380, 0x000001fc314d7738]

GC Heap History (20 events):
Event: 56.695 GC heap before
{Heap before GC invocations=11 (full 0):
 garbage-first heap   total 92160K, used 71328K [0x0000000080000000, 0x0000000100000000)
  region size 1024K, 41 young (41984K), 3 survivors (3072K)
 Metaspace       used 44958K, committed 45376K, reserved 1114112K
  class space    used 6323K, committed 6528K, reserved 1048576K
}
Event: 56.703 GC heap after
{Heap after GC invocations=12 (full 0):
 garbage-first heap   total 92160K, used 34711K [0x0000000080000000, 0x0000000100000000)
  region size 1024K, 5 young (5120K), 5 survivors (5120K)
 Metaspace       used 44958K, committed 45376K, reserved 1114112K
  class space    used 6323K, committed 6528K, reserved 1048576K
}
Event: 61.226 GC heap before
{Heap before GC invocations=12 (full 0):
 garbage-first heap   total 92160K, used 72599K [0x0000000080000000, 0x0000000100000000)
  region size 1024K, 42 young (43008K), 5 survivors (5120K)
 Metaspace       used 48802K, committed 49344K, reserved 1114112K
  class space    used 6898K, committed 7168K, reserved 1048576K
}
Event: 61.235 GC heap after
{Heap after GC invocations=13 (full 0):
 garbage-first heap   total 92160K, used 35918K [0x0000000080000000, 0x0000000100000000)
  region size 1024K, 4 young (4096K), 4 survivors (4096K)
 Metaspace       used 48802K, committed 49344K, reserved 1114112K
  class space    used 6898K, committed 7168K, reserved 1048576K
}
Event: 66.096 GC heap before
{Heap before GC invocations=13 (full 0):
 garbage-first heap   total 92160K, used 71758K [0x0000000080000000, 0x0000000100000000)
  region size 1024K, 40 young (40960K), 4 survivors (4096K)
 Metaspace       used 50478K, committed 51008K, reserved 1114112K
  class space    used 7102K, committed 7360K, reserved 1048576K
}
Event: 66.111 GC heap after
{Heap after GC invocations=14 (full 0):
 garbage-first heap   total 92160K, used 41889K [0x0000000080000000, 0x0000000100000000)
  region size 1024K, 5 young (5120K), 5 survivors (5120K)
 Metaspace       used 50478K, committed 51008K, reserved 1114112K
  class space    used 7102K, committed 7360K, reserved 1048576K
}
Event: 67.470 GC heap before
{Heap before GC invocations=14 (full 0):
 garbage-first heap   total 92160K, used 70561K [0x0000000080000000, 0x0000000100000000)
  region size 1024K, 34 young (34816K), 5 survivors (5120K)
 Metaspace       used 50818K, committed 51392K, reserved 1114112K
  class space    used 7127K, committed 7424K, reserved 1048576K
}
Event: 67.485 GC heap after
{Heap after GC invocations=15 (full 0):
 garbage-first heap   total 92160K, used 45559K [0x0000000080000000, 0x0000000100000000)
  region size 1024K, 4 young (4096K), 4 survivors (4096K)
 Metaspace       used 50818K, committed 51392K, reserved 1114112K
  class space    used 7127K, committed 7424K, reserved 1048576K
}
Event: 68.096 GC heap before
{Heap before GC invocations=15 (full 0):
 garbage-first heap   total 92160K, used 70135K [0x0000000080000000, 0x0000000100000000)
  region size 1024K, 29 young (29696K), 4 survivors (4096K)
 Metaspace       used 50978K, committed 51520K, reserved 1114112K
  class space    used 7128K, committed 7424K, reserved 1048576K
}
Event: 68.103 GC heap after
{Heap after GC invocations=16 (full 0):
 garbage-first heap   total 92160K, used 46448K [0x0000000080000000, 0x0000000100000000)
  region size 1024K, 3 young (3072K), 3 survivors (3072K)
 Metaspace       used 50978K, committed 51520K, reserved 1114112K
  class space    used 7128K, committed 7424K, reserved 1048576K
}
Event: 68.600 GC heap before
{Heap before GC invocations=17 (full 0):
 garbage-first heap   total 94208K, used 71024K [0x0000000080000000, 0x0000000100000000)
  region size 1024K, 28 young (28672K), 3 survivors (3072K)
 Metaspace       used 51020K, committed 51648K, reserved 1114112K
  class space    used 7128K, committed 7424K, reserved 1048576K
}
Event: 68.605 GC heap after
{Heap after GC invocations=18 (full 0):
 garbage-first heap   total 94208K, used 47211K [0x0000000080000000, 0x0000000100000000)
  region size 1024K, 3 young (3072K), 3 survivors (3072K)
 Metaspace       used 51020K, committed 51648K, reserved 1114112K
  class space    used 7128K, committed 7424K, reserved 1048576K
}
Event: 68.611 GC heap before
{Heap before GC invocations=18 (full 0):
 garbage-first heap   total 94208K, used 48235K [0x0000000080000000, 0x0000000100000000)
  region size 1024K, 4 young (4096K), 3 survivors (3072K)
 Metaspace       used 51020K, committed 51648K, reserved 1114112K
  class space    used 7128K, committed 7424K, reserved 1048576K
}
Event: 68.614 GC heap after
{Heap after GC invocations=19 (full 0):
 garbage-first heap   total 94208K, used 47351K [0x0000000080000000, 0x0000000100000000)
  region size 1024K, 1 young (1024K), 1 survivors (1024K)
 Metaspace       used 51020K, committed 51648K, reserved 1114112K
  class space    used 7128K, committed 7424K, reserved 1048576K
}
Event: 68.969 GC heap before
{Heap before GC invocations=19 (full 0):
 garbage-first heap   total 94208K, used 72951K [0x0000000080000000, 0x0000000100000000)
  region size 1024K, 27 young (27648K), 1 survivors (1024K)
 Metaspace       used 51033K, committed 51648K, reserved 1114112K
  class space    used 7129K, committed 7424K, reserved 1048576K
}
Event: 68.973 GC heap after
{Heap after GC invocations=20 (full 0):
 garbage-first heap   total 94208K, used 49487K [0x0000000080000000, 0x0000000100000000)
  region size 1024K, 3 young (3072K), 3 survivors (3072K)
 Metaspace       used 51033K, committed 51648K, reserved 1114112K
  class space    used 7129K, committed 7424K, reserved 1048576K
}
Event: 69.291 GC heap before
{Heap before GC invocations=21 (full 0):
 garbage-first heap   total 96256K, used 74063K [0x0000000080000000, 0x0000000100000000)
  region size 1024K, 28 young (28672K), 3 survivors (3072K)
 Metaspace       used 51036K, committed 51648K, reserved 1114112K
  class space    used 7129K, committed 7424K, reserved 1048576K
}
Event: 69.296 GC heap after
{Heap after GC invocations=22 (full 0):
 garbage-first heap   total 96256K, used 50364K [0x0000000080000000, 0x0000000100000000)
  region size 1024K, 3 young (3072K), 3 survivors (3072K)
 Metaspace       used 51036K, committed 51648K, reserved 1114112K
  class space    used 7129K, committed 7424K, reserved 1048576K
}
Event: 69.302 GC heap before
{Heap before GC invocations=22 (full 0):
 garbage-first heap   total 96256K, used 50364K [0x0000000080000000, 0x0000000100000000)
  region size 1024K, 4 young (4096K), 3 survivors (3072K)
 Metaspace       used 51036K, committed 51648K, reserved 1114112K
  class space    used 7129K, committed 7424K, reserved 1048576K
}
Event: 69.308 GC heap after
{Heap after GC invocations=23 (full 0):
 garbage-first heap   total 192512K, used 49674K [0x0000000080000000, 0x0000000100000000)
  region size 1024K, 1 young (1024K), 1 survivors (1024K)
 Metaspace       used 51036K, committed 51648K, reserved 1114112K
  class space    used 7129K, committed 7424K, reserved 1048576K
}

Dll operation events (15 events):
Event: 0.037 Loaded shared library G:\proyeksaya\kyusui\jdk17\jdk-17.0.11+9\bin\java.dll
Event: 0.106 Loaded shared library G:\proyeksaya\kyusui\jdk17\jdk-17.0.11+9\bin\jsvml.dll
Event: 0.632 Loaded shared library G:\proyeksaya\kyusui\jdk17\jdk-17.0.11+9\bin\zip.dll
Event: 0.709 Loaded shared library G:\proyeksaya\kyusui\jdk17\jdk-17.0.11+9\bin\instrument.dll
Event: 0.751 Loaded shared library G:\proyeksaya\kyusui\jdk17\jdk-17.0.11+9\bin\net.dll
Event: 0.754 Loaded shared library G:\proyeksaya\kyusui\jdk17\jdk-17.0.11+9\bin\nio.dll
Event: 0.760 Loaded shared library G:\proyeksaya\kyusui\jdk17\jdk-17.0.11+9\bin\zip.dll
Event: 2.940 Loaded shared library G:\proyeksaya\kyusui\jdk17\jdk-17.0.11+9\bin\jimage.dll
Event: 3.534 Loaded shared library G:\proyeksaya\kyusui\jdk17\jdk-17.0.11+9\bin\verify.dll
Event: 4.561 Loaded shared library C:\Users\rizta\.gradle\native\c067742578af261105cb4f569cf0c3c89f3d7b1fecec35dd04571415982c5e48\windows-amd64\native-platform.dll
Event: 4.569 Loaded shared library C:\Users\rizta\.gradle\native\100fb08df4bc3b14c8652ba06237920a3bd2aa13389f12d3474272988ae205f9\windows-amd64\native-platform-file-events.dll
Event: 15.989 Loaded shared library G:\proyeksaya\kyusui\jdk17\jdk-17.0.11+9\bin\management.dll
Event: 15.994 Loaded shared library G:\proyeksaya\kyusui\jdk17\jdk-17.0.11+9\bin\management_ext.dll
Event: 23.959 Loaded shared library G:\proyeksaya\kyusui\jdk17\jdk-17.0.11+9\bin\extnet.dll
Event: 29.484 Loaded shared library G:\proyeksaya\kyusui\jdk17\jdk-17.0.11+9\bin\sunmscapi.dll

Deoptimization events (20 events):
Event: 76.358 Thread 0x000001fc8cb94030 DEOPT PACKING pc=0x000001fc38493c20 sp=0x000000d6b2ff7490
Event: 76.358 Thread 0x000001fc8cb94030 DEOPT UNPACKING pc=0x000001fc37c069a3 sp=0x000000d6b2ff7458 mode 2
Event: 77.320 Thread 0x000001fc8cb94030 Uncommon trap: trap_request=0xffffff3d fr.pc=0x000001fc38506030 relative=0x0000000000001310
Event: 77.320 Thread 0x000001fc8cb94030 Uncommon trap: reason=unstable_fused_if action=reinterpret pc=0x000001fc38506030 method=sun.nio.fs.WindowsPathParser.isLetter(C)Z @ 15 c2
Event: 77.320 Thread 0x000001fc8cb94030 DEOPT PACKING pc=0x000001fc38506030 sp=0x000000d6b2ff6780
Event: 77.320 Thread 0x000001fc8cb94030 DEOPT UNPACKING pc=0x000001fc37c069a3 sp=0x000000d6b2ff66e0 mode 2
Event: 77.715 Thread 0x000001fc8cb94030 Uncommon trap: trap_request=0xffffffde fr.pc=0x000001fc3822b53c relative=0x000000000000003c
Event: 77.715 Thread 0x000001fc8cb94030 Uncommon trap: reason=class_check action=maybe_recompile pc=0x000001fc3822b53c method=java.lang.StringConcatHelper.stringOf(Ljava/lang/Object;)Ljava/lang/String; @ 5 c2
Event: 77.715 Thread 0x000001fc8cb94030 DEOPT PACKING pc=0x000001fc3822b53c sp=0x000000d6b2ff7800
Event: 77.715 Thread 0x000001fc8cb94030 DEOPT UNPACKING pc=0x000001fc37c069a3 sp=0x000000d6b2ff7790 mode 2
Event: 77.715 Thread 0x000001fc8cb94030 Uncommon trap: trap_request=0xffffffde fr.pc=0x000001fc3822b53c relative=0x000000000000003c
Event: 77.715 Thread 0x000001fc8cb94030 Uncommon trap: reason=class_check action=maybe_recompile pc=0x000001fc3822b53c method=java.lang.StringConcatHelper.stringOf(Ljava/lang/Object;)Ljava/lang/String; @ 5 c2
Event: 77.715 Thread 0x000001fc8cb94030 DEOPT PACKING pc=0x000001fc3822b53c sp=0x000000d6b2ff7800
Event: 77.715 Thread 0x000001fc8cb94030 DEOPT UNPACKING pc=0x000001fc37c069a3 sp=0x000000d6b2ff7790 mode 2
Event: 77.715 Thread 0x000001fc8cb94030 Uncommon trap: trap_request=0xffffffde fr.pc=0x000001fc3822b53c relative=0x000000000000003c
Event: 77.715 Thread 0x000001fc8cb94030 Uncommon trap: reason=class_check action=maybe_recompile pc=0x000001fc3822b53c method=java.lang.StringConcatHelper.stringOf(Ljava/lang/Object;)Ljava/lang/String; @ 5 c2
Event: 77.715 Thread 0x000001fc8cb94030 DEOPT PACKING pc=0x000001fc3822b53c sp=0x000000d6b2ff7800
Event: 77.715 Thread 0x000001fc8cb94030 DEOPT UNPACKING pc=0x000001fc37c069a3 sp=0x000000d6b2ff7790 mode 2
Event: 77.837 Thread 0x000001fc8cb94030 DEOPT PACKING pc=0x000001fc30f9ef59 sp=0x000000d6b2ff48e0
Event: 77.837 Thread 0x000001fc8cb94030 DEOPT UNPACKING pc=0x000001fc37c07143 sp=0x000000d6b2ff3dd8 mode 0

Classes unloaded (0 events):
No events

Classes redefined (0 events):
No events

Internal exceptions (20 events):
Event: 59.810 Thread 0x000001fc8cb94030 Exception <a 'java/lang/NoSuchMethodError'{0x0000000083bb4228}: static Lorg/gradle/api/internal/catalog/DependencyModel;.<clinit>()V> (0x0000000083bb4228) 
thrown [s\src\hotspot\share\prims\jni.cpp, line 1112]
Event: 59.811 Thread 0x000001fc8cb94030 Exception <a 'java/lang/NoSuchMethodError'{0x0000000083bb7b38}: static Lorg/gradle/api/internal/catalog/AbstractContextAwareModel;.<clinit>()V> (0x0000000083bb7b38) 
thrown [s\src\hotspot\share\prims\jni.cpp, line 1112]
Event: 59.849 Thread 0x000001fc8cb94030 Exception <a 'java/lang/NoSuchMethodError'{0x0000000083bcf828}: static Lorg/gradle/api/internal/artifacts/dependencies/AbstractVersionConstraint;.<clinit>()V> (0x0000000083bcf828) 
thrown [s\src\hotspot\share\prims\jni.cpp, line 1112]
Event: 59.860 Thread 0x000001fc8cb94030 Exception <a 'java/lang/NoSuchMethodError'{0x0000000083a2cb08}: static Lorg/gradle/api/internal/catalog/PluginModel;.<clinit>()V> (0x0000000083a2cb08) 
thrown [s\src\hotspot\share\prims\jni.cpp, line 1112]
Event: 59.866 Thread 0x000001fc8cb94030 Exception <a 'java/lang/NoSuchMethodError'{0x0000000083a445b0}: static Lorg/gradle/api/internal/catalog/VersionModel;.<clinit>()V> (0x0000000083a445b0) 
thrown [s\src\hotspot\share\prims\jni.cpp, line 1112]
Event: 59.983 Thread 0x000001fc8cb94030 Exception <a 'java/lang/NoSuchMethodError'{0x0000000083a6a128}: 'void java.lang.invoke.DirectMethodHandle$Holder.invokeSpecial(java.lang.Object, java.lang.Object, java.lang.Object, int)'> (0x0000000083a6a128) 
thrown [s\src\hotspot\share\interpreter\linkResolver.cpp, line 759]
Event: 61.181 Thread 0x000001fc8cb94030 Exception <a 'java/lang/NoSuchMethodError'{0x000000008354cb30}: 'int java.lang.invoke.DirectMethodHandle$Holder.invokeSpecialIFC(java.lang.Object, java.lang.Object, java.lang.Object)'> (0x000000008354cb30) 
thrown [s\src\hotspot\share\interpreter\linkResolver.cpp, line 759]
Event: 61.446 Thread 0x000001fc8cb94030 Exception <a 'java/lang/NoSuchMethodError'{0x000000008c58f288}: 'java.lang.Object java.lang.invoke.DirectMethodHandle$Holder.newInvokeSpecial(java.lang.Object, java.lang.Object, java.lang.Object, java.lang.Object, java.lang.Object, int)'> (0x000000008c58f288) 
thrown [s\src\hotspot\share\interpreter\linkResolver.cpp, line 759]
Event: 61.447 Thread 0x000001fc8cb94030 Exception <a 'java/lang/NoSuchMethodError'{0x000000008c5946e0}: 'java.lang.Object java.lang.invoke.DirectMethodHandle$Holder.invokeSpecial(java.lang.Object, java.lang.Object, java.lang.Object, java.lang.Object, java.lang.Object, java.lang.Object, int)'> (0x000000008c5946e0) 
thrown [s\src\hotspot\share\interpreter\linkResolver.cpp, line 759]
Event: 61.447 Thread 0x000001fc8cb94030 Exception <a 'java/lang/NoSuchMethodError'{0x000000008c5994c0}: 'java.lang.Object java.lang.invoke.Invokers$Holder.linkToTargetMethod(java.lang.Object, java.lang.Object, java.lang.Object, java.lang.Object, int, java.lang.Object)'> (0x000000008c5994c0) 
thrown [s\src\hotspot\share\interpreter\linkResolver.cpp, line 759]
Event: 61.453 Thread 0x000001fc8cb94030 Exception <a 'java/lang/NoSuchMethodError'{0x000000008c5cb650}: 'java.lang.Object java.lang.invoke.DirectMethodHandle$Holder.invokeSpecial(java.lang.Object, java.lang.Object, java.lang.Object, java.lang.Object, java.lang.Object, long)'> (0x000000008c5cb650) 
thrown [s\src\hotspot\share\interpreter\linkResolver.cpp, line 759]
Event: 61.457 Thread 0x000001fc8cb94030 Exception <a 'java/lang/NoSuchMethodError'{0x000000008c5ee040}: 'void java.lang.invoke.DirectMethodHandle$Holder.invokeStatic(java.lang.Object, java.lang.Object, java.lang.Object, int, java.lang.Object)'> (0x000000008c5ee040) 
thrown [s\src\hotspot\share\interpreter\linkResolver.cpp, line 759]
Event: 65.655 Thread 0x000001fc8cb94030 Exception <a 'java/lang/NoSuchMethodError'{0x0000000083f401f0}: 'java.lang.Object java.lang.invoke.DirectMethodHandle$Holder.newInvokeSpecial(java.lang.Object, java.lang.Object, java.lang.Object, java.lang.Object, int, java.lang.Object)'> (0x0000000083f401f0) 
thrown [s\src\hotspot\share\interpreter\linkResolver.cpp, line 759]
Event: 65.656 Thread 0x000001fc8cb94030 Exception <a 'java/lang/NoSuchMethodError'{0x0000000083f45548}: 'java.lang.Object java.lang.invoke.Invokers$Holder.linkToTargetMethod(java.lang.Object, java.lang.Object, java.lang.Object, int, java.lang.Object, java.lang.Object)'> (0x0000000083f45548) 
thrown [s\src\hotspot\share\interpreter\linkResolver.cpp, line 759]
Event: 67.289 Thread 0x000001fc8cb94030 Exception <a 'java/lang/NoSuchMethodError'{0x0000000083e94d50}: 'java.lang.Object java.lang.invoke.DirectMethodHandle$Holder.invokeSpecialIFC(java.lang.Object, java.lang.Object, java.lang.Object)'> (0x0000000083e94d50) 
thrown [s\src\hotspot\share\interpreter\linkResolver.cpp, line 759]
Event: 69.553 Thread 0x000001fc8cb94030 Exception <a 'java/lang/NoSuchMethodError'{0x000000008bd271e8}: 'void java.lang.invoke.Invokers$Holder.invoke_MT(java.lang.Object, java.lang.Object, java.lang.Object, java.lang.Object)'> (0x000000008bd271e8) 
thrown [s\src\hotspot\share\interpreter\linkResolver.cpp, line 759]
Event: 69.566 Thread 0x000001fc8cb94030 Exception <a 'java/lang/NoSuchMethodError'{0x000000008bda54f8}: 'java.lang.Object java.lang.invoke.DirectMethodHandle$Holder.invokeSpecial(java.lang.Object, java.lang.Object, java.lang.Object, int, java.lang.Object, java.lang.Object)'> (0x000000008bda54f8) 
thrown [s\src\hotspot\share\interpreter\linkResolver.cpp, line 759]
Event: 70.266 Thread 0x000001fc8cb94030 Exception <a 'java/lang/ClassNotFoundException'{0x000000008a8c9948}: sun/misc/SharedSecrets> (0x000000008a8c9948) 
thrown [s\src\hotspot\share\classfile\systemDictionary.cpp, line 256]
Event: 70.266 Thread 0x000001fc8cb94030 Exception <a 'java/lang/ClassNotFoundException'{0x000000008a8cac78}: org/gradle/api/internal/plugins/DefaultObjectConfigurationActionBeanInfo> (0x000000008a8cac78) 
thrown [s\src\hotspot\share\classfile\systemDictionary.cpp, line 256]
Event: 70.268 Thread 0x000001fc8cb94030 Exception <a 'java/lang/ClassNotFoundException'{0x000000008a8dff90}: org/gradle/api/internal/plugins/DefaultObjectConfigurationActionCustomizer> (0x000000008a8dff90) 
thrown [s\src\hotspot\share\classfile\systemDictionary.cpp, line 256]

VM Operations (20 events):
Event: 69.828 Executing VM operation: HandshakeAllThreads
Event: 69.828 Executing VM operation: HandshakeAllThreads done
Event: 69.829 Executing VM operation: HandshakeAllThreads
Event: 69.829 Executing VM operation: HandshakeAllThreads done
Event: 70.843 Executing VM operation: Cleanup
Event: 70.858 Executing VM operation: Cleanup done
Event: 71.870 Executing VM operation: Cleanup
Event: 71.887 Executing VM operation: Cleanup done
Event: 72.894 Executing VM operation: Cleanup
Event: 72.910 Executing VM operation: Cleanup done
Event: 73.925 Executing VM operation: Cleanup
Event: 74.006 Executing VM operation: Cleanup done
Event: 75.006 Executing VM operation: Cleanup
Event: 75.071 Executing VM operation: Cleanup done
Event: 76.077 Executing VM operation: Cleanup
Event: 76.141 Executing VM operation: Cleanup done
Event: 77.143 Executing VM operation: Cleanup
Event: 77.178 Executing VM operation: Cleanup done
Event: 78.182 Executing VM operation: Cleanup
Event: 78.214 Executing VM operation: Cleanup done

Events (20 events):
Event: 78.410 loading class jdk/xml/internal/XMLSecurityManager$Limit done
Event: 78.410 loading class jdk/xml/internal/XMLSecurityManager$Processor
Event: 78.410 loading class jdk/xml/internal/XMLSecurityManager$Processor done
Event: 78.410 loading class jdk/xml/internal/XMLSecurityManager$NameMap
Event: 78.410 loading class jdk/xml/internal/XMLSecurityManager$NameMap done
Event: 78.411 loading class javax/xml/parsers/DocumentBuilderFactory
Event: 78.411 loading class javax/xml/parsers/DocumentBuilderFactory done
Event: 78.411 loading class javax/xml/parsers/FactoryFinder
Event: 78.412 loading class javax/xml/parsers/FactoryFinder done
Event: 78.413 loading class javax/xml/parsers/FactoryFinder$1
Event: 78.413 loading class javax/xml/parsers/FactoryFinder$1 done
Event: 78.414 loading class com/sun/org/apache/xerces/internal/jaxp/DocumentBuilderFactoryImpl
Event: 78.414 loading class com/sun/org/apache/xerces/internal/jaxp/DocumentBuilderFactoryImpl done
Event: 78.414 loading class com/sun/org/apache/xerces/internal/utils/XMLSecurityManager
Event: 78.415 loading class com/sun/org/apache/xerces/internal/utils/XMLSecurityManager done
Event: 78.415 loading class com/sun/org/apache/xerces/internal/utils/XMLSecurityManager$Limit
Event: 78.415 loading class com/sun/org/apache/xerces/internal/utils/XMLSecurityManager$Limit done
Event: 78.415 loading class com/sun/org/apache/xerces/internal/utils/XMLSecurityManager$NameMap
Event: 78.415 loading class com/sun/org/apache/xerces/internal/utils/XMLSecurityManager$NameMap done
Event: 78.415 loading class com/sun/org/apache/xerces/internal/utils/XMLSecurityPropertyManager


Dynamic libraries:
0x00007ff6c6eb0000 - 0x00007ff6c6ebe000 	G:\proyeksaya\kyusui\jdk17\jdk-17.0.11+9\bin\java.exe
0x00007ffc15fa0000 - 0x00007ffc16207000 	C:\WINDOWS\SYSTEM32\ntdll.dll
0x00007ffc152c0000 - 0x00007ffc1538b000 	C:\WINDOWS\System32\KERNEL32.DLL
0x00007ffc132e0000 - 0x00007ffc136e2000 	C:\WINDOWS\System32\KERNELBASE.dll
0x00007ffc13a30000 - 0x00007ffc13b7c000 	C:\WINDOWS\System32\ucrtbase.dll
0x00007ffc0dab0000 - 0x00007ffc0dac7000 	G:\proyeksaya\kyusui\jdk17\jdk-17.0.11+9\bin\jli.dll
0x00007ffc13f40000 - 0x00007ffc1410f000 	C:\WINDOWS\System32\USER32.dll
0x00007ffc13940000 - 0x00007ffc13967000 	C:\WINDOWS\System32\win32u.dll
0x00007ffc159b0000 - 0x00007ffc159db000 	C:\WINDOWS\System32\GDI32.dll
0x00007ffc13b90000 - 0x00007ffc13cb9000 	C:\WINDOWS\System32\gdi32full.dll
0x00007ffc13230000 - 0x00007ffc132d3000 	C:\WINDOWS\System32\msvcp_win.dll
0x00007ffc0bbc0000 - 0x00007ffc0bbdb000 	G:\proyeksaya\kyusui\jdk17\jdk-17.0.11+9\bin\VCRUNTIME140.dll
0x00007ffc04620000 - 0x00007ffc048b0000 	C:\WINDOWS\WinSxS\amd64_microsoft.windows.common-controls_6595b64144ccf1df_6.0.26100.9278_none_3e0d1ba8e3303201\COMCTL32.dll
0x00007ffc15e80000 - 0x00007ffc15f29000 	C:\WINDOWS\System32\msvcrt.dll
0x00007ffc15d20000 - 0x00007ffc15d51000 	C:\WINDOWS\System32\IMM32.DLL
0x00007ffc0d9d0000 - 0x00007ffc0d9dc000 	G:\proyeksaya\kyusui\jdk17\jdk-17.0.11+9\bin\vcruntime140_1.dll
0x00007ffbed250000 - 0x00007ffbed2dd000 	G:\proyeksaya\kyusui\jdk17\jdk-17.0.11+9\bin\msvcp140.dll
0x00007ffba1670000 - 0x00007ffba22d2000 	G:\proyeksaya\kyusui\jdk17\jdk-17.0.11+9\bin\server\jvm.dll
0x00007ffc15a60000 - 0x00007ffc15b1c000 	C:\WINDOWS\System32\ADVAPI32.dll
0x00007ffc14bc0000 - 0x00007ffc14c69000 	C:\WINDOWS\System32\sechost.dll
0x00007ffc15390000 - 0x00007ffc154a8000 	C:\WINDOWS\System32\RPCRT4.dll
0x00007ffc13020000 - 0x00007ffc1307e000 	C:\WINDOWS\SYSTEM32\POWRPROF.dll
0x00007ffc0abe0000 - 0x00007ffc0abea000 	C:\WINDOWS\SYSTEM32\WSOCK32.dll
0x00007ffc154b0000 - 0x00007ffc15530000 	C:\WINDOWS\System32\WS2_32.dll
0x00007ffc06880000 - 0x00007ffc068b6000 	C:\WINDOWS\SYSTEM32\WINMM.dll
0x00007ffc0ba70000 - 0x00007ffc0ba7b000 	C:\WINDOWS\SYSTEM32\VERSION.dll
0x00007ffc13000000 - 0x00007ffc13015000 	C:\WINDOWS\SYSTEM32\UMPDC.dll
0x00007ffc11e10000 - 0x00007ffc11e2b000 	C:\WINDOWS\SYSTEM32\kernel.appcore.dll
0x00007ffc0ab70000 - 0x00007ffc0ab7a000 	G:\proyeksaya\kyusui\jdk17\jdk-17.0.11+9\bin\jimage.dll
0x00007ffc108b0000 - 0x00007ffc10afc000 	C:\WINDOWS\SYSTEM32\DBGHELP.DLL
0x00007ffc15620000 - 0x00007ffc159a5000 	C:\WINDOWS\System32\combase.dll
0x00007ffc15540000 - 0x00007ffc15619000 	C:\WINDOWS\System32\OLEAUT32.dll
0x00007ffbf6680000 - 0x00007ffbf66bb000 	C:\WINDOWS\SYSTEM32\dbgcore.DLL
0x00007ffc13970000 - 0x00007ffc13a1c000 	C:\WINDOWS\System32\bcryptPrimitives.dll
0x00007ffc0ab40000 - 0x00007ffc0ab4e000 	G:\proyeksaya\kyusui\jdk17\jdk-17.0.11+9\bin\instrument.dll
0x00007ffc05b30000 - 0x00007ffc05b55000 	G:\proyeksaya\kyusui\jdk17\jdk-17.0.11+9\bin\java.dll
0x00007ffbe73f0000 - 0x00007ffbe74c7000 	G:\proyeksaya\kyusui\jdk17\jdk-17.0.11+9\bin\jsvml.dll
0x00007ffc14280000 - 0x00007ffc14a18000 	C:\WINDOWS\System32\SHELL32.dll
0x00007ffc10bb0000 - 0x00007ffc1145e000 	C:\WINDOWS\SYSTEM32\windows.storage.dll
0x00007ffc13e30000 - 0x00007ffc13f2b000 	C:\WINDOWS\System32\SHCORE.dll
0x00007ffc13dc0000 - 0x00007ffc13e26000 	C:\WINDOWS\System32\shlwapi.dll
0x00007ffc130c0000 - 0x00007ffc130e9000 	C:\WINDOWS\SYSTEM32\profapi.dll
0x00007ffc04b90000 - 0x00007ffc04ba8000 	G:\proyeksaya\kyusui\jdk17\jdk-17.0.11+9\bin\zip.dll
0x00007ffc04b50000 - 0x00007ffc04b69000 	G:\proyeksaya\kyusui\jdk17\jdk-17.0.11+9\bin\net.dll
0x00007ffc0a330000 - 0x00007ffc0a45a000 	C:\WINDOWS\SYSTEM32\WINHTTP.dll
0x00007ffc12400000 - 0x00007ffc1246c000 	C:\WINDOWS\system32\mswsock.dll
0x00007ffc042f0000 - 0x00007ffc04306000 	G:\proyeksaya\kyusui\jdk17\jdk-17.0.11+9\bin\nio.dll
0x00007ffc09e80000 - 0x00007ffc09e90000 	G:\proyeksaya\kyusui\jdk17\jdk-17.0.11+9\bin\verify.dll
0x00007ffbed5b0000 - 0x00007ffbed5d7000 	C:\Users\rizta\.gradle\native\c067742578af261105cb4f569cf0c3c89f3d7b1fecec35dd04571415982c5e48\windows-amd64\native-platform.dll
0x00007ffb96d50000 - 0x00007ffb96e94000 	C:\Users\rizta\.gradle\native\100fb08df4bc3b14c8652ba06237920a3bd2aa13389f12d3474272988ae205f9\windows-amd64\native-platform-file-events.dll
0x00007ffc09c60000 - 0x00007ffc09c69000 	G:\proyeksaya\kyusui\jdk17\jdk-17.0.11+9\bin\management.dll
0x00007ffc09c00000 - 0x00007ffc09c0b000 	G:\proyeksaya\kyusui\jdk17\jdk-17.0.11+9\bin\management_ext.dll
0x00007ffc15b30000 - 0x00007ffc15b38000 	C:\WINDOWS\System32\PSAPI.DLL
0x00007ffc12710000 - 0x00007ffc1272b000 	C:\WINDOWS\SYSTEM32\CRYPTSP.dll
0x00007ffc11d70000 - 0x00007ffc11da9000 	C:\WINDOWS\system32\rsaenh.dll
0x00007ffc124b0000 - 0x00007ffc124e4000 	C:\WINDOWS\SYSTEM32\USERENV.dll
0x00007ffc13090000 - 0x00007ffc130ba000 	C:\WINDOWS\SYSTEM32\bcrypt.dll
0x00007ffc126f0000 - 0x00007ffc126fc000 	C:\WINDOWS\SYSTEM32\CRYPTBASE.dll
0x00007ffc117b0000 - 0x00007ffc117e3000 	C:\WINDOWS\SYSTEM32\IPHLPAPI.DLL
0x00007ffc13f30000 - 0x00007ffc13f3a000 	C:\WINDOWS\System32\NSI.dll
0x00007ffc0a080000 - 0x00007ffc0a09d000 	C:\WINDOWS\SYSTEM32\dhcpcsvc6.DLL
0x00007ffc0a050000 - 0x00007ffc0a075000 	C:\WINDOWS\SYSTEM32\dhcpcsvc.DLL
0x00007ffc11840000 - 0x00007ffc11998000 	C:\WINDOWS\SYSTEM32\DNSAPI.dll
0x00007ffc121c0000 - 0x00007ffc121cd000 	C:\WINDOWS\SYSTEM32\DSPARSE.dll
0x00007ffc09aa0000 - 0x00007ffc09aa9000 	G:\proyeksaya\kyusui\jdk17\jdk-17.0.11+9\bin\extnet.dll
0x00007ffc05af0000 - 0x00007ffc05afe000 	G:\proyeksaya\kyusui\jdk17\jdk-17.0.11+9\bin\sunmscapi.dll
0x00007ffc137b0000 - 0x00007ffc1392e000 	C:\WINDOWS\System32\CRYPT32.dll
0x00007ffc12960000 - 0x00007ffc12990000 	C:\WINDOWS\SYSTEM32\ncrypt.dll
0x00007ffc12910000 - 0x00007ffc1294f000 	C:\WINDOWS\SYSTEM32\NTASN1.dll
0x00007ffbb1550000 - 0x00007ffbb1558000 	C:\WINDOWS\system32\wshunix.dll

dbghelp: loaded successfully - version: 4.0.5 - missing functions: none
symbol engine: initialized successfully - sym options: 0x614 - pdb path: .;G:\proyeksaya\kyusui\jdk17\jdk-17.0.11+9\bin;C:\WINDOWS\SYSTEM32;C:\WINDOWS\WinSxS\amd64_microsoft.windows.common-controls_6595b64144ccf1df_6.0.26100.9278_none_3e0d1ba8e3303201;G:\proyeksaya\kyusui\jdk17\jdk-17.0.11+9\bin\server;C:\Users\rizta\.gradle\native\c067742578af261105cb4f569cf0c3c89f3d7b1fecec35dd04571415982c5e48\windows-amd64;C:\Users\rizta\.gradle\native\100fb08df4bc3b14c8652ba06237920a3bd2aa13389f12d3474272988ae205f9\windows-amd64

VM Arguments:
jvm_args: --enable-native-access=ALL-UNNAMED --add-opens=java.base/java.util=ALL-UNNAMED --add-opens=java.base/java.lang=ALL-UNNAMED --add-opens=java.base/java.lang.invoke=ALL-UNNAMED --add-opens=java.prefs/java.util.prefs=ALL-UNNAMED --add-opens=java.base/java.nio.charset=ALL-UNNAMED --add-opens=java.base/java.net=ALL-UNNAMED --add-opens=java.base/java.util.concurrent.atomic=ALL-UNNAMED -Xmx2048m -Dfile.encoding=UTF-8 -Duser.country=ID -Duser.language=en -Duser.variant -javaagent:C:\Users\rizta\.gradle\wrapper\dists\gradle-8.8-bin\dl7vupf4psengwqhwktix4v1\gradle-8.8\lib\agents\gradle-instrumentation-agent-8.8.jar 
java_command: org.gradle.launcher.daemon.bootstrap.GradleDaemon 8.8
java_class_path (initial): C:\Users\rizta\.gradle\wrapper\dists\gradle-8.8-bin\dl7vupf4psengwqhwktix4v1\gradle-8.8\lib\gradle-launcher-8.8.jar
Launcher Type: SUN_STANDARD

[Global flags]
     intx CICompilerCount                          = 3                                         {product} {ergonomic}
     uint ConcGCThreads                            = 1                                         {product} {ergonomic}
     uint G1ConcRefinementThreads                  = 4                                         {product} {ergonomic}
   size_t G1HeapRegionSize                         = 1048576                                   {product} {ergonomic}
    uintx GCDrainStackTargetSize                   = 64                                        {product} {ergonomic}
   size_t InitialHeapSize                          = 333447168                                 {product} {ergonomic}
   size_t MarkStackSize                            = 4194304                                   {product} {ergonomic}
   size_t MaxHeapSize                              = 2147483648                                {product} {command line}
   size_t MaxNewSize                               = 1287651328                                {product} {ergonomic}
   size_t MinHeapDeltaBytes                        = 1048576                                   {product} {ergonomic}
   size_t MinHeapSize                              = 8388608                                   {product} {ergonomic}
    uintx NonNMethodCodeHeapSize                   = 5832780                                {pd product} {ergonomic}
    uintx NonProfiledCodeHeapSize                  = 122912730                              {pd product} {ergonomic}
    uintx ProfiledCodeHeapSize                     = 122912730                              {pd product} {ergonomic}
    uintx ReservedCodeCacheSize                    = 251658240                              {pd product} {ergonomic}
     bool SegmentedCodeCache                       = true                                      {product} {ergonomic}
   size_t SoftMaxHeapSize                          = 2147483648                             {manageable} {ergonomic}
     bool UseCompressedClassPointers               = true                           {product lp64_product} {ergonomic}
     bool UseCompressedOops                        = true                           {product lp64_product} {ergonomic}
     bool UseG1GC                                  = true                                      {product} {ergonomic}
     bool UseLargePagesIndividualAllocation        = false                                  {pd product} {ergonomic}

Logging:
Log output configuration:
 #0: stdout all=warning uptime,level,tags
 #1: stderr all=off uptime,level,tags

Environment Variables:
JAVA_HOME=G:\Android\Android Studio\jbr
PATH=C:\WINDOWS\system32;C:\WINDOWS;C:\WINDOWS\System32\Wbem;C:\WINDOWS\System32\WindowsPowerShell\v1.0\;C:\WINDOWS\System32\OpenSSH\;C:\Program Files\Git\cmd;C:\Program Files\dotnet\;C:\xampp\php;C:\ProgramData\ComposerSetup\bin;G:\Android\Android Studio\bin;C:\Users\rizta\AppData\Local\Android\Sdk\platform-tools;C:\Users\rizta\AppData\Local\Android\Sdk\emulator;C:\Users\rizta\AppData\Local\Android\Sdk\cmdline-tools\latest\bin;G:\Android\Android Studio\jbr\bin;C:\Program Files\nodejs\;C:\Users\rizta\AppData\Local\Programs\OpenAI\Codex\bin;C:\Users\rizta\AppData\Local\Microsoft\WindowsApps;C:\Users\rizta\AppData\Local\Python\bin;C:\Users\rizta\AppData\Local\Programs\Microsoft VS Code\bin;C:\Users\rizta\AppData\Local\GitHubDesktop\bin;C:\Users\rizta\AppData\Roaming\Composer\vendor\bin;C:\Users\rizta\AppData\Roaming\npm;C:\Users\rizta\AppData\Local\Programs\DockerDesktop\resources\bin
USERNAME=rizta
OS=Windows_NT
PROCESSOR_IDENTIFIER=Intel64 Family 6 Model 142 Stepping 12, GenuineIntel
TMP=C:\Users\rizta\AppData\Local\Temp
TEMP=C:\Users\rizta\AppData\Local\Temp



Periodic native trim disabled


---------------  S Y S T E M  ---------------

OS:
 Windows 11 , 64 bit Build 26100 (10.0.26100.9444)
OS uptime: 0 days 15:02 hours
Hyper-V role detected

CPU: total 4 (initial active 4) (2 cores per cpu, 2 threads per core) family 6 model 142 stepping 12 microcode 0xfc, cx8, cmov, fxsr, ht, mmx, 3dnowpref, sse, sse2, sse3, ssse3, sse4.1, sse4.2, popcnt, lzcnt, tsc, tscinvbit, avx, avx2, aes, erms, clmul, bmi1, bmi2, adx, fma, vzeroupper, clflush, clflushopt, hv
Processor Information for all 4 processors :
  Max Mhz: 2592, Current Mhz: 2093, Mhz Limit: 2073

Memory: 4k page, system-wide physical 20317M (1049M free)
TotalPageFile size 28470M (AvailPageFile size 13M)
current process WorkingSet (physical memory assigned to process): 366M, peak: 366M
current process commit charge ("private bytes"): 408M, peak: 472M

vm_info: OpenJDK 64-Bit Server VM (17.0.11+9) for windows-amd64 JRE (17.0.11+9), built on Apr 17 2024 06:07:48 by "admin" with MS VC++ 16.10 / 16.11 (VS2019)

END.
