#
# There is insufficient memory for the Java Runtime Environment to continue.
# Native memory allocation (malloc) failed to allocate 32744 bytes. Error detail: ChunkPool::allocate
# Possible reasons:
#   The system is out of physical RAM or swap space
#   This process is running with CompressedOops enabled, and the Java Heap may be blocking the growth of the native heap
# Possible solutions:
#   Reduce memory load on the system
#   Increase physical memory or swap space
#   Check if swap backing store is full
#   Decrease Java heap size (-Xmx/-Xms)
#   Decrease number of Java threads
#   Decrease Java thread stack sizes (-Xss)
#   Set larger code cache with -XX:ReservedCodeCacheSize=
#   JVM is running with Unscaled Compressed Oops mode in which the Java heap is
#     placed in the first 4GB address space. The Java Heap base address is the
#     maximum limit for the native heap growth. Please use -XX:HeapBaseMinAddress
#     to set the Java Heap base and to place the Java Heap above 4GB virtual address.
# This output file may be truncated or incomplete.
#
#  Out of Memory Error (arena.cpp:79), pid=13228, tid=24760
#
# JRE version: OpenJDK Runtime Environment Temurin-17.0.11+9 (17.0.11+9) (build 17.0.11+9)
# Java VM: OpenJDK 64-Bit Server VM Temurin-17.0.11+9 (17.0.11+9, mixed mode, sharing, tiered, compressed oops, compressed class ptrs, g1 gc, windows-amd64)
# No core dump will be written. Minidumps are not enabled by default on client versions of Windows
#

---------------  S U M M A R Y ------------

Command Line: --enable-native-access=ALL-UNNAMED --add-opens=java.base/java.util=ALL-UNNAMED --add-opens=java.base/java.lang=ALL-UNNAMED --add-opens=java.base/java.lang.invoke=ALL-UNNAMED --add-opens=java.prefs/java.util.prefs=ALL-UNNAMED --add-opens=java.base/java.nio.charset=ALL-UNNAMED --add-opens=java.base/java.net=ALL-UNNAMED --add-opens=java.base/java.util.concurrent.atomic=ALL-UNNAMED -Xmx2048m -Dfile.encoding=UTF-8 -Duser.country=ID -Duser.language=en -Duser.variant -javaagent:C:\Users\rizta\.gradle\wrapper\dists\gradle-8.8-bin\dl7vupf4psengwqhwktix4v1\gradle-8.8\lib\agents\gradle-instrumentation-agent-8.8.jar org.gradle.launcher.daemon.bootstrap.GradleDaemon 8.8

Host: Intel(R) Core(TM) i3-10110U CPU @ 2.10GHz, 4 cores, 19G,  Windows 11 , 64 bit Build 26100 (10.0.26100.9444)
Time: Fri Oct  2 16:10:51 2026 SE Asia Standard Time elapsed time: 72.685710 seconds (0d 0h 1m 12s)

---------------  T H R E A D  ---------------

Current thread (0x000002816b9f0360):  JavaThread "Daemon worker" [_thread_in_vm, id=24760, stack(0x000000e58f400000,0x000000e58f500000)]

Stack: [0x000000e58f400000,0x000000e58f500000]
Native frames: (J=compiled Java code, j=interpreted, Vv=VM code, C=native code)
V  [jvm.dll+0x67d429]
V  [jvm.dll+0x834b7a]
V  [jvm.dll+0x83663e]
V  [jvm.dll+0x836ca3]
V  [jvm.dll+0x247dbf]
V  [jvm.dll+0xac731]
V  [jvm.dll+0xacb7c]
V  [jvm.dll+0x1ec0fe]
V  [jvm.dll+0x1ecb10]
V  [jvm.dll+0x1e1f11]
V  [jvm.dll+0x54250e]
V  [jvm.dll+0x7aecb8]
V  [jvm.dll+0x7aeda4]
V  [jvm.dll+0x4106a5]
V  [jvm.dll+0x416819]
C  [java.dll+0x17ec]

Java frames: (J=compiled Java code, j=interpreted, Vv=VM code)
J 895  java.lang.ClassLoader.defineClass1(Ljava/lang/ClassLoader;Ljava/lang/String;[BIILjava/security/ProtectionDomain;Ljava/lang/String;)Ljava/lang/Class; java.base@17.0.11 (0 bytes) @ 0x0000028116be01e3 [0x0000028116be0120+0x00000000000000c3]
j  java.lang.System$2.defineClass(Ljava/lang/ClassLoader;Ljava/lang/String;[BLjava/security/ProtectionDomain;Ljava/lang/String;)Ljava/lang/Class;+10 java.base@17.0.11
j  jdk.internal.reflect.ClassDefiner.defineClass(Ljava/lang/String;[BIILjava/lang/ClassLoader;)Ljava/lang/Class;+27 java.base@17.0.11
j  jdk.internal.reflect.MethodAccessorGenerator$1.run()Ljdk/internal/reflect/MagicAccessorImpl;+21 java.base@17.0.11
j  jdk.internal.reflect.MethodAccessorGenerator$1.run()Ljava/lang/Object;+1 java.base@17.0.11
J 2065 c1 java.security.AccessController.doPrivileged(Ljava/security/PrivilegedAction;)Ljava/lang/Object; java.base@17.0.11 (9 bytes) @ 0x000002810f4a5344 [0x000002810f4a51e0+0x0000000000000164]
j  jdk.internal.reflect.MethodAccessorGenerator.generate(Ljava/lang/Class;Ljava/lang/String;[Ljava/lang/Class;Ljava/lang/Class;[Ljava/lang/Class;IZZLjava/lang/Class;)Ljdk/internal/reflect/MagicAccessorImpl;+755 java.base@17.0.11
j  jdk.internal.reflect.MethodAccessorGenerator.generateConstructor(Ljava/lang/Class;[Ljava/lang/Class;[Ljava/lang/Class;I)Ljdk/internal/reflect/ConstructorAccessor;+14 java.base@17.0.11
J 2306 c1 jdk.internal.reflect.NativeConstructorAccessorImpl.newInstance([Ljava/lang/Object;)Ljava/lang/Object; java.base@17.0.11 (122 bytes) @ 0x000002810f5210b4 [0x000002810f5208e0+0x00000000000007d4]
J 2148 c1 jdk.internal.reflect.DelegatingConstructorAccessorImpl.newInstance([Ljava/lang/Object;)Ljava/lang/Object; java.base@17.0.11 (9 bytes) @ 0x000002810f4d0244 [0x000002810f4d0140+0x0000000000000104]
J 2146 c1 java.lang.reflect.Constructor.newInstanceWithCaller([Ljava/lang/Object;ZLjava/lang/Class;)Ljava/lang/Object; java.base@17.0.11 (75 bytes) @ 0x000002810f4cf754 [0x000002810f4cf500+0x0000000000000254]
J 2528 c1 java.lang.reflect.Proxy.newProxyInstance(Ljava/lang/Class;Ljava/lang/reflect/Constructor;Ljava/lang/reflect/InvocationHandler;)Ljava/lang/Object; java.base@17.0.11 (75 bytes) @ 0x000002810f5b66d4 [0x000002810f5b62e0+0x00000000000003f4]
J 2526 c1 java.lang.reflect.Proxy.newProxyInstance(Ljava/lang/ClassLoader;[Ljava/lang/Class;Ljava/lang/reflect/InvocationHandler;)Ljava/lang/Object; java.base@17.0.11 (35 bytes) @ 0x000002810f5b3034 [0x000002810f5b2e00+0x0000000000000234]
J 2570 c1 sun.reflect.annotation.AnnotationParser$1.run()Ljava/lang/annotation/Annotation; java.base@17.0.11 (40 bytes) @ 0x000002810f5d1974 [0x000002810f5d0f00+0x0000000000000a74]
J 2520 c1 sun.reflect.annotation.AnnotationParser.parseAnnotation2(Ljava/nio/ByteBuffer;Ljdk/internal/reflect/ConstantPool;Ljava/lang/Class;Z[Ljava/lang/Class;)Ljava/lang/annotation/Annotation; java.base@17.0.11 (271 bytes) @ 0x000002810f5acd84 [0x000002810f5abaa0+0x00000000000012e4]
J 2525 c1 sun.reflect.annotation.AnnotationParser.parseAnnotations2([BLjdk/internal/reflect/ConstantPool;Ljava/lang/Class;[Ljava/lang/Class;)Ljava/util/Map; java.base@17.0.11 (135 bytes) @ 0x000002810f5b164c [0x000002810f5b12e0+0x000000000000036c]
J 2152 c1 sun.reflect.annotation.AnnotationParser.parseAnnotations([BLjdk/internal/reflect/ConstantPool;Ljava/lang/Class;)Ljava/util/Map; java.base@17.0.11 (37 bytes) @ 0x000002810f4d23ec [0x000002810f4d2300+0x00000000000000ec]
J 1664 c1 java.lang.Class.createAnnotationData(I)Ljava/lang/Class$AnnotationData; java.base@17.0.11 (195 bytes) @ 0x000002810f3e0ddc [0x000002810f3e0d00+0x00000000000000dc]
J 1548 c1 java.lang.Class.annotationData()Ljava/lang/Class$AnnotationData; java.base@17.0.11 (44 bytes) @ 0x000002810f3bbbe4 [0x000002810f3bbae0+0x0000000000000104]
J 2236 c1 org.gradle.internal.service.DefaultServiceRegistry$ClassInspector$ClassDetails.locateAnnotation(Ljava/lang/Class;)Z (44 bytes) @ 0x000002810f4fd43c [0x000002810f4fcfc0+0x000000000000047c]
J 2093 c1 org.gradle.internal.service.DefaultServiceRegistry$ClassInspector$ClassDetails.hasAnnotation(Ljava/lang/Class;)Z (44 bytes) @ 0x000002810f4b6174 [0x000002810f4b5f00+0x0000000000000274]
J 2078 c1 org.gradle.internal.service.DefaultServiceRegistry$OwnServices.add(Lorg/gradle/internal/service/DefaultServiceRegistry$SingletonService;)V (153 bytes) @ 0x000002810f4aaffc [0x000002810f4aa520+0x0000000000000adc]
j  org.gradle.internal.service.DefaultServiceRegistry.findProviderMethods(Ljava/lang/Object;)V+153
j  org.gradle.internal.service.DefaultServiceRegistry.addProvider(Ljava/lang/Object;)Lorg/gradle/internal/service/DefaultServiceRegistry;+6
j  org.gradle.internal.service.DefaultServiceRegistry$1.addProvider(Ljava/lang/Object;)V+5
j  org.gradle.jvm.internal.services.ToolchainsJvmServices.registerBuildServices(Lorg/gradle/internal/service/ServiceRegistration;)V+8
j  org.gradle.internal.service.scopes.BuildScopeServices.lambda$new$0(Lorg/gradle/internal/build/BuildModelControllerServices$Supplier;Lorg/gradle/internal/service/ServiceRegistry;Lorg/gradle/internal/service/ServiceRegistration;)V+176
j  org.gradle.internal.service.scopes.BuildScopeServices$$Lambda$218+0x0000028127287b28.execute(Ljava/lang/Object;)V+16
j  org.gradle.internal.service.DefaultServiceRegistry.register(Lorg/gradle/api/Action;)V+9
j  org.gradle.internal.service.scopes.BuildScopeServices.<init>(Lorg/gradle/internal/service/ServiceRegistry;Lorg/gradle/internal/build/BuildModelControllerServices$Supplier;)V+35
j  org.gradle.internal.build.AbstractBuildState.prepareServices(Lorg/gradle/internal/buildtree/BuildTreeState;Lorg/gradle/api/internal/BuildDefinition;Lorg/gradle/internal/build/BuildModelControllerServices$Supplier;)Lorg/gradle/internal/service/scopes/BuildScopeServices;+9
j  org.gradle.internal.build.AbstractBuildState.<init>(Lorg/gradle/internal/buildtree/BuildTreeState;Lorg/gradle/api/internal/BuildDefinition;Lorg/gradle/internal/build/BuildState;)V+38
j  org.gradle.composite.internal.AbstractCompositeParticipantBuildState.<init>(Lorg/gradle/internal/buildtree/BuildTreeState;Lorg/gradle/api/internal/BuildDefinition;Lorg/gradle/internal/build/BuildState;)V+4
j  org.gradle.composite.internal.DefaultRootBuildState.<init>(Lorg/gradle/api/internal/BuildDefinition;Lorg/gradle/internal/buildtree/BuildTreeState;Lorg/gradle/internal/event/ListenerManager;)V+4
j  org.gradle.composite.internal.BuildStateFactory.createRootBuild(Lorg/gradle/api/internal/BuildDefinition;)Lorg/gradle/internal/build/RootBuildState;+13
j  org.gradle.composite.internal.DefaultIncludedBuildRegistry.createRootBuild(Lorg/gradle/api/internal/BuildDefinition;)Lorg/gradle/internal/build/RootBuildState;+23
j  org.gradle.launcher.exec.RootBuildLifecycleBuildActionExecutor.execute(Lorg/gradle/internal/invocation/BuildAction;Lorg/gradle/internal/buildtree/BuildTreeContext;)Lorg/gradle/internal/buildtree/BuildActionRunner$Result;+14
j  org.gradle.internal.buildtree.InitDeprecationLoggingActionExecutor.execute(Lorg/gradle/internal/invocation/BuildAction;Lorg/gradle/internal/buildtree/BuildTreeContext;)Lorg/gradle/internal/buildtree/BuildActionRunner$Result;+83
j  org.gradle.internal.buildtree.InitProblems.execute(Lorg/gradle/internal/invocation/BuildAction;Lorg/gradle/internal/buildtree/BuildTreeContext;)Lorg/gradle/internal/buildtree/BuildActionRunner$Result;+13
j  org.gradle.internal.buildtree.DefaultBuildTreeContext.execute(Lorg/gradle/internal/invocation/BuildAction;)Lorg/gradle/internal/buildtree/BuildActionRunner$Result;+64
j  org.gradle.launcher.exec.BuildTreeLifecycleBuildActionExecutor.lambda$execute$0(Lorg/gradle/internal/invocation/BuildAction;Lorg/gradle/internal/buildtree/BuildTreeContext;)Lorg/gradle/internal/buildtree/BuildActionRunner$Result;+2
j  org.gradle.launcher.exec.BuildTreeLifecycleBuildActionExecutor$$Lambda$209+0x000002812726b090.apply(Ljava/lang/Object;)Ljava/lang/Object;+8
j  org.gradle.internal.buildtree.BuildTreeState.run(Ljava/util/function/Function;)Ljava/lang/Object;+45
j  org.gradle.launcher.exec.BuildTreeLifecycleBuildActionExecutor.execute(Lorg/gradle/internal/invocation/BuildAction;Lorg/gradle/internal/session/BuildSessionContext;)Lorg/gradle/internal/buildtree/BuildActionRunner$Result;+74
j  org.gradle.launcher.exec.RunAsBuildOperationBuildActionExecutor$3.call(Lorg/gradle/internal/operations/BuildOperationContext;)Lorg/gradle/internal/buildtree/BuildActionRunner$Result;+25
j  org.gradle.launcher.exec.RunAsBuildOperationBuildActionExecutor$3.call(Lorg/gradle/internal/operations/BuildOperationContext;)Ljava/lang/Object;+2
j  org.gradle.internal.operations.DefaultBuildOperationRunner$CallableBuildOperationWorker.execute(Lorg/gradle/internal/operations/CallableBuildOperation;Lorg/gradle/internal/operations/BuildOperationContext;)V+3
j  org.gradle.internal.operations.DefaultBuildOperationRunner$CallableBuildOperationWorker.execute(Lorg/gradle/internal/operations/BuildOperation;Lorg/gradle/internal/operations/BuildOperationContext;)V+6
j  org.gradle.internal.operations.DefaultBuildOperationRunner$2.execute(Lorg/gradle/internal/operations/BuildOperationDescriptor;Lorg/gradle/internal/operations/BuildOperationState;Lorg/gradle/internal/operations/BuildOperationState;Lorg/gradle/internal/operations/DefaultBuildOperationRunner$ReadableBuildOperationContext;Lorg/gradle/internal/operations/DefaultBuildOperationRunner$BuildOperationExecutionListener;)Lorg/gradle/internal/operations/BuildOperation;+22
j  org.gradle.internal.operations.DefaultBuildOperationRunner$2.execute(Lorg/gradle/internal/operations/BuildOperationDescriptor;Lorg/gradle/internal/operations/BuildOperationState;Lorg/gradle/internal/operations/BuildOperationState;Lorg/gradle/internal/operations/DefaultBuildOperationRunner$ReadableBuildOperationContext;Lorg/gradle/internal/operations/DefaultBuildOperationRunner$BuildOperationExecutionListener;)Ljava/lang/Object;+8
j  org.gradle.internal.operations.DefaultBuildOperationRunner.execute(Lorg/gradle/internal/operations/BuildOperationDescriptor$Builder;Lorg/gradle/internal/operations/BuildOperationState;Lorg/gradle/internal/operations/DefaultBuildOperationRunner$BuildOperationExecution;)Ljava/lang/Object;+141
j  org.gradle.internal.operations.DefaultBuildOperationRunner.execute(Lorg/gradle/internal/operations/BuildOperation;Lorg/gradle/internal/operations/BuildOperationWorker;Lorg/gradle/internal/operations/BuildOperationState;)V+18
j  org.gradle.internal.operations.DefaultBuildOperationRunner.call(Lorg/gradle/internal/operations/CallableBuildOperation;)Ljava/lang/Object;+16
j  org.gradle.launcher.exec.RunAsBuildOperationBuildActionExecutor.execute(Lorg/gradle/internal/invocation/BuildAction;Lorg/gradle/internal/session/BuildSessionContext;)Lorg/gradle/internal/buildtree/BuildActionRunner$Result;+23
j  org.gradle.launcher.exec.RunAsWorkerThreadBuildActionExecutor.lambda$execute$0(Lorg/gradle/internal/invocation/BuildAction;Lorg/gradle/internal/session/BuildSessionContext;)Lorg/gradle/internal/buildtree/BuildActionRunner$Result;+6
j  org.gradle.launcher.exec.RunAsWorkerThreadBuildActionExecutor$$Lambda$202+0x0000028127240238.create()Ljava/lang/Object;+12
j  org.gradle.internal.work.DefaultWorkerLeaseService.withLocks(Ljava/util/Collection;Lorg/gradle/internal/Factory;)Ljava/lang/Object;+28
j  org.gradle.internal.work.DefaultWorkerLeaseService.runAsWorkerThread(Lorg/gradle/internal/Factory;)Ljava/lang/Object;+33
j  org.gradle.launcher.exec.RunAsWorkerThreadBuildActionExecutor.execute(Lorg/gradle/internal/invocation/BuildAction;Lorg/gradle/internal/session/BuildSessionContext;)Lorg/gradle/internal/buildtree/BuildActionRunner$Result;+12
j  org.gradle.tooling.internal.provider.continuous.ContinuousBuildActionExecutor.execute(Lorg/gradle/internal/invocation/BuildAction;Lorg/gradle/internal/session/BuildSessionContext;)Lorg/gradle/internal/buildtree/BuildActionRunner$Result;+58
j  org.gradle.tooling.internal.provider.SubscribableBuildActionExecutor.execute(Lorg/gradle/internal/invocation/BuildAction;Lorg/gradle/internal/session/BuildSessionContext;)Lorg/gradle/internal/buildtree/BuildActionRunner$Result;+30
j  org.gradle.internal.session.DefaultBuildSessionContext.execute(Lorg/gradle/internal/invocation/BuildAction;)Lorg/gradle/internal/buildtree/BuildActionRunner$Result;+64
j  org.gradle.tooling.internal.provider.BuildSessionLifecycleBuildActionExecuter$ActionImpl.apply(Lorg/gradle/internal/session/BuildSessionContext;)Lorg/gradle/launcher/exec/BuildActionResult;+6
j  org.gradle.tooling.internal.provider.BuildSessionLifecycleBuildActionExecuter$ActionImpl.apply(Ljava/lang/Object;)Ljava/lang/Object;+5
j  org.gradle.internal.session.BuildSessionState.run(Ljava/util/function/Function;)Ljava/lang/Object;+5
j  org.gradle.tooling.internal.provider.BuildSessionLifecycleBuildActionExecuter.execute(Lorg/gradle/internal/invocation/BuildAction;Lorg/gradle/launcher/exec/BuildActionParameters;Lorg/gradle/initialization/BuildRequestContext;)Lorg/gradle/launcher/exec/BuildActionResult;+95
j  org.gradle.tooling.internal.provider.BuildSessionLifecycleBuildActionExecuter.execute(Lorg/gradle/internal/invocation/BuildAction;Ljava/lang/Object;Ljava/lang/Object;)Lorg/gradle/launcher/exec/BuildActionResult;+10
j  org.gradle.tooling.internal.provider.StartParamsValidatingActionExecuter.execute(Lorg/gradle/internal/invocation/BuildAction;Lorg/gradle/launcher/exec/BuildActionParameters;Lorg/gradle/initialization/BuildRequestContext;)Lorg/gradle/launcher/exec/BuildActionResult;+203
j  org.gradle.tooling.internal.provider.StartParamsValidatingActionExecuter.execute(Lorg/gradle/internal/invocation/BuildAction;Ljava/lang/Object;Ljava/lang/Object;)Lorg/gradle/launcher/exec/BuildActionResult;+10
j  org.gradle.tooling.internal.provider.SessionFailureReportingActionExecuter.execute(Lorg/gradle/internal/invocation/BuildAction;Lorg/gradle/launcher/exec/BuildActionParameters;Lorg/gradle/initialization/BuildRequestContext;)Lorg/gradle/launcher/exec/BuildActionResult;+7
j  org.gradle.tooling.internal.provider.SessionFailureReportingActionExecuter.execute(Lorg/gradle/internal/invocation/BuildAction;Ljava/lang/Object;Ljava/lang/Object;)Lorg/gradle/launcher/exec/BuildActionResult;+10
j  org.gradle.tooling.internal.provider.SetupLoggingActionExecuter.execute(Lorg/gradle/internal/invocation/BuildAction;Lorg/gradle/launcher/exec/BuildActionParameters;Lorg/gradle/initialization/BuildRequestContext;)Lorg/gradle/launcher/exec/BuildActionResult;+50
j  org.gradle.tooling.internal.provider.SetupLoggingActionExecuter.execute(Lorg/gradle/internal/invocation/BuildAction;Ljava/lang/Object;Ljava/lang/Object;)Lorg/gradle/launcher/exec/BuildActionResult;+10
j  org.gradle.launcher.daemon.server.exec.ExecuteBuild.doBuild(Lorg/gradle/launcher/daemon/server/api/DaemonCommandExecution;Lorg/gradle/launcher/daemon/protocol/Build;)V+117
j  org.gradle.launcher.daemon.server.exec.BuildCommandOnly.execute(Lorg/gradle/launcher/daemon/server/api/DaemonCommandExecution;)V+49
j  org.gradle.launcher.daemon.server.api.DaemonCommandExecution.proceed()Z+23
j  org.gradle.launcher.daemon.server.exec.WatchForDisconnection.execute(Lorg/gradle/launcher/daemon/server/api/DaemonCommandExecution;)V+19
j  org.gradle.launcher.daemon.server.api.DaemonCommandExecution.proceed()Z+23
j  org.gradle.launcher.daemon.server.exec.ResetDeprecationLogger.execute(Lorg/gradle/launcher/daemon/server/api/DaemonCommandExecution;)V+7
j  org.gradle.launcher.daemon.server.api.DaemonCommandExecution.proceed()Z+23
j  org.gradle.launcher.daemon.server.exec.RequestStopIfSingleUsedDaemon.execute(Lorg/gradle/launcher/daemon/server/api/DaemonCommandExecution;)V+33
j  org.gradle.launcher.daemon.server.api.DaemonCommandExecution.proceed()Z+23
j  org.gradle.launcher.daemon.server.exec.ForwardClientInput.lambda$execute$0(Lorg/gradle/launcher/daemon/server/api/DaemonCommandExecution;Lorg/gradle/launcher/daemon/server/api/StdinHandler;)Ljava/lang/Object;+11
j  org.gradle.launcher.daemon.server.exec.ForwardClientInput$$Lambda$107+0x000002812713a280.apply(Ljava/lang/Object;)Ljava/lang/Object;+8
j  org.gradle.launcher.daemon.server.clientinput.ClientInputForwarder.forwardInput(Ljava/util/function/Function;)Ljava/lang/Object;+60
j  org.gradle.launcher.daemon.server.exec.ForwardClientInput.execute(Lorg/gradle/launcher/daemon/server/api/DaemonCommandExecution;)V+10
j  org.gradle.launcher.daemon.server.api.DaemonCommandExecution.proceed()Z+23
j  org.gradle.launcher.daemon.server.exec.LogAndCheckHealth.execute(Lorg/gradle/launcher/daemon/server/api/DaemonCommandExecution;)V+51
j  org.gradle.launcher.daemon.server.api.DaemonCommandExecution.proceed()Z+23
j  org.gradle.launcher.daemon.server.exec.LogToClient.doBuild(Lorg/gradle/launcher/daemon/server/api/DaemonCommandExecution;Lorg/gradle/launcher/daemon/protocol/Build;)V+87
j  org.gradle.launcher.daemon.server.exec.BuildCommandOnly.execute(Lorg/gradle/launcher/daemon/server/api/DaemonCommandExecution;)V+49
j  org.gradle.launcher.daemon.server.api.DaemonCommandExecution.proceed()Z+23
j  org.gradle.launcher.daemon.server.exec.EstablishBuildEnvironment.doBuild(Lorg/gradle/launcher/daemon/server/api/DaemonCommandExecution;Lorg/gradle/launcher/daemon/protocol/Build;)V+356
j  org.gradle.launcher.daemon.server.exec.BuildCommandOnly.execute(Lorg/gradle/launcher/daemon/server/api/DaemonCommandExecution;)V+49
j  org.gradle.launcher.daemon.server.api.DaemonCommandExecution.proceed()Z+23
j  org.gradle.launcher.daemon.server.exec.StartBuildOrRespondWithBusy$1.run()V+44
j  org.gradle.launcher.daemon.server.DaemonStateCoordinator$1.run()V+4
j  org.gradle.internal.concurrent.ExecutorPolicy$CatchAndRecordFailures.onExecute(Ljava/lang/Runnable;)V+1
j  org.gradle.internal.concurrent.AbstractManagedExecutor$1.run()V+25
j  java.util.concurrent.ThreadPoolExecutor.runWorker(Ljava/util/concurrent/ThreadPoolExecutor$Worker;)V+92 java.base@17.0.11
j  java.util.concurrent.ThreadPoolExecutor$Worker.run()V+5 java.base@17.0.11
j  java.lang.Thread.run()V+11 java.base@17.0.11
v  ~StubRoutines::call_stub

Compiled method (n/a)   73166  895     n 0       java.lang.ClassLoader::defineClass1 (native)
 total in heap  [0x0000028116bdff90,0x0000028116be0470] = 1248
 relocation     [0x0000028116be00e8,0x0000028116be0120] = 56
 main code      [0x0000028116be0120,0x0000028116be0470] = 848

[Constant Pool (empty)]

[MachCode]
[Entry Point]
  # {method} {0x0000028126010f28} 'defineClass1' '(Ljava/lang/ClassLoader;Ljava/lang/String;[BIILjava/security/ProtectionDomain;Ljava/lang/String;)Ljava/lang/Class;' in 'java/lang/ClassLoader'
  # parm0:    rdx:rdx   = 'java/lang/ClassLoader'
  # parm1:    r8:r8     = 'java/lang/String'
  # parm2:    r9:r9     = '[B'
  # parm3:    rdi       = int
  # parm4:    rsi       = int
  # parm5:    rcx:rcx   = 'java/security/ProtectionDomain'
  # parm6:    [sp+0xa0]   = 'java/lang/String'  (sp of caller)
  0x0000028116be0120: 448b 5208 | 49bb 0000 | 0026 8102 | 0000 4d03 | d349 3bc2 | 0f84 0600 

  0x0000028116be0138: ;   {runtime_call ic_miss_stub}
  0x0000028116be0138: 0000 e941 | 0fa4 ff90 
[Verified Entry Point]
  0x0000028116be0140: 8984 2400 | 90ff ff55 | 488b ec48 | 81ec 9000 | 0000 4881 | 7d10 0000 | 0000 488d | 4510 480f 
  0x0000028116be0160: 4445 1048 | 8944 2440 | 4889 4c24 | 7048 83f9 | 0048 8d44 | 2470 480f | 4444 2470 | 4889 4424 
  0x0000028116be0180: 3848 8974 | 2430 4889 | 7c24 284c | 894c 2458 | 4983 f900 | 488d 4424 | 5848 0f44 | 4424 5848 
  0x0000028116be01a0: 8944 2420 | 4c89 4424 | 5049 83f8 | 004c 8d4c | 2450 4c0f | 444c 2450 | 4889 5424 | 4848 83fa 
  0x0000028116be01c0: 004c 8d44 | 2448 4c0f | 4444 2448 

  0x0000028116be01cc: ;   {oop(a 'java/lang/Class'{0x000000008009aaf8} = 'java/lang/ClassLoader')}
  0x0000028116be01cc: 49be f8aa | 0980 0000 | 0000 4c89 | 7424 784c | 8d74 2478 | 498b d6c5 

  0x0000028116be01e4: ;   {internal_word}
  0x0000028116be01e4: f877 49ba | e301 be16 | 8102 0000 | 4d89 97a0 | 0200 0049 | 89a7 9802 

  0x0000028116be01fc: ;   {external_word}
  0x0000028116be01fc: 0000 49ba | 5835 1fa2 | fb7f 0000 | 4180 3a00 | 0f84 5200 | 0000 5241 

  0x0000028116be0214: ;   {metadata({method} {0x0000028126010f28} 'defineClass1' '(Ljava/lang/ClassLoader;Ljava/lang/String;[BIILjava/security/ProtectionDomain;Ljava/lang/String;)Ljava/lang/Class;' in 'java/lang/ClassLoader')}
  0x0000028116be0214: 5041 5148 | ba20 0f01 | 2681 0200 | 0049 8bcf | 4883 ec20 | f7c4 0f00 | 0000 0f84 | 1a00 0000 
  0x0000028116be0234: 4883 ec08 

  0x0000028116be0238: ;   {runtime_call}
  0x0000028116be0238: 49ba 6031 | d5a1 fb7f | 0000 41ff | d248 83c4 | 08e9 0d00 

  0x0000028116be024c: ;   {runtime_call}
  0x0000028116be024c: 0000 49ba | 6031 d5a1 | fb7f 0000 | 41ff d248 | 83c4 2041 | 5941 585a | 498d 8fb8 | 0200 0041 
  0x0000028116be026c: c787 4803 | 0000 0400 

  0x0000028116be0274: ;   {runtime_call}
  0x0000028116be0274: 0000 49ba | ac16 b305 | fc7f 0000 | 41ff d2c5 | f877 41c7 | 8748 0300 | 0005 0000 | 00f0 8344 
  0x0000028116be0294: 24c0 0049 | 3baf 5003 | 0000 0f87 | 1100 0000 | 4181 bf38 | 0300 0000 | 0000 000f | 842c 0000 
  0x0000028116be02b4: 00c5 f877 | 4889 45f8 | 498b cf4c | 8be4 4883 | ec20 4883 

  0x0000028116be02c8: ;   {runtime_call}
  0x0000028116be02c8: e4f0 49ba | c045 e5a1 | fb7f 0000 | 41ff d249 | 8be4 4d33 | e448 8b45 | f841 c787 | 4803 0000 
  0x0000028116be02e8: 0800 0000 | 4181 bfb8 | 0300 0002 | 0000 000f | 843f 0100 

  0x0000028116be02fc: ;   {external_word}
  0x0000028116be02fc: 0049 ba58 | 351f a2fb | 7f00 0041 | 803a 000f | 8450 0000 | 0048 8945 

  0x0000028116be0314: ;   {metadata({method} {0x0000028126010f28} 'defineClass1' '(Ljava/lang/ClassLoader;Ljava/lang/String;[BIILjava/security/ProtectionDomain;Ljava/lang/String;)Ljava/lang/Class;' in 'java/lang/ClassLoader')}
  0x0000028116be0314: f848 ba20 | 0f01 2681 | 0200 0049 | 8bcf 4883 | ec20 f7c4 | 0f00 0000 | 0f84 1a00 | 0000 4883 
  0x0000028116be0334: ;   {runtime_call}
  0x0000028116be0334: ec08 49ba | 6031 d5a1 | fb7f 0000 | 41ff d248 | 83c4 08e9 | 0d00 0000 

  0x0000028116be034c: ;   {runtime_call}
  0x0000028116be034c: 49ba 6031 | d5a1 fb7f | 0000 41ff | d248 83c4 | 2048 8b45 | f849 c787 | 9802 0000 | 0000 0000 
  0x0000028116be036c: 49c7 87a0 | 0200 0000 | 0000 00c5 | f877 4885 | c00f 8493 | 0000 0048 | f7c0 0100 | 0000 0f84 
  0x0000028116be038c: 8300 0000 | 488b 40ff | 4180 7f38 | 000f 846f | 0000 0048 | 83f8 000f | 8465 0000 | 0049 8b4f 
  0x0000028116be03ac: 2048 83f9 | 000f 8414 | 0000 0048 | 83e9 0849 | 894f 2049 | 034f 3048 | 8901 e943 | 0000 0050 
  0x0000028116be03cc: 498b d748 | 8bc8 4883 | ec20 f7c4 | 0f00 0000 | 0f84 1a00 | 0000 4883 

  0x0000028116be03e4: ;   {runtime_call}
  0x0000028116be03e4: ec08 49ba | 604d 94a1 | fb7f 0000 | 41ff d248 | 83c4 08e9 | 0d00 0000 

  0x0000028116be03fc: ;   {runtime_call}
  0x0000028116be03fc: 49ba 604d | 94a1 fb7f | 0000 41ff | d248 83c4 | 2058 e903 | 0000 0048 | 8b00 498b | 8fd8 0000 
  0x0000028116be041c: 00c7 8100 | 0100 0000 | 0000 00c9 | 4981 7f08 | 0000 0000 | 0f85 0100 

  0x0000028116be0434: ;   {runtime_call StubRoutines (1)}
  0x0000028116be0434: 0000 c3e9 | c40a 9fff | c5f8 7748 | 8945 f84c | 8be4 4883 | ec20 4883 

  0x0000028116be044c: ;   {runtime_call}
  0x0000028116be044c: e4f0 49ba | e061 d5a1 | fb7f 0000 | 41ff d249 | 8be4 4d33 | e448 8b45 | f8e9 93fe | ffff f4f4 
  0x0000028116be046c: f4f4 f4f4 
[/MachCode]


Compiled method (c1)   73367 2065       3       java.security.AccessController::doPrivileged (9 bytes)
 total in heap  [0x000002810f4a5010,0x000002810f4a5658] = 1608
 relocation     [0x000002810f4a5168,0x000002810f4a51d0] = 104
 main code      [0x000002810f4a51e0,0x000002810f4a54c0] = 736
 stub code      [0x000002810f4a54c0,0x000002810f4a5518] = 88
 metadata       [0x000002810f4a5518,0x000002810f4a5530] = 24
 scopes data    [0x000002810f4a5530,0x000002810f4a55b0] = 128
 scopes pcs     [0x000002810f4a55b0,0x000002810f4a5640] = 144
 dependencies   [0x000002810f4a5640,0x000002810f4a5648] = 8
 nul chk table  [0x000002810f4a5648,0x000002810f4a5658] = 16

[Constant Pool (empty)]

[MachCode]
[Verified Entry Point]
  # {method} {0x0000028126435280} 'doPrivileged' '(Ljava/security/PrivilegedAction;)Ljava/lang/Object;' in 'java/security/AccessController'
  # parm0:    rdx:rdx   = 'java/security/PrivilegedAction'
  #           [sp+0x70]  (sp of caller)
  0x000002810f4a51e0: 8984 2400 | 90ff ff55 | 4883 ec60 

  0x000002810f4a51ec: ;   {metadata(method data for {method} {0x0000028126435280} 'doPrivileged' '(Ljava/security/PrivilegedAction;)Ljava/lang/Object;' in 'java/security/AccessController')}
  0x000002810f4a51ec: 48be 0873 | 0e67 8102 | 0000 8bbe | cc00 0000 | 83c7 0289 | becc 0000 | 0081 e7fe | 0700 0083 
  0x000002810f4a520c: ff00 0f84 | cc01 0000 | 4889 5424 

  0x000002810f4a5218: ;   {metadata(method data for {method} {0x0000028126435280} 'doPrivileged' '(Ljava/security/PrivilegedAction;)Ljava/lang/Object;' in 'java/security/AccessController')}
  0x000002810f4a5218: 4048 be08 | 730e 6781 | 0200 0048 | 8386 1001 | 0000 010f 

  0x000002810f4a522c: ;   {static_call}
  0x000002810f4a522c: 1f40 00e8 

  0x000002810f4a5230: ; ImmutableOopMap {[64]=Oop }
                      ;*invokestatic getCallerClass {reexecute=0 rethrow=0 return_oop=0}
                      ; - java.security.AccessController::doPrivileged@2 (line 318)
  0x000002810f4a5230: 0c99 7007 

  0x000002810f4a5234: ;   {metadata(method data for {method} {0x0000028126435280} 'doPrivileged' '(Ljava/security/PrivilegedAction;)Ljava/lang/Object;' in 'java/security/AccessController')}
  0x000002810f4a5234: 48ba 0873 | 0e67 8102 | 0000 4883 | 8220 0100 

  0x000002810f4a5244: ;   {metadata(method data for {method} {0x0000028126434850} 'executePrivileged' '(Ljava/security/PrivilegedAction;Ljava/security/AccessControlContext;Ljava/lang/Class;)Ljava/lang/Object;' in 'java/security/AccessController')}
  0x000002810f4a5244: 0001 48ba | 7874 0e67 | 8102 0000 | 8bb2 cc00 | 0000 83c6 | 0289 b2cc | 0000 0081 | e6fe ff1f 
  0x000002810f4a5264: 0083 fe00 | 0f84 9301 

  0x000002810f4a526c: ;   {metadata(method data for {method} {0x0000028126434850} 'executePrivileged' '(Ljava/security/PrivilegedAction;Ljava/security/AccessControlContext;Ljava/lang/Class;)Ljava/lang/Object;' in 'java/security/AccessController')}
  0x000002810f4a526c: 0000 48ba | 7874 0e67 | 8102 0000 | ff82 1001 

  0x000002810f4a527c: ;   {metadata(method data for {method} {0x0000028126434850} 'executePrivileged' '(Ljava/security/PrivilegedAction;Ljava/security/AccessControlContext;Ljava/lang/Class;)Ljava/lang/Object;' in 'java/security/AccessController')}
  0x000002810f4a527c: 0000 48ba | 7874 0e67 | 8102 0000 | ff82 4001 | 0000 4889 | 4424 4848 | 8b54 2440 

  0x000002810f4a5298: ; implicit exception: dispatches to 0x000002810f4a5422
  0x000002810f4a5298: 483b 0248 

  0x000002810f4a529c: ;   {metadata(method data for {method} {0x0000028126434850} 'executePrivileged' '(Ljava/security/PrivilegedAction;Ljava/security/AccessControlContext;Ljava/lang/Class;)Ljava/lang/Object;' in 'java/security/AccessController')}
  0x000002810f4a529c: 8bf2 48bf | 7874 0e67 | 8102 0000 | 8b76 0849 | ba00 0000 | 2681 0200 | 0049 03f2 | 483b b7b0 
  0x000002810f4a52bc: 0100 0075 | 0d48 8387 | b801 0000 | 01e9 6600 | 0000 483b | b7c0 0100 | 0075 0d48 | 8387 c801 
  0x000002810f4a52dc: 0000 01e9 | 5000 0000 | 4881 bfb0 | 0100 0000 | 0000 0075 | 1748 89b7 | b001 0000 | 48c7 87b8 
  0x000002810f4a52fc: 0100 0001 | 0000 00e9 | 2c00 0000 | 4881 bfc0 | 0100 0000 | 0000 0075 | 1748 89b7 | c001 0000 
  0x000002810f4a531c: 48c7 87c8 | 0100 0001 | 0000 00e9 | 0800 0000 | 4883 87a0 | 0100 0001 | 9048 b810 | da89 6b81 
  0x000002810f4a533c: ;   {virtual_call}
  0x000002810f4a533c: 0200 00e8 

  0x000002810f4a5340: ; ImmutableOopMap {[72]=Oop }
                      ;*invokeinterface run {reexecute=0 rethrow=0 return_oop=0}
                      ; - java.security.AccessController::executePrivileged@29 (line 776)
                      ; - java.security.AccessController::doPrivileged@5 (line 318)
  0x000002810f4a5340: 4c90 2207 

  0x000002810f4a5344: ;   {metadata(method data for {method} {0x0000028126434850} 'executePrivileged' '(Ljava/security/PrivilegedAction;Ljava/security/AccessControlContext;Ljava/lang/Class;)Ljava/lang/Object;' in 'java/security/AccessController')}
  0x000002810f4a5344: 48be 7874 | 0e67 8102 | 0000 ff86 | d801 0000 | 488b 7424 

  0x000002810f4a5358: ;   {metadata(method data for {method} {0x0000028126434850} 'executePrivileged' '(Ljava/security/PrivilegedAction;Ljava/security/AccessControlContext;Ljava/lang/Class;)Ljava/lang/Object;' in 'java/security/AccessController')}
  0x000002810f4a5358: 4848 bf78 | 740e 6781 | 0200 0048 | 8387 3802 

  0x000002810f4a5368: ;   {metadata(method data for {method} {0x00000281263dcbd8} 'reachabilityFence' '(Ljava/lang/Object;)V' in 'java/lang/ref/Reference')}
  0x000002810f4a5368: 0000 0148 | bf70 e204 | 6781 0200 | 008b 9fcc | 0000 0083 | c302 899f | cc00 0000 | 81e3 feff 
  0x000002810f4a5388: 1f00 83fb | 000f 8494 

  0x000002810f4a5390: ;   {metadata(method data for {method} {0x0000028126434850} 'executePrivileged' '(Ljava/security/PrivilegedAction;Ljava/security/AccessControlContext;Ljava/lang/Class;)Ljava/lang/Object;' in 'java/security/AccessController')}
  0x000002810f4a5390: 0000 0048 | be78 740e | 6781 0200 | 0048 8386 | 4802 0000 

  0x000002810f4a53a4: ;   {metadata(method data for {method} {0x00000281263dcbd8} 'reachabilityFence' '(Ljava/lang/Object;)V' in 'java/lang/ref/Reference')}
  0x000002810f4a53a4: 0148 be70 | e204 6781 | 0200 008b | becc 0000 | 0083 c702 | 89be cc00 | 0000 81e7 | feff 1f00 
  0x000002810f4a53c4: 83ff 000f | 847b 0000 | 0048 83c4 

  0x000002810f4a53d0: ;   {poll_return}
  0x000002810f4a53d0: 605d 493b | a750 0300 | 000f 878a | 0000 00c3 

  0x000002810f4a53e0: ;   {metadata({method} {0x0000028126435280} 'doPrivileged' '(Ljava/security/PrivilegedAction;)Ljava/lang/Object;' in 'java/security/AccessController')}
  0x000002810f4a53e0: 49ba 7852 | 4326 8102 | 0000 4c89 | 5424 0848 | c704 24ff 

  0x000002810f4a53f4: ;   {runtime_call counter_overflow Runtime1 stub}
  0x000002810f4a53f4: ffff ffe8 

  0x000002810f4a53f8: ; ImmutableOopMap {rdx=Oop }
                      ;*synchronization entry
                      ; - java.security.AccessController::doPrivileged@-1 (line 318)
  0x000002810f4a53f8: 045f 2207 | e913 feff 

  0x000002810f4a5400: ;   {metadata({method} {0x0000028126434850} 'executePrivileged' '(Ljava/security/PrivilegedAction;Ljava/security/AccessControlContext;Ljava/lang/Class;)Ljava/lang/Object;' in 'java/security/AccessController')}
  0x000002810f4a5400: ff49 ba48 | 4843 2681 | 0200 004c | 8954 2408 | 48c7 0424 | ffff ffff 

  0x000002810f4a5418: ;   {runtime_call counter_overflow Runtime1 stub}
  0x000002810f4a5418: e8e3 5e22 

  0x000002810f4a541c: ; ImmutableOopMap {[64]=Oop rax=Oop }
                      ;*synchronization entry
                      ; - java.security.AccessController::executePrivileged@-1 (line 771)
                      ; - java.security.AccessController::doPrivileged@5 (line 318)
  0x000002810f4a541c: 07e9 4cfe 

  0x000002810f4a5420: ;   {runtime_call throw_null_pointer_exception Runtime1 stub}
  0x000002810f4a5420: ffff e879 

  0x000002810f4a5424: ; ImmutableOopMap {rdx=Oop [72]=Oop }
                      ;*invokeinterface run {reexecute=0 rethrow=0 return_oop=0}
                      ; - java.security.AccessController::executePrivileged@29 (line 776)
                      ; - java.security.AccessController::doPrivileged@5 (line 318)
                      ;   {metadata({method} {0x00000281263dcbd8} 'reachabilityFence' '(Ljava/lang/Object;)V' in 'java/lang/ref/Reference')}
  0x000002810f4a5424: 2e19 0749 | bad0 cb3d | 2681 0200 | 004c 8954 | 2408 48c7 | 0424 ffff 

  0x000002810f4a543c: ;   {runtime_call counter_overflow Runtime1 stub}
  0x000002810f4a543c: ffff e8bd 

  0x000002810f4a5440: ; ImmutableOopMap {rax=Oop rsi=Oop }
                      ;*synchronization entry
                      ; - java.lang.ref.Reference::reachabilityFence@-1 (line 621)
                      ; - java.security.AccessController::executePrivileged@56 (line 781)
                      ; - java.security.AccessController::doPrivileged@5 (line 318)
  0x000002810f4a5440: 5e22 07e9 | 4bff ffff 

  0x000002810f4a5448: ;   {metadata({method} {0x00000281263dcbd8} 'reachabilityFence' '(Ljava/lang/Object;)V' in 'java/lang/ref/Reference')}
  0x000002810f4a5448: 49ba d0cb | 3d26 8102 | 0000 4c89 | 5424 0848 | c704 24ff 

  0x000002810f4a545c: ;   {runtime_call counter_overflow Runtime1 stub}
  0x000002810f4a545c: ffff ffe8 

  0x000002810f4a5460: ; ImmutableOopMap {rax=Oop }
                      ;*synchronization entry
                      ; - java.lang.ref.Reference::reachabilityFence@-1 (line 621)
                      ; - java.security.AccessController::executePrivileged@60 (line 782)
                      ; - java.security.AccessController::doPrivileged@5 (line 318)
  0x000002810f4a5460: 9c5e 2207 | e964 ffff 

  0x000002810f4a5468: ;   {internal_word}
  0x000002810f4a5468: ff49 bad2 | 534a 0f81 | 0200 004d | 8997 6803 

  0x000002810f4a5478: ;   {runtime_call SafepointBlob}
  0x000002810f4a5478: 0000 e981 | 2518 0790 | 9049 8b87 | e003 0000 | 49c7 87e0 | 0300 0000 | 0000 0049 | c787 e803 
  0x000002810f4a5498: 0000 0000 | 0000 4883 

  0x000002810f4a54a0: ;   {runtime_call unwind_exception Runtime1 stub}
  0x000002810f4a54a0: c460 5de9 | d83c 1907 | f4f4 f4f4 | f4f4 f4f4 | f4f4 f4f4 | f4f4 f4f4 | f4f4 f4f4 | f4f4 f4f4 
[Stub Code]
  0x000002810f4a54c0: ;   {no_reloc}
  0x000002810f4a54c0: 0f1f 4400 

  0x000002810f4a54c4: ;   {static_stub}
  0x000002810f4a54c4: 0048 bb00 | 0000 0000 

  0x000002810f4a54cc: ;   {runtime_call}
  0x000002810f4a54cc: 0000 00e9 | fbff ffff 

  0x000002810f4a54d4: ;   {static_stub}
  0x000002810f4a54d4: 9048 bb00 | 0000 0000 

  0x000002810f4a54dc: ;   {runtime_call}
  0x000002810f4a54dc: 0000 00e9 | fbff ffff 
[Exception Handler]
  0x000002810f4a54e4: ;   {runtime_call handle_exception_from_callee Runtime1 stub}
  0x000002810f4a54e4: e897 0f19 

  0x000002810f4a54e8: ;   {external_word}
  0x000002810f4a54e8: 0748 b930 | 9af9 a1fb | 7f00 0048 

  0x000002810f4a54f4: ;   {runtime_call}
  0x000002810f4a54f4: 83e4 f049 | ba40 2bc2 | a1fb 7f00 | 0041 ffd2 

  0x000002810f4a5504: ;   {section_word}
  0x000002810f4a5504: f449 ba05 | 554a 0f81 | 0200 0041 

  0x000002810f4a5510: ;   {runtime_call DeoptimizationBlob}
  0x000002810f4a5510: 52e9 8a17 | 1807 f4f4 
[/MachCode]


Compiled method (c1)   73563 2306   !   3       jdk.internal.reflect.NativeConstructorAccessorImpl::newInstance (122 bytes)
 total in heap  [0x000002810f520690,0x000002810f521968] = 4824
 relocation     [0x000002810f5207e8,0x000002810f5208e0] = 248
 main code      [0x000002810f5208e0,0x000002810f521440] = 2912
 stub code      [0x000002810f521440,0x000002810f5214c8] = 136
 metadata       [0x000002810f5214c8,0x000002810f521510] = 72
 scopes data    [0x000002810f521510,0x000002810f521640] = 304
 scopes pcs     [0x000002810f521640,0x000002810f5217e0] = 416
 dependencies   [0x000002810f5217e0,0x000002810f5217e8] = 8
 handler table  [0x000002810f5217e8,0x000002810f521920] = 312
 nul chk table  [0x000002810f521920,0x000002810f521968] = 72

[Constant Pool (empty)]

[MachCode]
[Entry Point]
  # {method} {0x00000281260c5ad0} 'newInstance' '([Ljava/lang/Object;)Ljava/lang/Object;' in 'jdk/internal/reflect/NativeConstructorAccessorImpl'
  # this:     rdx:rdx   = 'jdk/internal/reflect/NativeConstructorAccessorImpl'
  # parm0:    r8:r8     = '[Ljava/lang/Object;'
  #           [sp+0xb0]  (sp of caller)
  0x000002810f5208e0: 448b 5208 | 49bb 0000 | 0026 8102 | 0000 4d03 | d34c 3bd0 

  0x000002810f5208f4: ;   {runtime_call ic_miss_stub}
  0x000002810f5208f4: 0f85 8607 | 1007 660f | 1f44 0000 
[Verified Entry Point]
  0x000002810f520900: 8984 2400 | 90ff ff55 | 4881 eca0 | 0000 0048 | 8954 2468 

  0x000002810f520914: ;   {metadata(method data for {method} {0x00000281260c5ad0} 'newInstance' '([Ljava/lang/Object;)Ljava/lang/Object;' in 'jdk/internal/reflect/NativeConstructorAccessorImpl')}
  0x000002810f520914: 48be b847 | 9667 8102 | 0000 8bbe | cc00 0000 | 83c7 0289 | becc 0000 | 0081 e7fe | 0700 0083 
  0x000002810f520934: ff00 0f84 | 4109 0000 | 8b72 0cff | c689 720c 

  0x000002810f520944: ;   {metadata(method data for {method} {0x00000281260c5ad0} 'newInstance' '([Ljava/lang/Object;)Ljava/lang/Object;' in 'jdk/internal/reflect/NativeConstructorAccessorImpl')}
  0x000002810f520944: 48bf b847 | 9667 8102 | 0000 4883 | 8710 0100 

  0x000002810f520954: ;   {metadata(method data for {method} {0x0000028126117cc0} 'inflationThreshold' '()I' in 'jdk/internal/reflect/ReflectionFactory')}
  0x000002810f520954: 0001 48bf | 4856 7b67 | 8102 0000 | 8b9f cc00 | 0000 83c3 | 0289 9fcc | 0000 0081 | e3fe ff1f 
  0x000002810f520974: 0083 fb00 | 0f84 2009 

  0x000002810f52097c: ;   {oop(a 'java/lang/Class'{0x0000000080052138} = 'jdk/internal/reflect/ReflectionFactory')}
  0x000002810f52097c: 0000 48bf | 3821 0580 | 0000 0000 | 8b7f 783b 

  0x000002810f52098c: ;   {metadata(method data for {method} {0x00000281260c5ad0} 'newInstance' '([Ljava/lang/Object;)Ljava/lang/Object;' in 'jdk/internal/reflect/NativeConstructorAccessorImpl')}
  0x000002810f52098c: f748 beb8 | 4796 6781 | 0200 0048 | bf30 0100 | 0000 0000 | 000f 8f0a | 0000 0048 | bf20 0100 
  0x000002810f5209ac: 0000 0000 | 0048 8b1c | 3e48 8d5b | 0148 891c | 3e0f 8f08 | 0000 0048 | 8bf2 e94b | 0800 004c 
  0x000002810f5209cc: 8944 2470 | 8b72 1448 | 3b06 488b 

  0x000002810f5209d8: ;   {metadata(method data for {method} {0x00000281260c5ad0} 'newInstance' '([Ljava/lang/Object;)Ljava/lang/Object;' in 'jdk/internal/reflect/NativeConstructorAccessorImpl')}
  0x000002810f5209d8: fe48 bbb8 | 4796 6781 | 0200 0048 | 8383 4001 | 0000 018b | 7624 483b | 0648 8bfe 

  0x000002810f5209f4: ;   {metadata(method data for {method} {0x00000281260c5ad0} 'newInstance' '([Ljava/lang/Object;)Ljava/lang/Object;' in 'jdk/internal/reflect/NativeConstructorAccessorImpl')}
  0x000002810f5209f4: 48bb b847 | 9667 8102 | 0000 4883 | 8378 0100 | 0001 488b | d666 0f1f 

  0x000002810f520a0c: ;   {optimized virtual_call}
  0x000002810f520a0c: 4400 00e8 

  0x000002810f520a10: ; ImmutableOopMap {[112]=Oop [104]=Oop }
                      ;*invokevirtual isHidden {reexecute=0 rethrow=0 return_oop=0}
                      ; - jdk.internal.reflect.NativeConstructorAccessorImpl::newInstance@24 (line 59)
  0x000002810f520a10: 2c44 7107 

  0x000002810f520a14: ;   {metadata(method data for {method} {0x00000281260c5ad0} 'newInstance' '([Ljava/lang/Object;)Ljava/lang/Object;' in 'jdk/internal/reflect/NativeConstructorAccessorImpl')}
  0x000002810f520a14: 83f8 0048 | b8b8 4796 | 6781 0200 | 0048 bac0 | 0100 0000 | 0000 000f | 840a 0000 | 0048 bab0 
  0x000002810f520a34: 0100 0000 | 0000 0048 | 8b34 1048 | 8d76 0148 | 8934 100f | 840f 0000 | 004c 8b44 | 2470 488b 
  0x000002810f520a54: 7424 68e9 | ba07 0000 | 488b 5424 | 688b 4210 

  0x000002810f520a64: ;   {metadata(method data for {method} {0x00000281260c5ad0} 'newInstance' '([Ljava/lang/Object;)Ljava/lang/Object;' in 'jdk/internal/reflect/NativeConstructorAccessorImpl')}
  0x000002810f520a64: 83f8 0048 | b8b8 4796 | 6781 0200 | 0048 bee0 | 0100 0000 | 0000 000f | 840a 0000 | 0048 bed0 
  0x000002810f520a84: 0100 0000 | 0000 0048 | 8b3c 3048 | 8d7f 0148 | 893c 300f | 840d 0000 | 004c 8b44 | 2470 488b 
  0x000002810f520aa4: f2e9 6c07 | 0000 488d | 7210 b800 | 0000 00bf | 0100 0000 | f00f b13e | be01 0000 | 000f 8405 
  0x000002810f520ac4: 0000 00be | 0000 0000 

  0x000002810f520acc: ;   {metadata(method data for {method} {0x00000281260c5ad0} 'newInstance' '([Ljava/lang/Object;)Ljava/lang/Object;' in 'jdk/internal/reflect/NativeConstructorAccessorImpl')}
  0x000002810f520acc: 83fe 0048 | beb8 4796 | 6781 0200 | 0048 bf38 | 0200 0000 | 0000 000f | 850a 0000 | 0048 bf28 
  0x000002810f520aec: 0200 0000 | 0000 0048 | 8b04 3e48 | 8d40 0148 | 8904 3e0f | 850d 0000 | 004c 8b44 | 2470 488b 
  0x000002810f520b0c: f2e9 0407 | 0000 488b 

  0x000002810f520b14: ;   {metadata('jdk/internal/reflect/MethodAccessorGenerator')}
  0x000002810f520b14: da48 ba18 | b806 2781 | 0200 0049 | 8b87 0801 | 0000 488d | b890 0000 | 0049 3bbf | 1801 0000 
  0x000002810f520b34: 0f87 8f07 | 0000 4989 | bf08 0100 | 0048 c700 | 0100 0000 | 488b ca49 | ba00 0000 | 2681 0200 
  0x000002810f520b54: 0049 2bca | 8948 0848 | 33c9 8948 | 0c48 33c9 | 48bf 1000 | 0000 0000 | 0000 4889 | 4cf8 0848 
  0x000002810f520b74: ffcf 75f6 

  0x000002810f520b78: ;   {metadata(method data for {method} {0x00000281260c5ad0} 'newInstance' '([Ljava/lang/Object;)Ljava/lang/Object;' in 'jdk/internal/reflect/NativeConstructorAccessorImpl')}
  0x000002810f520b78: 488b d048 | beb8 4796 | 6781 0200 | 0048 8386 | 4802 0000 

  0x000002810f520b8c: ;   {metadata(method data for {method} {0x000002816721e298} '<init>' '()V' in 'jdk/internal/reflect/MethodAccessorGenerator')}
  0x000002810f520b8c: 0148 ba18 | 4c96 6781 | 0200 008b | b2cc 0000 | 0083 c602 | 89b2 cc00 | 0000 81e6 | feff 1f00 
  0x000002810f520bac: 83fe 000f | 8421 0700 | 0048 8bd0 

  0x000002810f520bb8: ;   {metadata(method data for {method} {0x000002816721e298} '<init>' '()V' in 'jdk/internal/reflect/MethodAccessorGenerator')}
  0x000002810f520bb8: 48be 184c | 9667 8102 | 0000 4883 | 8610 0100 

  0x000002810f520bc8: ;   {metadata(method data for {method} {0x0000028167221700} '<init>' '()V' in 'jdk/internal/reflect/AccessorGenerator')}
  0x000002810f520bc8: 0001 48ba | 584d 9667 | 8102 0000 | 8bb2 cc00 | 0000 83c6 | 0289 b2cc | 0000 0081 | e6fe ff1f 
  0x000002810f520be8: 0083 fe00 | 0f84 0507 | 0000 488b 

  0x000002810f520bf4: ;   {metadata(method data for {method} {0x0000028167221700} '<init>' '()V' in 'jdk/internal/reflect/AccessorGenerator')}
  0x000002810f520bf4: d048 be58 | 4d96 6781 | 0200 0048 | 8386 1001 

  0x000002810f520c04: ;   {metadata(method data for {method} {0x00000281264409a8} '<init>' '()V' in 'java/lang/Object')}
  0x000002810f520c04: 0000 0148 | bac8 7d00 | 6781 0200 | 008b b2cc | 0000 0083 | c602 89b2 | cc00 0000 | 81e6 feff 
  0x000002810f520c24: 1f00 83fe | 000f 84e9 | 0600 00ba | 1e00 0000 | 6689 506a | ba49 0000 | 0066 8950 | 6c8b 5314 
  0x000002810f520c44: ; implicit exception: dispatches to 0x000002810f521339
  0x000002810f520c44: 483b 0248 

  0x000002810f520c48: ;   {metadata(method data for {method} {0x00000281260c5ad0} 'newInstance' '([Ljava/lang/Object;)Ljava/lang/Object;' in 'jdk/internal/reflect/NativeConstructorAccessorImpl')}
  0x000002810f520c48: 8bf2 48bf | b847 9667 | 8102 0000 | 4883 8758 | 0200 0001 | 8b72 2448 

  0x000002810f520c60: ;   {metadata(method data for {method} {0x00000281260c5ad0} 'newInstance' '([Ljava/lang/Object;)Ljava/lang/Object;' in 'jdk/internal/reflect/NativeConstructorAccessorImpl')}
  0x000002810f520c60: 8bfa 48b9 | b847 9667 | 8102 0000 | 4883 8190 | 0200 0001 

  0x000002810f520c74: ;   {metadata(method data for {method} {0x0000028126055178} 'getParameterTypes' '()[Ljava/lang/Class;' in 'java/lang/reflect/Constructor')}
  0x000002810f520c74: 48bf a84e | 9667 8102 | 0000 8b8f | cc00 0000 | 83c1 0289 | 8fcc 0000 | 0081 e1fe | ff1f 0083 
  0x000002810f520c94: f900 0f84 | a206 0000 | 8b52 2848 | 3b02 488b 

  0x000002810f520ca4: ;   {metadata(method data for {method} {0x0000028126055178} 'getParameterTypes' '()[Ljava/lang/Class;' in 'java/lang/reflect/Constructor')}
  0x000002810f520ca4: fa48 b9a8 | 4e96 6781 | 0200 008b | 7f08 49ba | 0000 0026 | 8102 0000 | 4903 fa48 | 3bb9 2001 
  0x000002810f520cc4: 0000 750d | 4883 8128 | 0100 0001 | e966 0000 | 0048 3bb9 | 3001 0000 | 750d 4883 | 8138 0100 
  0x000002810f520ce4: 0001 e950 | 0000 0048 | 81b9 2001 | 0000 0000 | 0000 7517 | 4889 b920 | 0100 0048 | c781 2801 
  0x000002810f520d04: 0000 0100 | 0000 e92c | 0000 0048 | 81b9 3001 | 0000 0000 | 0000 7517 | 4889 b930 | 0100 0048 
  0x000002810f520d24: c781 3801 | 0000 0100 | 0000 e908 | 0000 0048 | 8381 1001 | 0000 0148 | 89b4 2480 | 0000 0048 
  0x000002810f520d44: 8944 2478 | 0f1f 4400 | 0048 b878 | 1c00 2681 

  0x000002810f520d54: ;   {virtual_call}
  0x000002810f520d54: 0200 00e8 

  0x000002810f520d58: ; ImmutableOopMap {[112]=Oop [120]=Oop [104]=Oop [128]=Oop }
                      ;*invokevirtual clone {reexecute=0 rethrow=0 return_oop=0}
                      ; - java.lang.reflect.Constructor::getParameterTypes@4 (line 263)
                      ; - jdk.internal.reflect.NativeConstructorAccessorImpl::newInstance@70 (line 66)
  0x000002810f520d58: c43f 6607 | 4883 f800 

  0x000002810f520d60: ;   {metadata(method data for {method} {0x0000028126055178} 'getParameterTypes' '()[Ljava/lang/Class;' in 'java/lang/reflect/Constructor')}
  0x000002810f520d60: 7516 48bf | a84e 9667 | 8102 0000 | 808f 4101 | 0000 01e9 | d300 0000 

  0x000002810f520d78: ;   {metadata('java/lang/Class'[])}
  0x000002810f520d78: 48bb 781c | 0026 8102 | 0000 8b78 | 0849 ba00 | 0000 2681 | 0200 0049 | 03fa 483b | 5f40 0f85 
  0x000002810f520d98: 9300 0000 

  0x000002810f520d9c: ;   {metadata(method data for {method} {0x0000028126055178} 'getParameterTypes' '()[Ljava/lang/Class;' in 'java/lang/reflect/Constructor')}
  0x000002810f520d9c: 48bf a84e | 9667 8102 | 0000 8b58 | 0849 ba00 | 0000 2681 | 0200 0049 | 03da 483b | 9f58 0100 
  0x000002810f520dbc: 0075 0d48 | 8387 6001 | 0000 01e9 | 7f00 0000 | 483b 9f68 | 0100 0075 | 0d48 8387 | 7001 0000 
  0x000002810f520ddc: 01e9 6900 | 0000 4881 | bf58 0100 | 0000 0000 | 0075 1748 | 899f 5801 | 0000 48c7 | 8760 0100 
  0x000002810f520dfc: 0001 0000 | 00e9 4500 | 0000 4881 | bf68 0100 | 0000 0000 | 0075 1748 | 899f 6801 | 0000 48c7 
  0x000002810f520e1c: 8770 0100 | 0001 0000 | 00e9 2100 | 0000 e91c 

  0x000002810f520e2c: ;   {metadata(method data for {method} {0x0000028126055178} 'getParameterTypes' '()[Ljava/lang/Class;' in 'java/lang/reflect/Constructor')}
  0x000002810f520e2c: 0000 0048 | bfa8 4e96 | 6781 0200 | 0048 83af | 4801 0000 | 01e9 1e05 | 0000 e900 | 0000 0048 
  0x000002810f520e4c: 8bf0 488b | 5424 688b | 7a14 483b | 0748 8bdf 

  0x000002810f520e5c: ;   {metadata(method data for {method} {0x00000281260c5ad0} 'newInstance' '([Ljava/lang/Object;)Ljava/lang/Object;' in 'jdk/internal/reflect/NativeConstructorAccessorImpl')}
  0x000002810f520e5c: 48b8 b847 | 9667 8102 | 0000 4883 | 80c8 0200 

  0x000002810f520e6c: ;   {metadata(method data for {method} {0x00000281260555f0} 'getExceptionTypes' '()[Ljava/lang/Class;' in 'java/lang/reflect/Constructor')}
  0x000002810f520e6c: 0001 48bb | 6850 9667 | 8102 0000 | 8b83 cc00 | 0000 83c0 | 0289 83cc | 0000 0081 | e0fe ff1f 
  0x000002810f520e8c: 0083 f800 | 0f84 dc04 | 0000 8b7f | 2c48 3b07 

  0x000002810f520e9c: ;   {metadata(method data for {method} {0x00000281260555f0} 'getExceptionTypes' '()[Ljava/lang/Class;' in 'java/lang/reflect/Constructor')}
  0x000002810f520e9c: 488b df48 | b868 5096 | 6781 0200 | 008b 5b08 | 49ba 0000 | 0026 8102 | 0000 4903 | da48 3b98 
  0x000002810f520ebc: 2001 0000 | 750d 4883 | 8028 0100 | 0001 e966 | 0000 0048 | 3b98 3001 | 0000 750d | 4883 8038 
  0x000002810f520edc: 0100 0001 | e950 0000 | 0048 81b8 | 2001 0000 | 0000 0000 | 7517 4889 | 9820 0100 | 0048 c780 
  0x000002810f520efc: 2801 0000 | 0100 0000 | e92c 0000 | 0048 81b8 | 3001 0000 | 0000 0000 | 7517 4889 | 9830 0100 
  0x000002810f520f1c: 0048 c780 | 3801 0000 | 0100 0000 | e908 0000 | 0048 8380 | 1001 0000 | 0148 8bd7 | 4889 b424 
  0x000002810f520f3c: 8800 0000 | 0f1f 4400 | 0048 b878 | 1c00 2681 

  0x000002810f520f4c: ;   {virtual_call}
  0x000002810f520f4c: 0200 00e8 

  0x000002810f520f50: ; ImmutableOopMap {[112]=Oop [120]=Oop [128]=Oop [104]=Oop [136]=Oop }
                      ;*invokevirtual clone {reexecute=0 rethrow=0 return_oop=0}
                      ; - java.lang.reflect.Constructor::getExceptionTypes@4 (line 289)
                      ; - jdk.internal.reflect.NativeConstructorAccessorImpl::newInstance@77 (line 67)
  0x000002810f520f50: cc3d 6607 | 4883 f800 

  0x000002810f520f58: ;   {metadata(method data for {method} {0x00000281260555f0} 'getExceptionTypes' '()[Ljava/lang/Class;' in 'java/lang/reflect/Constructor')}
  0x000002810f520f58: 7517 49b9 | 6850 9667 | 8102 0000 | 4180 8941 | 0100 0001 | e9d4 0000 

  0x000002810f520f70: ;   {metadata('java/lang/Class'[])}
  0x000002810f520f70: 0048 be78 | 1c00 2681 | 0200 0044 | 8b48 0849 | ba00 0000 | 2681 0200 | 004d 03ca | 493b 7140 
  0x000002810f520f90: 0f85 9300 

  0x000002810f520f94: ;   {metadata(method data for {method} {0x00000281260555f0} 'getExceptionTypes' '()[Ljava/lang/Class;' in 'java/lang/reflect/Constructor')}
  0x000002810f520f94: 0000 49b9 | 6850 9667 | 8102 0000 | 8b70 0849 | ba00 0000 | 2681 0200 | 0049 03f2 | 493b b158 
  0x000002810f520fb4: 0100 0075 | 0d49 8381 | 6001 0000 | 01e9 7f00 | 0000 493b | b168 0100 | 0075 0d49 | 8381 7001 
  0x000002810f520fd4: 0000 01e9 | 6900 0000 | 4981 b958 | 0100 0000 | 0000 0075 | 1749 89b1 | 5801 0000 | 49c7 8160 
  0x000002810f520ff4: 0100 0001 | 0000 00e9 | 4500 0000 | 4981 b968 | 0100 0000 | 0000 0075 | 1749 89b1 | 6801 0000 
  0x000002810f521014: 49c7 8170 | 0100 0001 | 0000 00e9 | 2100 0000 | e91c 0000 

  0x000002810f521028: ;   {metadata(method data for {method} {0x00000281260555f0} 'getExceptionTypes' '()[Ljava/lang/Class;' in 'java/lang/reflect/Constructor')}
  0x000002810f521028: 0049 b968 | 5096 6781 | 0200 0049 | 83a9 4801 | 0000 01e9 | 5803 0000 | e900 0000 | 0048 8bf8 
  0x000002810f521048: 488b 5424 | 6844 8b42 | 1449 3b00 

  0x000002810f521054: ;   {metadata(method data for {method} {0x00000281260c5ad0} 'newInstance' '([Ljava/lang/Object;)Ljava/lang/Object;' in 'jdk/internal/reflect/NativeConstructorAccessorImpl')}
  0x000002810f521054: 4d8b c848 | beb8 4796 | 6781 0200 | 0048 8386 | 0003 0000 | 0141 8b70 | 2048 8b44 

  0x000002810f521070: ;   {metadata(method data for {method} {0x00000281260c5ad0} 'newInstance' '([Ljava/lang/Object;)Ljava/lang/Object;' in 'jdk/internal/reflect/NativeConstructorAccessorImpl')}
  0x000002810f521070: 2478 49b8 | b847 9667 | 8102 0000 

  0x000002810f52107c: ;   {metadata('jdk/internal/reflect/MethodAccessorGenerator')}
  0x000002810f52107c: 49ba 18b8 | 0627 8102 | 0000 4d89 | 9048 0300 | 0049 8380 | 5003 0000 | 014c 8b84 | 2480 0000 
  0x000002810f52109c: 004c 8b8c | 2488 0000 | 0048 8b54 | 2478 0f1f 

  0x000002810f5210ac: ;   {optimized virtual_call}
  0x000002810f5210ac: 4400 00e8 

  0x000002810f5210b0: ; ImmutableOopMap {[112]=Oop [104]=Oop }
                      ;*invokevirtual generateConstructor {reexecute=0 rethrow=0 return_oop=0}
                      ; - jdk.internal.reflect.NativeConstructorAccessorImpl::newInstance@87 (line 65)
  0x000002810f5210b0: c103 0000 | 4883 f800 

  0x000002810f5210b8: ;   {metadata(method data for {method} {0x00000281260c5ad0} 'newInstance' '([Ljava/lang/Object;)Ljava/lang/Object;' in 'jdk/internal/reflect/NativeConstructorAccessorImpl')}
  0x000002810f5210b8: 7516 48be | b847 9667 | 8102 0000 | 808e 6903 | 0000 01e9 | d300 0000 

  0x000002810f5210d0: ;   {metadata('jdk/internal/reflect/ConstructorAccessorImpl')}
  0x000002810f5210d0: 48bf e8a8 | 0026 8102 | 0000 8b70 | 0849 ba00 | 0000 2681 | 0200 0049 | 03f2 483b | 7e40 0f85 
  0x000002810f5210f0: 9300 0000 

  0x000002810f5210f4: ;   {metadata(method data for {method} {0x00000281260c5ad0} 'newInstance' '([Ljava/lang/Object;)Ljava/lang/Object;' in 'jdk/internal/reflect/NativeConstructorAccessorImpl')}
  0x000002810f5210f4: 48be b847 | 9667 8102 | 0000 8b78 | 0849 ba00 | 0000 2681 | 0200 0049 | 03fa 483b | be80 0300 
  0x000002810f521114: 0075 0d48 | 8386 8803 | 0000 01e9 | 7f00 0000 | 483b be90 | 0300 0075 | 0d48 8386 | 9803 0000 
  0x000002810f521134: 01e9 6900 | 0000 4881 | be80 0300 | 0000 0000 | 0075 1748 | 89be 8003 | 0000 48c7 | 8688 0300 
  0x000002810f521154: 0001 0000 | 00e9 4500 | 0000 4881 | be90 0300 | 0000 0000 | 0075 1748 | 89be 9003 | 0000 48c7 
  0x000002810f521174: 8698 0300 | 0001 0000 | 00e9 2100 | 0000 e91c 

  0x000002810f521184: ;   {metadata(method data for {method} {0x00000281260c5ad0} 'newInstance' '([Ljava/lang/Object;)Ljava/lang/Object;' in 'jdk/internal/reflect/NativeConstructorAccessorImpl')}
  0x000002810f521184: 0000 0048 | beb8 4796 | 6781 0200 | 0048 83ae | 7003 0000 | 01e9 0802 | 0000 e900 | 0000 0048 
  0x000002810f5211a4: 8bd0 488b | 7424 6844 | 8b46 1849 | 3b00 498b 

  0x000002810f5211b4: ;   {metadata(method data for {method} {0x00000281260c5ad0} 'newInstance' '([Ljava/lang/Object;)Ljava/lang/Object;' in 'jdk/internal/reflect/NativeConstructorAccessorImpl')}
  0x000002810f5211b4: f848 bbb8 | 4796 6781 

  0x000002810f5211bc: ;   {metadata('jdk/internal/reflect/DelegatingConstructorAccessorImpl')}
  0x000002810f5211bc: 0200 0049 | ba18 ad00 | 2681 0200 | 004c 8993 | b803 0000 | 4883 83c0 | 0300 0001 | 410f be7f 
  0x000002810f5211dc: 3883 ff00 | 0f85 ce01 | 0000 4c8b | d245 8950 | 0c49 8bf8 | 4833 fa48 | c1ef 1448 | 83ff 000f 
  0x000002810f5211fc: 85cf 0100 

  0x000002810f521200: ;   {metadata(method data for {method} {0x00000281260c5ad0} 'newInstance' '([Ljava/lang/Object;)Ljava/lang/Object;' in 'jdk/internal/reflect/NativeConstructorAccessorImpl')}
  0x000002810f521200: 0048 bab8 | 4796 6781 | 0200 00ff | 82e0 0300 | 004c 8b44 | 2470 8b56 

  0x000002810f521218: ;   {metadata(method data for {method} {0x00000281260c5ad0} 'newInstance' '([Ljava/lang/Object;)Ljava/lang/Object;' in 'jdk/internal/reflect/NativeConstructorAccessorImpl')}
  0x000002810f521218: 1448 beb8 | 4796 6781 | 0200 0048 | 8386 f803 | 0000 010f 

  0x000002810f52122c: ;   {static_call}
  0x000002810f52122c: 1f40 00e8 

  0x000002810f521230: ; ImmutableOopMap {}
                      ;*invokestatic newInstance0 {reexecute=0 rethrow=0 return_oop=0}
                      ; - jdk.internal.reflect.NativeConstructorAccessorImpl::newInstance@118 (line 77)
  0x000002810f521230: 5102 0000 | 4881 c4a0 | 0000 005d 

  0x000002810f52123c: ;   {poll_return}
  0x000002810f52123c: 493b a750 | 0300 000f | 879f 0100 | 00c3 488b | 7424 6849 | 8b87 e003 | 0000 4d33 | d24d 8997 
  0x000002810f52125c: e003 0000 | 4d33 d24d | 8997 e803 | 0000 bf00 | 0000 0089 | 7e10 f083 | 4424 c000 | e9a0 0100 
  0x000002810f52127c: ;   {metadata({method} {0x00000281260c5ad0} 'newInstance' '([Ljava/lang/Object;)Ljava/lang/Object;' in 'jdk/internal/reflect/NativeConstructorAccessorImpl')}
  0x000002810f52127c: 0049 bac8 | 5a0c 2681 | 0200 004c | 8954 2408 | 48c7 0424 | ffff ffff 

  0x000002810f521294: ;   {runtime_call counter_overflow Runtime1 stub}
  0x000002810f521294: e867 a01a 

  0x000002810f521298: ; ImmutableOopMap {rdx=Oop [104]=Oop r8=Oop }
                      ;*synchronization entry
                      ; - jdk.internal.reflect.NativeConstructorAccessorImpl::newInstance@-1 (line 58)
  0x000002810f521298: 07e9 9ef6 

  0x000002810f52129c: ;   {metadata({method} {0x0000028126117cc0} 'inflationThreshold' '()I' in 'jdk/internal/reflect/ReflectionFactory')}
  0x000002810f52129c: ffff 49ba | b87c 1126 | 8102 0000 | 4c89 5424 | 0848 c704 | 24ff ffff 

  0x000002810f5212b4: ;   {runtime_call counter_overflow Runtime1 stub}
  0x000002810f5212b4: ffe8 46a0 

  0x000002810f5212b8: ; ImmutableOopMap {rdx=Oop [104]=Oop r8=Oop }
                      ;*synchronization entry
                      ; - jdk.internal.reflect.ReflectionFactory::inflationThreshold@-1 (line 632)
                      ; - jdk.internal.reflect.NativeConstructorAccessorImpl::newInstance@11 (line 58)
  0x000002810f5212b8: 1a07 e9bf 

  0x000002810f5212bc: ;   {runtime_call throw_null_pointer_exception Runtime1 stub}
  0x000002810f5212bc: f6ff ffe8 

  0x000002810f5212c0: ; ImmutableOopMap {rdx=Oop [104]=Oop [112]=Oop rsi=Oop }
                      ;*invokevirtual getDeclaringClass {reexecute=0 rethrow=0 return_oop=0}
                      ; - jdk.internal.reflect.NativeConstructorAccessorImpl::newInstance@21 (line 59)
  0x000002810f5212c0: dc6f 1107 

  0x000002810f5212c4: ;   {runtime_call throw_null_pointer_exception Runtime1 stub}
  0x000002810f5212c4: e8d7 6f11 

  0x000002810f5212c8: ; ImmutableOopMap {rdx=Oop [104]=Oop [112]=Oop rsi=Oop }
                      ;*invokevirtual isHidden {reexecute=0 rethrow=0 return_oop=0}
                      ; - jdk.internal.reflect.NativeConstructorAccessorImpl::newInstance@24 (line 59)
  0x000002810f5212c8: 0748 8bd2 

  0x000002810f5212cc: ;   {runtime_call fast_new_instance Runtime1 stub}
  0x000002810f5212cc: e8af 6611 

  0x000002810f5212d0: ; ImmutableOopMap {[112]=Oop rbx=Oop [104]=Oop }
                      ;*new {reexecute=0 rethrow=0 return_oop=0}
                      ; - jdk.internal.reflect.NativeConstructorAccessorImpl::newInstance@52 (line 63)
  0x000002810f5212d0: 07e9 a2f8 

  0x000002810f5212d4: ;   {metadata({method} {0x000002816721e298} '<init>' '()V' in 'jdk/internal/reflect/MethodAccessorGenerator')}
  0x000002810f5212d4: ffff 49ba | 90e2 2167 | 8102 0000 | 4c89 5424 | 0848 c704 | 24ff ffff 

  0x000002810f5212ec: ;   {runtime_call counter_overflow Runtime1 stub}
  0x000002810f5212ec: ffe8 0ea0 

  0x000002810f5212f0: ; ImmutableOopMap {[112]=Oop rbx=Oop [104]=Oop rax=Oop }
                      ;*synchronization entry
                      ; - jdk.internal.reflect.MethodAccessorGenerator::<init>@-1 (line 64)
                      ; - jdk.internal.reflect.NativeConstructorAccessorImpl::newInstance@56 (line 63)
  0x000002810f5212f0: 1a07 e9be 

  0x000002810f5212f4: ;   {metadata({method} {0x0000028167221700} '<init>' '()V' in 'jdk/internal/reflect/AccessorGenerator')}
  0x000002810f5212f4: f8ff ff49 | baf8 1622 | 6781 0200 | 004c 8954 | 2408 48c7 | 0424 ffff 

  0x000002810f52130c: ;   {runtime_call counter_overflow Runtime1 stub}
  0x000002810f52130c: ffff e8ed 

  0x000002810f521310: ; ImmutableOopMap {[112]=Oop rbx=Oop [104]=Oop rax=Oop }
                      ;*synchronization entry
                      ; - jdk.internal.reflect.AccessorGenerator::<init>@-1 (line 33)
                      ; - jdk.internal.reflect.MethodAccessorGenerator::<init>@1 (line 64)
                      ; - jdk.internal.reflect.NativeConstructorAccessorImpl::newInstance@56 (line 63)
  0x000002810f521310: 9f1a 07e9 | daf8 ffff 

  0x000002810f521318: ;   {metadata({method} {0x00000281264409a8} '<init>' '()V' in 'java/lang/Object')}
  0x000002810f521318: 49ba a009 | 4426 8102 | 0000 4c89 | 5424 0848 | c704 24ff 

  0x000002810f52132c: ;   {runtime_call counter_overflow Runtime1 stub}
  0x000002810f52132c: ffff ffe8 

  0x000002810f521330: ; ImmutableOopMap {[112]=Oop rbx=Oop [104]=Oop rax=Oop }
                      ;*synchronization entry
                      ; - java.lang.Object::<init>@-1 (line 44)
                      ; - jdk.internal.reflect.AccessorGenerator::<init>@1 (line 33)
                      ; - jdk.internal.reflect.MethodAccessorGenerator::<init>@1 (line 64)
                      ; - jdk.internal.reflect.NativeConstructorAccessorImpl::newInstance@56 (line 63)
  0x000002810f521330: cc9f 1a07 | e9f6 f8ff 

  0x000002810f521338: ;   {runtime_call throw_null_pointer_exception Runtime1 stub}
  0x000002810f521338: ffe8 626f 

  0x000002810f52133c: ; ImmutableOopMap {[112]=Oop rbx=Oop [104]=Oop rax=Oop rdx=Oop }
                      ;*invokevirtual getDeclaringClass {reexecute=0 rethrow=0 return_oop=0}
                      ; - jdk.internal.reflect.NativeConstructorAccessorImpl::newInstance@63 (line 65)
                      ;   {metadata({method} {0x0000028126055178} 'getParameterTypes' '()[Ljava/lang/Class;' in 'java/lang/reflect/Constructor')}
  0x000002810f52133c: 1107 49ba | 7051 0526 | 8102 0000 | 4c89 5424 | 0848 c704 | 24ff ffff 

  0x000002810f521354: ;   {runtime_call counter_overflow Runtime1 stub}
  0x000002810f521354: ffe8 a69f 

  0x000002810f521358: ; ImmutableOopMap {[112]=Oop rbx=Oop [104]=Oop rax=Oop rdx=Oop rsi=Oop }
                      ;*synchronization entry
                      ; - java.lang.reflect.Constructor::getParameterTypes@-1 (line 263)
                      ; - jdk.internal.reflect.NativeConstructorAccessorImpl::newInstance@70 (line 66)
  0x000002810f521358: 1a07 e93d 

  0x000002810f52135c: ;   {runtime_call throw_null_pointer_exception Runtime1 stub}
  0x000002810f52135c: f9ff ffe8 

  0x000002810f521360: ; ImmutableOopMap {[112]=Oop rbx=Oop [104]=Oop rax=Oop rsi=Oop rdx=Oop }
                      ;*invokevirtual clone {reexecute=0 rethrow=0 return_oop=0}
                      ; - java.lang.reflect.Constructor::getParameterTypes@4 (line 263)
                      ; - jdk.internal.reflect.NativeConstructorAccessorImpl::newInstance@70 (line 66)
  0x000002810f521360: 3c6f 1107 | 4889 0424 

  0x000002810f521368: ;   {runtime_call throw_class_cast_exception Runtime1 stub}
  0x000002810f521368: e8b3 721a 

  0x000002810f52136c: ; ImmutableOopMap {[112]=Oop [120]=Oop [104]=Oop [128]=Oop }
                      ;*checkcast {reexecute=0 rethrow=0 return_oop=0}
                      ; - java.lang.reflect.Constructor::getParameterTypes@7 (line 263)
                      ; - jdk.internal.reflect.NativeConstructorAccessorImpl::newInstance@70 (line 66)
                      ;   {runtime_call throw_null_pointer_exception Runtime1 stub}
  0x000002810f52136c: 07e8 2e6f 

  0x000002810f521370: ; ImmutableOopMap {[112]=Oop [120]=Oop [128]=Oop rsi=Oop rdx=Oop [104]=Oop rdi=Oop }
                      ;*invokevirtual getExceptionTypes {reexecute=0 rethrow=0 return_oop=0}
                      ; - jdk.internal.reflect.NativeConstructorAccessorImpl::newInstance@77 (line 67)
                      ;   {metadata({method} {0x00000281260555f0} 'getExceptionTypes' '()[Ljava/lang/Class;' in 'java/lang/reflect/Constructor')}
  0x000002810f521370: 1107 49ba | e855 0526 | 8102 0000 | 4c89 5424 | 0848 c704 | 24ff ffff 

  0x000002810f521388: ;   {runtime_call counter_overflow Runtime1 stub}
  0x000002810f521388: ffe8 729f 

  0x000002810f52138c: ; ImmutableOopMap {[112]=Oop [120]=Oop [128]=Oop rsi=Oop rdx=Oop [104]=Oop rdi=Oop }
                      ;*synchronization entry
                      ; - java.lang.reflect.Constructor::getExceptionTypes@-1 (line 289)
                      ; - jdk.internal.reflect.NativeConstructorAccessorImpl::newInstance@77 (line 67)
  0x000002810f52138c: 1a07 e903 

  0x000002810f521390: ;   {runtime_call throw_null_pointer_exception Runtime1 stub}
  0x000002810f521390: fbff ffe8 

  0x000002810f521394: ; ImmutableOopMap {[112]=Oop [120]=Oop [128]=Oop rsi=Oop rdx=Oop [104]=Oop rdi=Oop }
                      ;*invokevirtual clone {reexecute=0 rethrow=0 return_oop=0}
                      ; - java.lang.reflect.Constructor::getExceptionTypes@4 (line 289)
                      ; - jdk.internal.reflect.NativeConstructorAccessorImpl::newInstance@77 (line 67)
  0x000002810f521394: 086f 1107 | 4889 0424 

  0x000002810f52139c: ;   {runtime_call throw_class_cast_exception Runtime1 stub}
  0x000002810f52139c: e87f 721a 

  0x000002810f5213a0: ; ImmutableOopMap {[112]=Oop [120]=Oop [128]=Oop [104]=Oop [136]=Oop }
                      ;*checkcast {reexecute=0 rethrow=0 return_oop=0}
                      ; - java.lang.reflect.Constructor::getExceptionTypes@7 (line 289)
                      ; - jdk.internal.reflect.NativeConstructorAccessorImpl::newInstance@77 (line 67)
                      ;   {runtime_call throw_null_pointer_exception Runtime1 stub}
  0x000002810f5213a0: 07e8 fa6e 

  0x000002810f5213a4: ; ImmutableOopMap {[112]=Oop [120]=Oop [128]=Oop [136]=Oop rdi=Oop rdx=Oop [104]=Oop r8=Oop }
                      ;*invokevirtual getModifiers {reexecute=0 rethrow=0 return_oop=0}
                      ; - jdk.internal.reflect.NativeConstructorAccessorImpl::newInstance@84 (line 68)
  0x000002810f5213a4: 1107 4889 

  0x000002810f5213a8: ;   {runtime_call throw_class_cast_exception Runtime1 stub}
  0x000002810f5213a8: 0424 e871 

  0x000002810f5213ac: ; ImmutableOopMap {[112]=Oop [104]=Oop }
                      ;*checkcast {reexecute=0 rethrow=0 return_oop=0}
                      ; - jdk.internal.reflect.NativeConstructorAccessorImpl::newInstance@90 (line 65)
                      ;   {runtime_call throw_null_pointer_exception Runtime1 stub}
  0x000002810f5213ac: 721a 07e8 

  0x000002810f5213b0: ; ImmutableOopMap {[112]=Oop rdx=Oop rsi=Oop [104]=Oop r8=Oop }
                      ;*invokevirtual setDelegate {reexecute=0 rethrow=0 return_oop=0}
                      ; - jdk.internal.reflect.NativeConstructorAccessorImpl::newInstance@99 (line 69)
  0x000002810f5213b0: ec6e 1107 | 418b 780c | 4883 ff00 | 0f84 24fe | ffff 4889 

  0x000002810f5213c4: ;   {runtime_call g1_pre_barrier_slow}
  0x000002810f5213c4: 3c24 e835 | a51a 07e9 | 16fe ffff | 4883 fa00 | 0f84 27fe | ffff 4c89 

  0x000002810f5213dc: ;   {runtime_call g1_post_barrier_slow}
  0x000002810f5213dc: 0424 e81d | a81a 07e9 | 19fe ffff 

  0x000002810f5213e8: ;   {internal_word}
  0x000002810f5213e8: 49ba 3c12 | 520f 8102 | 0000 4d89 | 9768 0300 

  0x000002810f5213f8: ;   {runtime_call SafepointBlob}
  0x000002810f5213f8: 00e9 0266 | 1007 9090 | 498b 87e0 | 0300 0049 | c787 e003 | 0000 0000 | 0000 49c7 | 87e8 0300 
  0x000002810f521418: 0000 0000 | 0048 81c4 | a000 0000 

  0x000002810f521424: ;   {runtime_call unwind_exception Runtime1 stub}
  0x000002810f521424: 5de9 567d | 1107 f4f4 | f4f4 f4f4 | f4f4 f4f4 | f4f4 f4f4 | f4f4 f4f4 | f4f4 f4f4 
[Stub Code]
  0x000002810f521440: ;   {no_reloc}
  0x000002810f521440: 0f1f 4400 

  0x000002810f521444: ;   {static_stub}
  0x000002810f521444: 0048 bb00 | 0000 0000 

  0x000002810f52144c: ;   {runtime_call}
  0x000002810f52144c: 0000 00e9 | fbff ffff 

  0x000002810f521454: ;   {static_stub}
  0x000002810f521454: 9048 bb00 | 0000 0000 

  0x000002810f52145c: ;   {runtime_call}
  0x000002810f52145c: 0000 00e9 | fbff ffff 

  0x000002810f521464: ;   {static_stub}
  0x000002810f521464: 9048 bb00 | 0000 0000 

  0x000002810f52146c: ;   {runtime_call}
  0x000002810f52146c: 0000 00e9 | fbff ffff 

  0x000002810f521474: ;   {static_stub}
  0x000002810f521474: 9048 bb70 | e421 6781 

  0x000002810f52147c: ;   {runtime_call I2C/C2I adapters}
  0x000002810f52147c: 0200 00e9 | 6440 0e07 

  0x000002810f521484: ;   {static_stub}
  0x000002810f521484: 9048 bbb8 | 5f0c 2681 

  0x000002810f52148c: ;   {runtime_call I2C/C2I adapters}
  0x000002810f52148c: 0200 00e9 | c951 1007 
[Exception Handler]
  0x000002810f521494: ;   {runtime_call handle_exception_from_callee Runtime1 stub}
  0x000002810f521494: e8e7 4f11 

  0x000002810f521498: ;   {external_word}
  0x000002810f521498: 0748 b930 | 9af9 a1fb | 7f00 0048 

  0x000002810f5214a4: ;   {runtime_call}
  0x000002810f5214a4: 83e4 f049 | ba40 2bc2 | a1fb 7f00 | 0041 ffd2 

  0x000002810f5214b4: ;   {section_word}
  0x000002810f5214b4: f449 bab5 | 1452 0f81 | 0200 0041 

  0x000002810f5214c0: ;   {runtime_call DeoptimizationBlob}
  0x000002810f5214c0: 52e9 da57 | 1007 f4f4 
[/MachCode]


---------------  P R O C E S S  ---------------

Threads class SMR info:
_java_thread_list=0x000002816c47be00, length=26, elements={
0x000002810757a460, 0x00000281251ce2a0, 0x00000281251d3c10, 0x00000281251ec780,
0x00000281251ef160, 0x00000281251efa30, 0x00000281251f2310, 0x00000281251f2fc0,
0x0000028125265d10, 0x0000028125267540, 0x00000281251ba160, 0x00000281253730f0,
0x000002816b8b7380, 0x000002816b029a50, 0x0000028125dfe7c0, 0x000002816b9b0380,
0x0000028125578cc0, 0x000002816b9eef20, 0x000002816b9f0360, 0x000002816b9f1290,
0x000002816b9f0870, 0x000002816b9f21c0, 0x000002816b9ef940, 0x000002816b9efe50,
0x000002816b9f17a0, 0x000002816b9ef430
}

Java Threads: ( => current thread )
  0x000002810757a460 JavaThread "main" [_thread_blocked, id=25504, stack(0x000000e58d700000,0x000000e58d800000)]
  0x00000281251ce2a0 JavaThread "Reference Handler" daemon [_thread_blocked, id=4132, stack(0x000000e58df00000,0x000000e58e000000)]
  0x00000281251d3c10 JavaThread "Finalizer" daemon [_thread_blocked, id=22440, stack(0x000000e58e000000,0x000000e58e100000)]
  0x00000281251ec780 JavaThread "Signal Dispatcher" daemon [_thread_blocked, id=19236, stack(0x000000e58e100000,0x000000e58e200000)]
  0x00000281251ef160 JavaThread "Attach Listener" daemon [_thread_blocked, id=24252, stack(0x000000e58e200000,0x000000e58e300000)]
  0x00000281251efa30 JavaThread "Service Thread" daemon [_thread_blocked, id=23080, stack(0x000000e58e300000,0x000000e58e400000)]
  0x00000281251f2310 JavaThread "Monitor Deflation Thread" daemon [_thread_blocked, id=20208, stack(0x000000e58e400000,0x000000e58e500000)]
  0x00000281251f2fc0 JavaThread "C2 CompilerThread0" daemon [_thread_in_native, id=25176, stack(0x000000e58e500000,0x000000e58e600000)]
  0x0000028125265d10 JavaThread "C1 CompilerThread0" daemon [_thread_blocked, id=24996, stack(0x000000e58e600000,0x000000e58e700000)]
  0x0000028125267540 JavaThread "Sweeper thread" daemon [_thread_blocked, id=21980, stack(0x000000e58e700000,0x000000e58e800000)]
  0x00000281251ba160 JavaThread "Common-Cleaner" daemon [_thread_blocked, id=19904, stack(0x000000e58e800000,0x000000e58e900000)]
  0x00000281253730f0 JavaThread "Notification Thread" daemon [_thread_blocked, id=9376, stack(0x000000e58e900000,0x000000e58ea00000)]
  0x000002816b8b7380 JavaThread "Daemon health stats" [_thread_blocked, id=25580, stack(0x000000e58ee00000,0x000000e58ef00000)]
  0x000002816b029a50 JavaThread "Incoming local TCP Connector on port 59902" [_thread_in_native, id=24144, stack(0x000000e58ef00000,0x000000e58f000000)]
  0x0000028125dfe7c0 JavaThread "Daemon periodic checks" [_thread_blocked, id=24976, stack(0x000000e58f000000,0x000000e58f100000)]
  0x000002816b9b0380 JavaThread "Daemon" [_thread_blocked, id=7224, stack(0x000000e58f100000,0x000000e58f200000)]
  0x0000028125578cc0 JavaThread "Handler for socket connection from /127.0.0.1:59902 to /127.0.0.1:59903" [_thread_in_native, id=23100, stack(0x000000e58f200000,0x000000e58f300000)]
  0x000002816b9eef20 JavaThread "Cancel handler" [_thread_blocked, id=17780, stack(0x000000e58f300000,0x000000e58f400000)]
=>0x000002816b9f0360 JavaThread "Daemon worker" [_thread_in_vm, id=24760, stack(0x000000e58f400000,0x000000e58f500000)]
  0x000002816b9f1290 JavaThread "Asynchronous log dispatcher for DefaultDaemonConnection: socket connection from /127.0.0.1:59902 to /127.0.0.1:59903" [_thread_blocked, id=1836, stack(0x000000e58f500000,0x000000e58f600000)]
  0x000002816b9f0870 JavaThread "Stdin handler" [_thread_blocked, id=12548, stack(0x000000e58f600000,0x000000e58f700000)]
  0x000002816b9f21c0 JavaThread "Daemon client event forwarder" [_thread_blocked, id=21056, stack(0x000000e58f700000,0x000000e58f800000)]
  0x000002816b9ef940 JavaThread "Cache worker for journal cache (C:\Users\rizta\.gradle\caches\journal-1)" [_thread_blocked, id=10188, stack(0x000000e58f800000,0x000000e58f900000)]
  0x000002816b9efe50 JavaThread "File lock request listener" [_thread_in_native, id=17624, stack(0x000000e58f900000,0x000000e58fa00000)]
  0x000002816b9f17a0 JavaThread "Cache worker for file hash cache (C:\Users\rizta\.gradle\caches\8.8\fileHashes)" [_thread_blocked, id=25068, stack(0x000000e58fa00000,0x000000e58fb00000)]
  0x000002816b9ef430 JavaThread "File lock release action executor" [_thread_blocked, id=24768, stack(0x000000e58fb00000,0x000000e58fc00000)]

Other Threads:
  0x00000281251ca8e0 VMThread "VM Thread" [stack: 0x000000e58de00000,0x000000e58df00000] [id=10336] _threads_hazard_ptr=0x000002816c47be00
  0x00000281253735d0 WatcherThread [stack: 0x000000e58ea00000,0x000000e58eb00000] [id=9948]
  0x00000281075d8720 GCTaskThread "GC Thread#0" [stack: 0x000000e58d900000,0x000000e58da00000] [id=21876]
  0x00000281255283d0 GCTaskThread "GC Thread#1" [stack: 0x000000e58eb00000,0x000000e58ec00000] [id=24524]
  0x00000281253c3020 GCTaskThread "GC Thread#2" [stack: 0x000000e58ec00000,0x000000e58ed00000] [id=23548]
  0x00000281253c32e0 GCTaskThread "GC Thread#3" [stack: 0x000000e58ed00000,0x000000e58ee00000] [id=25596]
  0x00000281075e9580 ConcurrentGCThread "G1 Main Marker" [stack: 0x000000e58da00000,0x000000e58db00000] [id=20424]
  0x00000281075ebb90 ConcurrentGCThread "G1 Conc#0" [stack: 0x000000e58db00000,0x000000e58dc00000] [id=24968]
  0x00000281250841e0 ConcurrentGCThread "G1 Refine#0" [stack: 0x000000e58dc00000,0x000000e58dd00000] [id=20540]
  0x0000028125085590 ConcurrentGCThread "G1 Service" [stack: 0x000000e58dd00000,0x000000e58de00000] [id=17244]

Threads with active compile tasks:
C2 CompilerThread0    74120 2578       4       jdk.internal.reflect.ClassFileAssembler::emitByte (11 bytes)

VM state: synchronizing (normal execution)

VM Mutex/Monitor currently owned by a thread:  ([mutex/lock_event])
[0x00000281052fca30] Threads_lock - owner thread: 0x00000281251ca8e0

Heap address: 0x0000000080000000, size: 2048 MB, Compressed Oops mode: 32-bit

CDS archive(s) mapped at: [0x0000028126000000-0x0000028126bb0000-0x0000028126bb0000), size 12255232, SharedBaseAddress: 0x0000028126000000, ArchiveRelocationMode: 1.
Compressed class space mapped at: 0x0000028127000000-0x0000028167000000, reserved size: 1073741824
Narrow klass base: 0x0000028126000000, Narrow klass shift: 0, Narrow klass range: 0x100000000

GC Precious Log:
 CPUs: 4 total, 4 available
 Memory: 20317M
 Large Page Support: Disabled
 NUMA Support: Disabled
 Compressed Oops: Enabled (32-bit)
 Heap Region Size: 1M
 Heap Min Capacity: 8M
 Heap Initial Capacity: 318M
 Heap Max Capacity: 2G
 Pre-touch: Disabled
 Parallel Workers: 4
 Concurrent Workers: 1
 Concurrent Refinement Workers: 4
 Periodic GC: Disabled

Heap:
 garbage-first heap   total 325632K, used 111297K [0x0000000080000000, 0x0000000100000000)
  region size 1024K, 97 young (99328K), 1 survivors (1024K)
 Metaspace       used 18004K, committed 18240K, reserved 1114112K
  class space    used 2570K, committed 2688K, reserved 1048576K

Heap Regions: E=young(eden), S=young(survivor), O=old, HS=humongous(starts), HC=humongous(continues), CS=collection set, F=free, OA=open archive, CA=closed archive, TAMS=top-at-mark-start (previous, next)
|   0|0x0000000080000000, 0x0000000080100000, 0x0000000080100000|100%| O|  |TAMS 0x0000000080000000, 0x0000000080000000| Untracked 
|   1|0x0000000080100000, 0x0000000080200000, 0x0000000080200000|100%|HS|  |TAMS 0x0000000080100000, 0x0000000080100000| Complete 
|   2|0x0000000080200000, 0x0000000080300000, 0x0000000080300000|100%|HC|  |TAMS 0x0000000080200000, 0x0000000080200000| Complete 
|   3|0x0000000080300000, 0x0000000080400000, 0x0000000080400000|100%|HC|  |TAMS 0x0000000080300000, 0x0000000080300000| Complete 
|   4|0x0000000080400000, 0x0000000080500000, 0x0000000080500000|100%|HC|  |TAMS 0x0000000080400000, 0x0000000080400000| Complete 
|   5|0x0000000080500000, 0x0000000080600000, 0x0000000080600000|100%| O|  |TAMS 0x0000000080500000, 0x0000000080500000| Untracked 
|   6|0x0000000080600000, 0x0000000080700000, 0x0000000080700000|100%| O|  |TAMS 0x0000000080600000, 0x0000000080600000| Untracked 
|   7|0x0000000080700000, 0x0000000080800000, 0x0000000080800000|100%| O|  |TAMS 0x0000000080700000, 0x0000000080700000| Untracked 
|   8|0x0000000080800000, 0x0000000080900000, 0x0000000080900000|100%| O|  |TAMS 0x0000000080800000, 0x0000000080800000| Untracked 
|   9|0x0000000080900000, 0x0000000080a00000, 0x0000000080a00000|100%| O|  |TAMS 0x0000000080900000, 0x0000000080900000| Untracked 
|  10|0x0000000080a00000, 0x0000000080afde00, 0x0000000080b00000| 99%| O|  |TAMS 0x0000000080a00000, 0x0000000080a00000| Untracked 
|  11|0x0000000080b00000, 0x0000000080c00000, 0x0000000080c00000|100%|HS|  |TAMS 0x0000000080b00000, 0x0000000080b00000| Complete 
|  12|0x0000000080c00000, 0x0000000080d00000, 0x0000000080d00000|100%|HS|  |TAMS 0x0000000080c00000, 0x0000000080c00000| Complete 
|  13|0x0000000080d00000, 0x0000000080d00000, 0x0000000080e00000|  0%| F|  |TAMS 0x0000000080d00000, 0x0000000080d00000| Untracked 
|  14|0x0000000080e00000, 0x0000000080e00000, 0x0000000080f00000|  0%| F|  |TAMS 0x0000000080e00000, 0x0000000080e00000| Untracked 
|  15|0x0000000080f00000, 0x0000000080f00000, 0x0000000081000000|  0%| F|  |TAMS 0x0000000080f00000, 0x0000000080f00000| Untracked 
|  16|0x0000000081000000, 0x0000000081000000, 0x0000000081100000|  0%| F|  |TAMS 0x0000000081000000, 0x0000000081000000| Untracked 
|  17|0x0000000081100000, 0x0000000081100000, 0x0000000081200000|  0%| F|  |TAMS 0x0000000081100000, 0x0000000081100000| Untracked 
|  18|0x0000000081200000, 0x0000000081200000, 0x0000000081300000|  0%| F|  |TAMS 0x0000000081200000, 0x0000000081200000| Untracked 
|  19|0x0000000081300000, 0x0000000081300000, 0x0000000081400000|  0%| F|  |TAMS 0x0000000081300000, 0x0000000081300000| Untracked 
|  20|0x0000000081400000, 0x0000000081400000, 0x0000000081500000|  0%| F|  |TAMS 0x0000000081400000, 0x0000000081400000| Untracked 
|  21|0x0000000081500000, 0x0000000081500000, 0x0000000081600000|  0%| F|  |TAMS 0x0000000081500000, 0x0000000081500000| Untracked 
|  22|0x0000000081600000, 0x0000000081600000, 0x0000000081700000|  0%| F|  |TAMS 0x0000000081600000, 0x0000000081600000| Untracked 
|  23|0x0000000081700000, 0x0000000081700000, 0x0000000081800000|  0%| F|  |TAMS 0x0000000081700000, 0x0000000081700000| Untracked 
|  24|0x0000000081800000, 0x0000000081800000, 0x0000000081900000|  0%| F|  |TAMS 0x0000000081800000, 0x0000000081800000| Untracked 
|  25|0x0000000081900000, 0x0000000081900000, 0x0000000081a00000|  0%| F|  |TAMS 0x0000000081900000, 0x0000000081900000| Untracked 
|  26|0x0000000081a00000, 0x0000000081a00000, 0x0000000081b00000|  0%| F|  |TAMS 0x0000000081a00000, 0x0000000081a00000| Untracked 
|  27|0x0000000081b00000, 0x0000000081b00000, 0x0000000081c00000|  0%| F|  |TAMS 0x0000000081b00000, 0x0000000081b00000| Untracked 
|  28|0x0000000081c00000, 0x0000000081c00000, 0x0000000081d00000|  0%| F|  |TAMS 0x0000000081c00000, 0x0000000081c00000| Untracked 
|  29|0x0000000081d00000, 0x0000000081d00000, 0x0000000081e00000|  0%| F|  |TAMS 0x0000000081d00000, 0x0000000081d00000| Untracked 
|  30|0x0000000081e00000, 0x0000000081e00000, 0x0000000081f00000|  0%| F|  |TAMS 0x0000000081e00000, 0x0000000081e00000| Untracked 
|  31|0x0000000081f00000, 0x0000000081f00000, 0x0000000082000000|  0%| F|  |TAMS 0x0000000081f00000, 0x0000000081f00000| Untracked 
|  32|0x0000000082000000, 0x0000000082000000, 0x0000000082100000|  0%| F|  |TAMS 0x0000000082000000, 0x0000000082000000| Untracked 
|  33|0x0000000082100000, 0x0000000082100000, 0x0000000082200000|  0%| F|  |TAMS 0x0000000082100000, 0x0000000082100000| Untracked 
|  34|0x0000000082200000, 0x0000000082200000, 0x0000000082300000|  0%| F|  |TAMS 0x0000000082200000, 0x0000000082200000| Untracked 
|  35|0x0000000082300000, 0x0000000082300000, 0x0000000082400000|  0%| F|  |TAMS 0x0000000082300000, 0x0000000082300000| Untracked 
|  36|0x0000000082400000, 0x0000000082400000, 0x0000000082500000|  0%| F|  |TAMS 0x0000000082400000, 0x0000000082400000| Untracked 
|  37|0x0000000082500000, 0x0000000082500000, 0x0000000082600000|  0%| F|  |TAMS 0x0000000082500000, 0x0000000082500000| Untracked 
|  38|0x0000000082600000, 0x0000000082600000, 0x0000000082700000|  0%| F|  |TAMS 0x0000000082600000, 0x0000000082600000| Untracked 
|  39|0x0000000082700000, 0x0000000082700000, 0x0000000082800000|  0%| F|  |TAMS 0x0000000082700000, 0x0000000082700000| Untracked 
|  40|0x0000000082800000, 0x0000000082800000, 0x0000000082900000|  0%| F|  |TAMS 0x0000000082800000, 0x0000000082800000| Untracked 
|  41|0x0000000082900000, 0x0000000082900000, 0x0000000082a00000|  0%| F|  |TAMS 0x0000000082900000, 0x0000000082900000| Untracked 
|  42|0x0000000082a00000, 0x0000000082a00000, 0x0000000082b00000|  0%| F|  |TAMS 0x0000000082a00000, 0x0000000082a00000| Untracked 
|  43|0x0000000082b00000, 0x0000000082b00000, 0x0000000082c00000|  0%| F|  |TAMS 0x0000000082b00000, 0x0000000082b00000| Untracked 
|  44|0x0000000082c00000, 0x0000000082c00000, 0x0000000082d00000|  0%| F|  |TAMS 0x0000000082c00000, 0x0000000082c00000| Untracked 
|  45|0x0000000082d00000, 0x0000000082d00000, 0x0000000082e00000|  0%| F|  |TAMS 0x0000000082d00000, 0x0000000082d00000| Untracked 
|  46|0x0000000082e00000, 0x0000000082e00000, 0x0000000082f00000|  0%| F|  |TAMS 0x0000000082e00000, 0x0000000082e00000| Untracked 
|  47|0x0000000082f00000, 0x0000000082f00000, 0x0000000083000000|  0%| F|  |TAMS 0x0000000082f00000, 0x0000000082f00000| Untracked 
|  48|0x0000000083000000, 0x0000000083000000, 0x0000000083100000|  0%| F|  |TAMS 0x0000000083000000, 0x0000000083000000| Untracked 
|  49|0x0000000083100000, 0x0000000083100000, 0x0000000083200000|  0%| F|  |TAMS 0x0000000083100000, 0x0000000083100000| Untracked 
|  50|0x0000000083200000, 0x0000000083200000, 0x0000000083300000|  0%| F|  |TAMS 0x0000000083200000, 0x0000000083200000| Untracked 
|  51|0x0000000083300000, 0x0000000083300000, 0x0000000083400000|  0%| F|  |TAMS 0x0000000083300000, 0x0000000083300000| Untracked 
|  52|0x0000000083400000, 0x0000000083400000, 0x0000000083500000|  0%| F|  |TAMS 0x0000000083400000, 0x0000000083400000| Untracked 
|  53|0x0000000083500000, 0x0000000083500000, 0x0000000083600000|  0%| F|  |TAMS 0x0000000083500000, 0x0000000083500000| Untracked 
|  54|0x0000000083600000, 0x0000000083600000, 0x0000000083700000|  0%| F|  |TAMS 0x0000000083600000, 0x0000000083600000| Untracked 
|  55|0x0000000083700000, 0x0000000083700000, 0x0000000083800000|  0%| F|  |TAMS 0x0000000083700000, 0x0000000083700000| Untracked 
|  56|0x0000000083800000, 0x0000000083800000, 0x0000000083900000|  0%| F|  |TAMS 0x0000000083800000, 0x0000000083800000| Untracked 
|  57|0x0000000083900000, 0x0000000083900000, 0x0000000083a00000|  0%| F|  |TAMS 0x0000000083900000, 0x0000000083900000| Untracked 
|  58|0x0000000083a00000, 0x0000000083a00000, 0x0000000083b00000|  0%| F|  |TAMS 0x0000000083a00000, 0x0000000083a00000| Untracked 
|  59|0x0000000083b00000, 0x0000000083b00000, 0x0000000083c00000|  0%| F|  |TAMS 0x0000000083b00000, 0x0000000083b00000| Untracked 
|  60|0x0000000083c00000, 0x0000000083c00000, 0x0000000083d00000|  0%| F|  |TAMS 0x0000000083c00000, 0x0000000083c00000| Untracked 
|  61|0x0000000083d00000, 0x0000000083d00000, 0x0000000083e00000|  0%| F|  |TAMS 0x0000000083d00000, 0x0000000083d00000| Untracked 
|  62|0x0000000083e00000, 0x0000000083e00000, 0x0000000083f00000|  0%| F|  |TAMS 0x0000000083e00000, 0x0000000083e00000| Untracked 
|  63|0x0000000083f00000, 0x0000000083f00000, 0x0000000084000000|  0%| F|  |TAMS 0x0000000083f00000, 0x0000000083f00000| Untracked 
|  64|0x0000000084000000, 0x0000000084000000, 0x0000000084100000|  0%| F|  |TAMS 0x0000000084000000, 0x0000000084000000| Untracked 
|  65|0x0000000084100000, 0x0000000084100000, 0x0000000084200000|  0%| F|  |TAMS 0x0000000084100000, 0x0000000084100000| Untracked 
|  66|0x0000000084200000, 0x0000000084200000, 0x0000000084300000|  0%| F|  |TAMS 0x0000000084200000, 0x0000000084200000| Untracked 
|  67|0x0000000084300000, 0x0000000084300000, 0x0000000084400000|  0%| F|  |TAMS 0x0000000084300000, 0x0000000084300000| Untracked 
|  68|0x0000000084400000, 0x0000000084400000, 0x0000000084500000|  0%| F|  |TAMS 0x0000000084400000, 0x0000000084400000| Untracked 
|  69|0x0000000084500000, 0x0000000084500000, 0x0000000084600000|  0%| F|  |TAMS 0x0000000084500000, 0x0000000084500000| Untracked 
|  70|0x0000000084600000, 0x0000000084600000, 0x0000000084700000|  0%| F|  |TAMS 0x0000000084600000, 0x0000000084600000| Untracked 
|  71|0x0000000084700000, 0x0000000084700000, 0x0000000084800000|  0%| F|  |TAMS 0x0000000084700000, 0x0000000084700000| Untracked 
|  72|0x0000000084800000, 0x0000000084800000, 0x0000000084900000|  0%| F|  |TAMS 0x0000000084800000, 0x0000000084800000| Untracked 
|  73|0x0000000084900000, 0x0000000084900000, 0x0000000084a00000|  0%| F|  |TAMS 0x0000000084900000, 0x0000000084900000| Untracked 
|  74|0x0000000084a00000, 0x0000000084a00000, 0x0000000084b00000|  0%| F|  |TAMS 0x0000000084a00000, 0x0000000084a00000| Untracked 
|  75|0x0000000084b00000, 0x0000000084b00000, 0x0000000084c00000|  0%| F|  |TAMS 0x0000000084b00000, 0x0000000084b00000| Untracked 
|  76|0x0000000084c00000, 0x0000000084c00000, 0x0000000084d00000|  0%| F|  |TAMS 0x0000000084c00000, 0x0000000084c00000| Untracked 
|  77|0x0000000084d00000, 0x0000000084d00000, 0x0000000084e00000|  0%| F|  |TAMS 0x0000000084d00000, 0x0000000084d00000| Untracked 
|  78|0x0000000084e00000, 0x0000000084e00000, 0x0000000084f00000|  0%| F|  |TAMS 0x0000000084e00000, 0x0000000084e00000| Untracked 
|  79|0x0000000084f00000, 0x0000000084f00000, 0x0000000085000000|  0%| F|  |TAMS 0x0000000084f00000, 0x0000000084f00000| Untracked 
|  80|0x0000000085000000, 0x0000000085000000, 0x0000000085100000|  0%| F|  |TAMS 0x0000000085000000, 0x0000000085000000| Untracked 
|  81|0x0000000085100000, 0x0000000085100000, 0x0000000085200000|  0%| F|  |TAMS 0x0000000085100000, 0x0000000085100000| Untracked 
|  82|0x0000000085200000, 0x0000000085200000, 0x0000000085300000|  0%| F|  |TAMS 0x0000000085200000, 0x0000000085200000| Untracked 
|  83|0x0000000085300000, 0x0000000085300000, 0x0000000085400000|  0%| F|  |TAMS 0x0000000085300000, 0x0000000085300000| Untracked 
|  84|0x0000000085400000, 0x0000000085400000, 0x0000000085500000|  0%| F|  |TAMS 0x0000000085400000, 0x0000000085400000| Untracked 
|  85|0x0000000085500000, 0x0000000085500000, 0x0000000085600000|  0%| F|  |TAMS 0x0000000085500000, 0x0000000085500000| Untracked 
|  86|0x0000000085600000, 0x0000000085600000, 0x0000000085700000|  0%| F|  |TAMS 0x0000000085600000, 0x0000000085600000| Untracked 
|  87|0x0000000085700000, 0x0000000085700000, 0x0000000085800000|  0%| F|  |TAMS 0x0000000085700000, 0x0000000085700000| Untracked 
|  88|0x0000000085800000, 0x0000000085800000, 0x0000000085900000|  0%| F|  |TAMS 0x0000000085800000, 0x0000000085800000| Untracked 
|  89|0x0000000085900000, 0x0000000085900000, 0x0000000085a00000|  0%| F|  |TAMS 0x0000000085900000, 0x0000000085900000| Untracked 
|  90|0x0000000085a00000, 0x0000000085a00000, 0x0000000085b00000|  0%| F|  |TAMS 0x0000000085a00000, 0x0000000085a00000| Untracked 
|  91|0x0000000085b00000, 0x0000000085b00000, 0x0000000085c00000|  0%| F|  |TAMS 0x0000000085b00000, 0x0000000085b00000| Untracked 
|  92|0x0000000085c00000, 0x0000000085c00000, 0x0000000085d00000|  0%| F|  |TAMS 0x0000000085c00000, 0x0000000085c00000| Untracked 
|  93|0x0000000085d00000, 0x0000000085d00000, 0x0000000085e00000|  0%| F|  |TAMS 0x0000000085d00000, 0x0000000085d00000| Untracked 
|  94|0x0000000085e00000, 0x0000000085e00000, 0x0000000085f00000|  0%| F|  |TAMS 0x0000000085e00000, 0x0000000085e00000| Untracked 
|  95|0x0000000085f00000, 0x0000000085f00000, 0x0000000086000000|  0%| F|  |TAMS 0x0000000085f00000, 0x0000000085f00000| Untracked 
|  96|0x0000000086000000, 0x0000000086000000, 0x0000000086100000|  0%| F|  |TAMS 0x0000000086000000, 0x0000000086000000| Untracked 
|  97|0x0000000086100000, 0x0000000086100000, 0x0000000086200000|  0%| F|  |TAMS 0x0000000086100000, 0x0000000086100000| Untracked 
|  98|0x0000000086200000, 0x0000000086200000, 0x0000000086300000|  0%| F|  |TAMS 0x0000000086200000, 0x0000000086200000| Untracked 
|  99|0x0000000086300000, 0x0000000086300000, 0x0000000086400000|  0%| F|  |TAMS 0x0000000086300000, 0x0000000086300000| Untracked 
| 100|0x0000000086400000, 0x0000000086400000, 0x0000000086500000|  0%| F|  |TAMS 0x0000000086400000, 0x0000000086400000| Untracked 
| 101|0x0000000086500000, 0x0000000086500000, 0x0000000086600000|  0%| F|  |TAMS 0x0000000086500000, 0x0000000086500000| Untracked 
| 102|0x0000000086600000, 0x0000000086600000, 0x0000000086700000|  0%| F|  |TAMS 0x0000000086600000, 0x0000000086600000| Untracked 
| 103|0x0000000086700000, 0x0000000086700000, 0x0000000086800000|  0%| F|  |TAMS 0x0000000086700000, 0x0000000086700000| Untracked 
| 104|0x0000000086800000, 0x0000000086800000, 0x0000000086900000|  0%| F|  |TAMS 0x0000000086800000, 0x0000000086800000| Untracked 
| 105|0x0000000086900000, 0x0000000086900000, 0x0000000086a00000|  0%| F|  |TAMS 0x0000000086900000, 0x0000000086900000| Untracked 
| 106|0x0000000086a00000, 0x0000000086a00000, 0x0000000086b00000|  0%| F|  |TAMS 0x0000000086a00000, 0x0000000086a00000| Untracked 
| 107|0x0000000086b00000, 0x0000000086b00000, 0x0000000086c00000|  0%| F|  |TAMS 0x0000000086b00000, 0x0000000086b00000| Untracked 
| 108|0x0000000086c00000, 0x0000000086c00000, 0x0000000086d00000|  0%| F|  |TAMS 0x0000000086c00000, 0x0000000086c00000| Untracked 
| 109|0x0000000086d00000, 0x0000000086d00000, 0x0000000086e00000|  0%| F|  |TAMS 0x0000000086d00000, 0x0000000086d00000| Untracked 
| 110|0x0000000086e00000, 0x0000000086e00000, 0x0000000086f00000|  0%| F|  |TAMS 0x0000000086e00000, 0x0000000086e00000| Untracked 
| 111|0x0000000086f00000, 0x0000000086f00000, 0x0000000087000000|  0%| F|  |TAMS 0x0000000086f00000, 0x0000000086f00000| Untracked 
| 112|0x0000000087000000, 0x0000000087000000, 0x0000000087100000|  0%| F|  |TAMS 0x0000000087000000, 0x0000000087000000| Untracked 
| 113|0x0000000087100000, 0x0000000087100000, 0x0000000087200000|  0%| F|  |TAMS 0x0000000087100000, 0x0000000087100000| Untracked 
| 114|0x0000000087200000, 0x0000000087200000, 0x0000000087300000|  0%| F|  |TAMS 0x0000000087200000, 0x0000000087200000| Untracked 
| 115|0x0000000087300000, 0x0000000087300000, 0x0000000087400000|  0%| F|  |TAMS 0x0000000087300000, 0x0000000087300000| Untracked 
| 116|0x0000000087400000, 0x0000000087400000, 0x0000000087500000|  0%| F|  |TAMS 0x0000000087400000, 0x0000000087400000| Untracked 
| 117|0x0000000087500000, 0x0000000087500000, 0x0000000087600000|  0%| F|  |TAMS 0x0000000087500000, 0x0000000087500000| Untracked 
| 118|0x0000000087600000, 0x0000000087600000, 0x0000000087700000|  0%| F|  |TAMS 0x0000000087600000, 0x0000000087600000| Untracked 
| 119|0x0000000087700000, 0x0000000087700000, 0x0000000087800000|  0%| F|  |TAMS 0x0000000087700000, 0x0000000087700000| Untracked 
| 120|0x0000000087800000, 0x0000000087800000, 0x0000000087900000|  0%| F|  |TAMS 0x0000000087800000, 0x0000000087800000| Untracked 
| 121|0x0000000087900000, 0x0000000087900000, 0x0000000087a00000|  0%| F|  |TAMS 0x0000000087900000, 0x0000000087900000| Untracked 
| 122|0x0000000087a00000, 0x0000000087a00000, 0x0000000087b00000|  0%| F|  |TAMS 0x0000000087a00000, 0x0000000087a00000| Untracked 
| 123|0x0000000087b00000, 0x0000000087b00000, 0x0000000087c00000|  0%| F|  |TAMS 0x0000000087b00000, 0x0000000087b00000| Untracked 
| 124|0x0000000087c00000, 0x0000000087c00000, 0x0000000087d00000|  0%| F|  |TAMS 0x0000000087c00000, 0x0000000087c00000| Untracked 
| 125|0x0000000087d00000, 0x0000000087d00000, 0x0000000087e00000|  0%| F|  |TAMS 0x0000000087d00000, 0x0000000087d00000| Untracked 
| 126|0x0000000087e00000, 0x0000000087e00000, 0x0000000087f00000|  0%| F|  |TAMS 0x0000000087e00000, 0x0000000087e00000| Untracked 
| 127|0x0000000087f00000, 0x0000000087f00000, 0x0000000088000000|  0%| F|  |TAMS 0x0000000087f00000, 0x0000000087f00000| Untracked 
| 128|0x0000000088000000, 0x0000000088000000, 0x0000000088100000|  0%| F|  |TAMS 0x0000000088000000, 0x0000000088000000| Untracked 
| 129|0x0000000088100000, 0x0000000088100000, 0x0000000088200000|  0%| F|  |TAMS 0x0000000088100000, 0x0000000088100000| Untracked 
| 130|0x0000000088200000, 0x0000000088200000, 0x0000000088300000|  0%| F|  |TAMS 0x0000000088200000, 0x0000000088200000| Untracked 
| 131|0x0000000088300000, 0x0000000088300000, 0x0000000088400000|  0%| F|  |TAMS 0x0000000088300000, 0x0000000088300000| Untracked 
| 132|0x0000000088400000, 0x0000000088400000, 0x0000000088500000|  0%| F|  |TAMS 0x0000000088400000, 0x0000000088400000| Untracked 
| 133|0x0000000088500000, 0x0000000088500000, 0x0000000088600000|  0%| F|  |TAMS 0x0000000088500000, 0x0000000088500000| Untracked 
| 134|0x0000000088600000, 0x0000000088600000, 0x0000000088700000|  0%| F|  |TAMS 0x0000000088600000, 0x0000000088600000| Untracked 
| 135|0x0000000088700000, 0x0000000088700000, 0x0000000088800000|  0%| F|  |TAMS 0x0000000088700000, 0x0000000088700000| Untracked 
| 136|0x0000000088800000, 0x0000000088800000, 0x0000000088900000|  0%| F|  |TAMS 0x0000000088800000, 0x0000000088800000| Untracked 
| 137|0x0000000088900000, 0x0000000088900000, 0x0000000088a00000|  0%| F|  |TAMS 0x0000000088900000, 0x0000000088900000| Untracked 
| 138|0x0000000088a00000, 0x0000000088a00000, 0x0000000088b00000|  0%| F|  |TAMS 0x0000000088a00000, 0x0000000088a00000| Untracked 
| 139|0x0000000088b00000, 0x0000000088b00000, 0x0000000088c00000|  0%| F|  |TAMS 0x0000000088b00000, 0x0000000088b00000| Untracked 
| 140|0x0000000088c00000, 0x0000000088c00000, 0x0000000088d00000|  0%| F|  |TAMS 0x0000000088c00000, 0x0000000088c00000| Untracked 
| 141|0x0000000088d00000, 0x0000000088d00000, 0x0000000088e00000|  0%| F|  |TAMS 0x0000000088d00000, 0x0000000088d00000| Untracked 
| 142|0x0000000088e00000, 0x0000000088e00000, 0x0000000088f00000|  0%| F|  |TAMS 0x0000000088e00000, 0x0000000088e00000| Untracked 
| 143|0x0000000088f00000, 0x0000000088f00000, 0x0000000089000000|  0%| F|  |TAMS 0x0000000088f00000, 0x0000000088f00000| Untracked 
| 144|0x0000000089000000, 0x0000000089000000, 0x0000000089100000|  0%| F|  |TAMS 0x0000000089000000, 0x0000000089000000| Untracked 
| 145|0x0000000089100000, 0x0000000089100000, 0x0000000089200000|  0%| F|  |TAMS 0x0000000089100000, 0x0000000089100000| Untracked 
| 146|0x0000000089200000, 0x0000000089200000, 0x0000000089300000|  0%| F|  |TAMS 0x0000000089200000, 0x0000000089200000| Untracked 
| 147|0x0000000089300000, 0x0000000089300000, 0x0000000089400000|  0%| F|  |TAMS 0x0000000089300000, 0x0000000089300000| Untracked 
| 148|0x0000000089400000, 0x0000000089400000, 0x0000000089500000|  0%| F|  |TAMS 0x0000000089400000, 0x0000000089400000| Untracked 
| 149|0x0000000089500000, 0x0000000089500000, 0x0000000089600000|  0%| F|  |TAMS 0x0000000089500000, 0x0000000089500000| Untracked 
| 150|0x0000000089600000, 0x0000000089600000, 0x0000000089700000|  0%| F|  |TAMS 0x0000000089600000, 0x0000000089600000| Untracked 
| 151|0x0000000089700000, 0x0000000089700000, 0x0000000089800000|  0%| F|  |TAMS 0x0000000089700000, 0x0000000089700000| Untracked 
| 152|0x0000000089800000, 0x0000000089800000, 0x0000000089900000|  0%| F|  |TAMS 0x0000000089800000, 0x0000000089800000| Untracked 
| 153|0x0000000089900000, 0x0000000089900000, 0x0000000089a00000|  0%| F|  |TAMS 0x0000000089900000, 0x0000000089900000| Untracked 
| 154|0x0000000089a00000, 0x0000000089a00000, 0x0000000089b00000|  0%| F|  |TAMS 0x0000000089a00000, 0x0000000089a00000| Untracked 
| 155|0x0000000089b00000, 0x0000000089b00000, 0x0000000089c00000|  0%| F|  |TAMS 0x0000000089b00000, 0x0000000089b00000| Untracked 
| 156|0x0000000089c00000, 0x0000000089c00000, 0x0000000089d00000|  0%| F|  |TAMS 0x0000000089c00000, 0x0000000089c00000| Untracked 
| 157|0x0000000089d00000, 0x0000000089d00000, 0x0000000089e00000|  0%| F|  |TAMS 0x0000000089d00000, 0x0000000089d00000| Untracked 
| 158|0x0000000089e00000, 0x0000000089e00000, 0x0000000089f00000|  0%| F|  |TAMS 0x0000000089e00000, 0x0000000089e00000| Untracked 
| 159|0x0000000089f00000, 0x0000000089f00000, 0x000000008a000000|  0%| F|  |TAMS 0x0000000089f00000, 0x0000000089f00000| Untracked 
| 160|0x000000008a000000, 0x000000008a000000, 0x000000008a100000|  0%| F|  |TAMS 0x000000008a000000, 0x000000008a000000| Untracked 
| 161|0x000000008a100000, 0x000000008a100000, 0x000000008a200000|  0%| F|  |TAMS 0x000000008a100000, 0x000000008a100000| Untracked 
| 162|0x000000008a200000, 0x000000008a200000, 0x000000008a300000|  0%| F|  |TAMS 0x000000008a200000, 0x000000008a200000| Untracked 
| 163|0x000000008a300000, 0x000000008a300000, 0x000000008a400000|  0%| F|  |TAMS 0x000000008a300000, 0x000000008a300000| Untracked 
| 164|0x000000008a400000, 0x000000008a400000, 0x000000008a500000|  0%| F|  |TAMS 0x000000008a400000, 0x000000008a400000| Untracked 
| 165|0x000000008a500000, 0x000000008a500000, 0x000000008a600000|  0%| F|  |TAMS 0x000000008a500000, 0x000000008a500000| Untracked 
| 166|0x000000008a600000, 0x000000008a600000, 0x000000008a700000|  0%| F|  |TAMS 0x000000008a600000, 0x000000008a600000| Untracked 
| 167|0x000000008a700000, 0x000000008a700000, 0x000000008a800000|  0%| F|  |TAMS 0x000000008a700000, 0x000000008a700000| Untracked 
| 168|0x000000008a800000, 0x000000008a800000, 0x000000008a900000|  0%| F|  |TAMS 0x000000008a800000, 0x000000008a800000| Untracked 
| 169|0x000000008a900000, 0x000000008a900000, 0x000000008aa00000|  0%| F|  |TAMS 0x000000008a900000, 0x000000008a900000| Untracked 
| 170|0x000000008aa00000, 0x000000008aa00000, 0x000000008ab00000|  0%| F|  |TAMS 0x000000008aa00000, 0x000000008aa00000| Untracked 
| 171|0x000000008ab00000, 0x000000008ab00000, 0x000000008ac00000|  0%| F|  |TAMS 0x000000008ab00000, 0x000000008ab00000| Untracked 
| 172|0x000000008ac00000, 0x000000008ac00000, 0x000000008ad00000|  0%| F|  |TAMS 0x000000008ac00000, 0x000000008ac00000| Untracked 
| 173|0x000000008ad00000, 0x000000008ad00000, 0x000000008ae00000|  0%| F|  |TAMS 0x000000008ad00000, 0x000000008ad00000| Untracked 
| 174|0x000000008ae00000, 0x000000008ae00000, 0x000000008af00000|  0%| F|  |TAMS 0x000000008ae00000, 0x000000008ae00000| Untracked 
| 175|0x000000008af00000, 0x000000008af00000, 0x000000008b000000|  0%| F|  |TAMS 0x000000008af00000, 0x000000008af00000| Untracked 
| 176|0x000000008b000000, 0x000000008b000000, 0x000000008b100000|  0%| F|  |TAMS 0x000000008b000000, 0x000000008b000000| Untracked 
| 177|0x000000008b100000, 0x000000008b100000, 0x000000008b200000|  0%| F|  |TAMS 0x000000008b100000, 0x000000008b100000| Untracked 
| 178|0x000000008b200000, 0x000000008b200000, 0x000000008b300000|  0%| F|  |TAMS 0x000000008b200000, 0x000000008b200000| Untracked 
| 179|0x000000008b300000, 0x000000008b300000, 0x000000008b400000|  0%| F|  |TAMS 0x000000008b300000, 0x000000008b300000| Untracked 
| 180|0x000000008b400000, 0x000000008b400000, 0x000000008b500000|  0%| F|  |TAMS 0x000000008b400000, 0x000000008b400000| Untracked 
| 181|0x000000008b500000, 0x000000008b500000, 0x000000008b600000|  0%| F|  |TAMS 0x000000008b500000, 0x000000008b500000| Untracked 
| 182|0x000000008b600000, 0x000000008b600000, 0x000000008b700000|  0%| F|  |TAMS 0x000000008b600000, 0x000000008b600000| Untracked 
| 183|0x000000008b700000, 0x000000008b700000, 0x000000008b800000|  0%| F|  |TAMS 0x000000008b700000, 0x000000008b700000| Untracked 
| 184|0x000000008b800000, 0x000000008b800000, 0x000000008b900000|  0%| F|  |TAMS 0x000000008b800000, 0x000000008b800000| Untracked 
| 185|0x000000008b900000, 0x000000008b900000, 0x000000008ba00000|  0%| F|  |TAMS 0x000000008b900000, 0x000000008b900000| Untracked 
| 186|0x000000008ba00000, 0x000000008ba00000, 0x000000008bb00000|  0%| F|  |TAMS 0x000000008ba00000, 0x000000008ba00000| Untracked 
| 187|0x000000008bb00000, 0x000000008bb00000, 0x000000008bc00000|  0%| F|  |TAMS 0x000000008bb00000, 0x000000008bb00000| Untracked 
| 188|0x000000008bc00000, 0x000000008bc00000, 0x000000008bd00000|  0%| F|  |TAMS 0x000000008bc00000, 0x000000008bc00000| Untracked 
| 189|0x000000008bd00000, 0x000000008bd00000, 0x000000008be00000|  0%| F|  |TAMS 0x000000008bd00000, 0x000000008bd00000| Untracked 
| 190|0x000000008be00000, 0x000000008be00000, 0x000000008bf00000|  0%| F|  |TAMS 0x000000008be00000, 0x000000008be00000| Untracked 
| 191|0x000000008bf00000, 0x000000008bf00000, 0x000000008c000000|  0%| F|  |TAMS 0x000000008bf00000, 0x000000008bf00000| Untracked 
| 192|0x000000008c000000, 0x000000008c000000, 0x000000008c100000|  0%| F|  |TAMS 0x000000008c000000, 0x000000008c000000| Untracked 
| 193|0x000000008c100000, 0x000000008c100000, 0x000000008c200000|  0%| F|  |TAMS 0x000000008c100000, 0x000000008c100000| Untracked 
| 194|0x000000008c200000, 0x000000008c200000, 0x000000008c300000|  0%| F|  |TAMS 0x000000008c200000, 0x000000008c200000| Untracked 
| 195|0x000000008c300000, 0x000000008c300000, 0x000000008c400000|  0%| F|  |TAMS 0x000000008c300000, 0x000000008c300000| Untracked 
| 196|0x000000008c400000, 0x000000008c400000, 0x000000008c500000|  0%| F|  |TAMS 0x000000008c400000, 0x000000008c400000| Untracked 
| 197|0x000000008c500000, 0x000000008c500000, 0x000000008c600000|  0%| F|  |TAMS 0x000000008c500000, 0x000000008c500000| Untracked 
| 198|0x000000008c600000, 0x000000008c600000, 0x000000008c700000|  0%| F|  |TAMS 0x000000008c600000, 0x000000008c600000| Untracked 
| 199|0x000000008c700000, 0x000000008c700000, 0x000000008c800000|  0%| F|  |TAMS 0x000000008c700000, 0x000000008c700000| Untracked 
| 200|0x000000008c800000, 0x000000008c800000, 0x000000008c900000|  0%| F|  |TAMS 0x000000008c800000, 0x000000008c800000| Untracked 
| 201|0x000000008c900000, 0x000000008c900000, 0x000000008ca00000|  0%| F|  |TAMS 0x000000008c900000, 0x000000008c900000| Untracked 
| 202|0x000000008ca00000, 0x000000008ca00000, 0x000000008cb00000|  0%| F|  |TAMS 0x000000008ca00000, 0x000000008ca00000| Untracked 
| 203|0x000000008cb00000, 0x000000008cb00000, 0x000000008cc00000|  0%| F|  |TAMS 0x000000008cb00000, 0x000000008cb00000| Untracked 
| 204|0x000000008cc00000, 0x000000008cc00000, 0x000000008cd00000|  0%| F|  |TAMS 0x000000008cc00000, 0x000000008cc00000| Untracked 
| 205|0x000000008cd00000, 0x000000008cd00000, 0x000000008ce00000|  0%| F|  |TAMS 0x000000008cd00000, 0x000000008cd00000| Untracked 
| 206|0x000000008ce00000, 0x000000008ce00000, 0x000000008cf00000|  0%| F|  |TAMS 0x000000008ce00000, 0x000000008ce00000| Untracked 
| 207|0x000000008cf00000, 0x000000008cf00000, 0x000000008d000000|  0%| F|  |TAMS 0x000000008cf00000, 0x000000008cf00000| Untracked 
| 208|0x000000008d000000, 0x000000008d000000, 0x000000008d100000|  0%| F|  |TAMS 0x000000008d000000, 0x000000008d000000| Untracked 
| 209|0x000000008d100000, 0x000000008d100000, 0x000000008d200000|  0%| F|  |TAMS 0x000000008d100000, 0x000000008d100000| Untracked 
| 210|0x000000008d200000, 0x000000008d200000, 0x000000008d300000|  0%| F|  |TAMS 0x000000008d200000, 0x000000008d200000| Untracked 
| 211|0x000000008d300000, 0x000000008d300000, 0x000000008d400000|  0%| F|  |TAMS 0x000000008d300000, 0x000000008d300000| Untracked 
| 212|0x000000008d400000, 0x000000008d400000, 0x000000008d500000|  0%| F|  |TAMS 0x000000008d400000, 0x000000008d400000| Untracked 
| 213|0x000000008d500000, 0x000000008d500000, 0x000000008d600000|  0%| F|  |TAMS 0x000000008d500000, 0x000000008d500000| Untracked 
| 214|0x000000008d600000, 0x000000008d600000, 0x000000008d700000|  0%| F|  |TAMS 0x000000008d600000, 0x000000008d600000| Untracked 
| 215|0x000000008d700000, 0x000000008d700000, 0x000000008d800000|  0%| F|  |TAMS 0x000000008d700000, 0x000000008d700000| Untracked 
| 216|0x000000008d800000, 0x000000008d800000, 0x000000008d900000|  0%| F|  |TAMS 0x000000008d800000, 0x000000008d800000| Untracked 
| 217|0x000000008d900000, 0x000000008d900000, 0x000000008da00000|  0%| F|  |TAMS 0x000000008d900000, 0x000000008d900000| Untracked 
| 218|0x000000008da00000, 0x000000008da00000, 0x000000008db00000|  0%| F|  |TAMS 0x000000008da00000, 0x000000008da00000| Untracked 
| 219|0x000000008db00000, 0x000000008db00000, 0x000000008dc00000|  0%| F|  |TAMS 0x000000008db00000, 0x000000008db00000| Untracked 
| 220|0x000000008dc00000, 0x000000008dc00000, 0x000000008dd00000|  0%| F|  |TAMS 0x000000008dc00000, 0x000000008dc00000| Untracked 
| 221|0x000000008dd00000, 0x000000008de00000, 0x000000008de00000|100%| E|  |TAMS 0x000000008dd00000, 0x000000008dd00000| Complete 
| 222|0x000000008de00000, 0x000000008df00000, 0x000000008df00000|100%| E|CS|TAMS 0x000000008de00000, 0x000000008de00000| Complete 
| 223|0x000000008df00000, 0x000000008e000000, 0x000000008e000000|100%| E|CS|TAMS 0x000000008df00000, 0x000000008df00000| Complete 
| 224|0x000000008e000000, 0x000000008e100000, 0x000000008e100000|100%| E|CS|TAMS 0x000000008e000000, 0x000000008e000000| Complete 
| 225|0x000000008e100000, 0x000000008e200000, 0x000000008e200000|100%| E|CS|TAMS 0x000000008e100000, 0x000000008e100000| Complete 
| 226|0x000000008e200000, 0x000000008e300000, 0x000000008e300000|100%| E|CS|TAMS 0x000000008e200000, 0x000000008e200000| Complete 
| 227|0x000000008e300000, 0x000000008e400000, 0x000000008e400000|100%| E|CS|TAMS 0x000000008e300000, 0x000000008e300000| Complete 
| 228|0x000000008e400000, 0x000000008e500000, 0x000000008e500000|100%| E|CS|TAMS 0x000000008e400000, 0x000000008e400000| Complete 
| 229|0x000000008e500000, 0x000000008e600000, 0x000000008e600000|100%| E|CS|TAMS 0x000000008e500000, 0x000000008e500000| Complete 
| 230|0x000000008e600000, 0x000000008e700000, 0x000000008e700000|100%| E|CS|TAMS 0x000000008e600000, 0x000000008e600000| Complete 
| 231|0x000000008e700000, 0x000000008e800000, 0x000000008e800000|100%| E|CS|TAMS 0x000000008e700000, 0x000000008e700000| Complete 
| 232|0x000000008e800000, 0x000000008e900000, 0x000000008e900000|100%| E|CS|TAMS 0x000000008e800000, 0x000000008e800000| Complete 
| 233|0x000000008e900000, 0x000000008ea00000, 0x000000008ea00000|100%| E|CS|TAMS 0x000000008e900000, 0x000000008e900000| Complete 
| 234|0x000000008ea00000, 0x000000008eb00000, 0x000000008eb00000|100%| E|CS|TAMS 0x000000008ea00000, 0x000000008ea00000| Complete 
| 235|0x000000008eb00000, 0x000000008ec00000, 0x000000008ec00000|100%| E|CS|TAMS 0x000000008eb00000, 0x000000008eb00000| Complete 
| 236|0x000000008ec00000, 0x000000008ed00000, 0x000000008ed00000|100%| E|CS|TAMS 0x000000008ec00000, 0x000000008ec00000| Complete 
| 237|0x000000008ed00000, 0x000000008ee00000, 0x000000008ee00000|100%| E|CS|TAMS 0x000000008ed00000, 0x000000008ed00000| Complete 
| 238|0x000000008ee00000, 0x000000008ef00000, 0x000000008ef00000|100%| E|CS|TAMS 0x000000008ee00000, 0x000000008ee00000| Complete 
| 239|0x000000008ef00000, 0x000000008f000000, 0x000000008f000000|100%| E|CS|TAMS 0x000000008ef00000, 0x000000008ef00000| Complete 
| 240|0x000000008f000000, 0x000000008f100000, 0x000000008f100000|100%| E|CS|TAMS 0x000000008f000000, 0x000000008f000000| Complete 
| 241|0x000000008f100000, 0x000000008f200000, 0x000000008f200000|100%| E|CS|TAMS 0x000000008f100000, 0x000000008f100000| Complete 
| 242|0x000000008f200000, 0x000000008f300000, 0x000000008f300000|100%| E|CS|TAMS 0x000000008f200000, 0x000000008f200000| Complete 
| 243|0x000000008f300000, 0x000000008f400000, 0x000000008f400000|100%| E|CS|TAMS 0x000000008f300000, 0x000000008f300000| Complete 
| 244|0x000000008f400000, 0x000000008f500000, 0x000000008f500000|100%| E|CS|TAMS 0x000000008f400000, 0x000000008f400000| Complete 
| 245|0x000000008f500000, 0x000000008f600000, 0x000000008f600000|100%| E|CS|TAMS 0x000000008f500000, 0x000000008f500000| Complete 
| 246|0x000000008f600000, 0x000000008f700000, 0x000000008f700000|100%| E|CS|TAMS 0x000000008f600000, 0x000000008f600000| Complete 
| 247|0x000000008f700000, 0x000000008f800000, 0x000000008f800000|100%| E|CS|TAMS 0x000000008f700000, 0x000000008f700000| Complete 
| 248|0x000000008f800000, 0x000000008f900000, 0x000000008f900000|100%| E|CS|TAMS 0x000000008f800000, 0x000000008f800000| Complete 
| 249|0x000000008f900000, 0x000000008fa00000, 0x000000008fa00000|100%| E|CS|TAMS 0x000000008f900000, 0x000000008f900000| Complete 
| 250|0x000000008fa00000, 0x000000008fb00000, 0x000000008fb00000|100%| E|CS|TAMS 0x000000008fa00000, 0x000000008fa00000| Complete 
| 251|0x000000008fb00000, 0x000000008fc00000, 0x000000008fc00000|100%| E|CS|TAMS 0x000000008fb00000, 0x000000008fb00000| Complete 
| 252|0x000000008fc00000, 0x000000008fd00000, 0x000000008fd00000|100%| E|CS|TAMS 0x000000008fc00000, 0x000000008fc00000| Complete 
| 253|0x000000008fd00000, 0x000000008fe00000, 0x000000008fe00000|100%| E|CS|TAMS 0x000000008fd00000, 0x000000008fd00000| Complete 
| 254|0x000000008fe00000, 0x000000008ff00000, 0x000000008ff00000|100%| E|CS|TAMS 0x000000008fe00000, 0x000000008fe00000| Complete 
| 255|0x000000008ff00000, 0x0000000090000000, 0x0000000090000000|100%| E|CS|TAMS 0x000000008ff00000, 0x000000008ff00000| Complete 
| 256|0x0000000090000000, 0x0000000090100000, 0x0000000090100000|100%| E|CS|TAMS 0x0000000090000000, 0x0000000090000000| Complete 
| 257|0x0000000090100000, 0x0000000090200000, 0x0000000090200000|100%| E|CS|TAMS 0x0000000090100000, 0x0000000090100000| Complete 
| 258|0x0000000090200000, 0x0000000090300000, 0x0000000090300000|100%| E|CS|TAMS 0x0000000090200000, 0x0000000090200000| Complete 
| 259|0x0000000090300000, 0x0000000090400000, 0x0000000090400000|100%| E|CS|TAMS 0x0000000090300000, 0x0000000090300000| Complete 
| 260|0x0000000090400000, 0x0000000090500000, 0x0000000090500000|100%| E|CS|TAMS 0x0000000090400000, 0x0000000090400000| Complete 
| 261|0x0000000090500000, 0x0000000090600000, 0x0000000090600000|100%| E|CS|TAMS 0x0000000090500000, 0x0000000090500000| Complete 
| 262|0x0000000090600000, 0x0000000090700000, 0x0000000090700000|100%| E|CS|TAMS 0x0000000090600000, 0x0000000090600000| Complete 
| 263|0x0000000090700000, 0x0000000090800000, 0x0000000090800000|100%| E|CS|TAMS 0x0000000090700000, 0x0000000090700000| Complete 
| 264|0x0000000090800000, 0x0000000090900000, 0x0000000090900000|100%| E|CS|TAMS 0x0000000090800000, 0x0000000090800000| Complete 
| 265|0x0000000090900000, 0x0000000090a00000, 0x0000000090a00000|100%| E|CS|TAMS 0x0000000090900000, 0x0000000090900000| Complete 
| 266|0x0000000090a00000, 0x0000000090b00000, 0x0000000090b00000|100%| E|CS|TAMS 0x0000000090a00000, 0x0000000090a00000| Complete 
| 267|0x0000000090b00000, 0x0000000090c00000, 0x0000000090c00000|100%| E|CS|TAMS 0x0000000090b00000, 0x0000000090b00000| Complete 
| 268|0x0000000090c00000, 0x0000000090d00000, 0x0000000090d00000|100%| E|CS|TAMS 0x0000000090c00000, 0x0000000090c00000| Complete 
| 269|0x0000000090d00000, 0x0000000090e00000, 0x0000000090e00000|100%| E|CS|TAMS 0x0000000090d00000, 0x0000000090d00000| Complete 
| 270|0x0000000090e00000, 0x0000000090f00000, 0x0000000090f00000|100%| E|CS|TAMS 0x0000000090e00000, 0x0000000090e00000| Complete 
| 271|0x0000000090f00000, 0x0000000091000000, 0x0000000091000000|100%| E|CS|TAMS 0x0000000090f00000, 0x0000000090f00000| Complete 
| 272|0x0000000091000000, 0x0000000091100000, 0x0000000091100000|100%| E|CS|TAMS 0x0000000091000000, 0x0000000091000000| Complete 
| 273|0x0000000091100000, 0x0000000091200000, 0x0000000091200000|100%| E|CS|TAMS 0x0000000091100000, 0x0000000091100000| Complete 
| 274|0x0000000091200000, 0x0000000091300000, 0x0000000091300000|100%| E|CS|TAMS 0x0000000091200000, 0x0000000091200000| Complete 
| 275|0x0000000091300000, 0x0000000091400000, 0x0000000091400000|100%| E|CS|TAMS 0x0000000091300000, 0x0000000091300000| Complete 
| 276|0x0000000091400000, 0x0000000091500000, 0x0000000091500000|100%| E|CS|TAMS 0x0000000091400000, 0x0000000091400000| Complete 
| 277|0x0000000091500000, 0x0000000091600000, 0x0000000091600000|100%| E|CS|TAMS 0x0000000091500000, 0x0000000091500000| Complete 
| 278|0x0000000091600000, 0x0000000091700000, 0x0000000091700000|100%| E|CS|TAMS 0x0000000091600000, 0x0000000091600000| Complete 
| 279|0x0000000091700000, 0x0000000091800000, 0x0000000091800000|100%| E|CS|TAMS 0x0000000091700000, 0x0000000091700000| Complete 
| 280|0x0000000091800000, 0x0000000091900000, 0x0000000091900000|100%| E|CS|TAMS 0x0000000091800000, 0x0000000091800000| Complete 
| 281|0x0000000091900000, 0x0000000091a00000, 0x0000000091a00000|100%| E|CS|TAMS 0x0000000091900000, 0x0000000091900000| Complete 
| 282|0x0000000091a00000, 0x0000000091b00000, 0x0000000091b00000|100%| E|CS|TAMS 0x0000000091a00000, 0x0000000091a00000| Complete 
| 283|0x0000000091b00000, 0x0000000091c00000, 0x0000000091c00000|100%| E|CS|TAMS 0x0000000091b00000, 0x0000000091b00000| Complete 
| 284|0x0000000091c00000, 0x0000000091d00000, 0x0000000091d00000|100%| E|CS|TAMS 0x0000000091c00000, 0x0000000091c00000| Complete 
| 285|0x0000000091d00000, 0x0000000091e00000, 0x0000000091e00000|100%| E|CS|TAMS 0x0000000091d00000, 0x0000000091d00000| Complete 
| 286|0x0000000091e00000, 0x0000000091f00000, 0x0000000091f00000|100%| E|CS|TAMS 0x0000000091e00000, 0x0000000091e00000| Complete 
| 287|0x0000000091f00000, 0x0000000092000000, 0x0000000092000000|100%| E|CS|TAMS 0x0000000091f00000, 0x0000000091f00000| Complete 
| 288|0x0000000092000000, 0x0000000092100000, 0x0000000092100000|100%| E|CS|TAMS 0x0000000092000000, 0x0000000092000000| Complete 
| 289|0x0000000092100000, 0x0000000092200000, 0x0000000092200000|100%| E|CS|TAMS 0x0000000092100000, 0x0000000092100000| Complete 
| 290|0x0000000092200000, 0x0000000092300000, 0x0000000092300000|100%| E|CS|TAMS 0x0000000092200000, 0x0000000092200000| Complete 
| 291|0x0000000092300000, 0x00000000923b2870, 0x0000000092400000| 69%| S|CS|TAMS 0x0000000092300000, 0x0000000092300000| Complete 
| 292|0x0000000092400000, 0x0000000092500000, 0x0000000092500000|100%| E|CS|TAMS 0x0000000092400000, 0x0000000092400000| Complete 
| 293|0x0000000092500000, 0x0000000092600000, 0x0000000092600000|100%| E|CS|TAMS 0x0000000092500000, 0x0000000092500000| Complete 
| 294|0x0000000092600000, 0x0000000092700000, 0x0000000092700000|100%| E|CS|TAMS 0x0000000092600000, 0x0000000092600000| Complete 
| 295|0x0000000092700000, 0x0000000092800000, 0x0000000092800000|100%| E|CS|TAMS 0x0000000092700000, 0x0000000092700000| Complete 
| 296|0x0000000092800000, 0x0000000092900000, 0x0000000092900000|100%| E|CS|TAMS 0x0000000092800000, 0x0000000092800000| Complete 
| 297|0x0000000092900000, 0x0000000092a00000, 0x0000000092a00000|100%| E|CS|TAMS 0x0000000092900000, 0x0000000092900000| Complete 
| 298|0x0000000092a00000, 0x0000000092b00000, 0x0000000092b00000|100%| E|CS|TAMS 0x0000000092a00000, 0x0000000092a00000| Complete 
| 299|0x0000000092b00000, 0x0000000092c00000, 0x0000000092c00000|100%| E|CS|TAMS 0x0000000092b00000, 0x0000000092b00000| Complete 
| 300|0x0000000092c00000, 0x0000000092d00000, 0x0000000092d00000|100%| E|CS|TAMS 0x0000000092c00000, 0x0000000092c00000| Complete 
| 301|0x0000000092d00000, 0x0000000092e00000, 0x0000000092e00000|100%| E|CS|TAMS 0x0000000092d00000, 0x0000000092d00000| Complete 
| 302|0x0000000092e00000, 0x0000000092f00000, 0x0000000092f00000|100%| E|CS|TAMS 0x0000000092e00000, 0x0000000092e00000| Complete 
| 303|0x0000000092f00000, 0x0000000093000000, 0x0000000093000000|100%| E|CS|TAMS 0x0000000092f00000, 0x0000000092f00000| Complete 
| 304|0x0000000093000000, 0x0000000093100000, 0x0000000093100000|100%| E|CS|TAMS 0x0000000093000000, 0x0000000093000000| Complete 
| 305|0x0000000093100000, 0x0000000093200000, 0x0000000093200000|100%| E|CS|TAMS 0x0000000093100000, 0x0000000093100000| Complete 
| 306|0x0000000093200000, 0x0000000093300000, 0x0000000093300000|100%| E|CS|TAMS 0x0000000093200000, 0x0000000093200000| Complete 
| 307|0x0000000093300000, 0x0000000093400000, 0x0000000093400000|100%| E|CS|TAMS 0x0000000093300000, 0x0000000093300000| Complete 
| 308|0x0000000093400000, 0x0000000093500000, 0x0000000093500000|100%| E|CS|TAMS 0x0000000093400000, 0x0000000093400000| Complete 
| 309|0x0000000093500000, 0x0000000093600000, 0x0000000093600000|100%| E|CS|TAMS 0x0000000093500000, 0x0000000093500000| Complete 
| 310|0x0000000093600000, 0x0000000093700000, 0x0000000093700000|100%| E|CS|TAMS 0x0000000093600000, 0x0000000093600000| Complete 
| 311|0x0000000093700000, 0x0000000093800000, 0x0000000093800000|100%| E|CS|TAMS 0x0000000093700000, 0x0000000093700000| Complete 
| 312|0x0000000093800000, 0x0000000093900000, 0x0000000093900000|100%| E|CS|TAMS 0x0000000093800000, 0x0000000093800000| Complete 
| 313|0x0000000093900000, 0x0000000093a00000, 0x0000000093a00000|100%| E|CS|TAMS 0x0000000093900000, 0x0000000093900000| Complete 
| 314|0x0000000093a00000, 0x0000000093b00000, 0x0000000093b00000|100%| E|CS|TAMS 0x0000000093a00000, 0x0000000093a00000| Complete 
| 315|0x0000000093b00000, 0x0000000093c00000, 0x0000000093c00000|100%| E|CS|TAMS 0x0000000093b00000, 0x0000000093b00000| Complete 
| 316|0x0000000093c00000, 0x0000000093d00000, 0x0000000093d00000|100%| E|CS|TAMS 0x0000000093c00000, 0x0000000093c00000| Complete 
| 317|0x0000000093d00000, 0x0000000093e00000, 0x0000000093e00000|100%| E|CS|TAMS 0x0000000093d00000, 0x0000000093d00000| Complete 

Card table byte_map: [0x000002811e4a0000,0x000002811e8a0000] _byte_map_base: 0x000002811e0a0000

Marking Bits (Prev, Next): (CMBitMap*) 0x00000281075d8c50, (CMBitMap*) 0x00000281075d8c90
 Prev Bits: [0x000002811eca0000, 0x0000028120ca0000)
 Next Bits: [0x0000028120ca0000, 0x0000028122ca0000)

Polling page: 0x0000028105470000

Metaspace:

Usage:
  Non-class:     15.07 MB used.
      Class:      2.51 MB used.
       Both:     17.58 MB used.

Virtual space:
  Non-class space:       64.00 MB reserved,      15.19 MB ( 24%) committed,  1 nodes.
      Class space:        1.00 GB reserved,       2.62 MB ( <1%) committed,  1 nodes.
             Both:        1.06 GB reserved,      17.81 MB (  2%) committed. 

Chunk freelists:
   Non-Class:  654.00 KB
       Class:  13.34 MB
        Both:  13.98 MB

MaxMetaspaceSize: unlimited
CompressedClassSpaceSize: 1.00 GB
Initial GC threshold: 21.00 MB
Current GC threshold: 21.00 MB
CDS: on
MetaspaceReclaimPolicy: balanced
 - commit_granule_bytes: 65536.
 - commit_granule_words: 8192.
 - virtual_space_node_default_size: 8388608.
 - enlarge_chunks_in_place: 1.
 - new_chunks_are_fully_committed: 0.
 - uncommit_free_chunks: 1.
 - use_allocation_guard: 0.
 - handle_deallocations: 1.


Internal statistics:

num_allocs_failed_limit: 0.
num_arena_births: 216.
num_arena_deaths: 0.
num_vsnodes_births: 2.
num_vsnodes_deaths: 0.
num_space_committed: 285.
num_space_uncommitted: 0.
num_chunks_returned_to_freelist: 0.
num_chunks_taken_from_freelist: 830.
num_chunk_merges: 0.
num_chunk_splits: 545.
num_chunks_enlarged: 396.
num_inconsistent_stats: 0.

CodeHeap 'non-profiled nmethods': size=120000Kb used=1433Kb max_used=1433Kb free=118566Kb
 bounds [0x0000028116b70000, 0x0000028116de0000, 0x000002811e0a0000]
CodeHeap 'profiled nmethods': size=120000Kb used=5331Kb max_used=5331Kb free=114668Kb
 bounds [0x000002810f0a0000, 0x000002810f5e0000, 0x00000281165d0000]
CodeHeap 'non-nmethods': size=5760Kb used=1234Kb max_used=1305Kb free=4525Kb
 bounds [0x00000281165d0000, 0x0000028116840000, 0x0000028116b70000]
 total_blobs=3116 nmethods=2572 adapters=456
 compilation: enabled
              stopped_count=0, restarted_count=0
 full_count=0

Compilation events (20 events):
Event: 71.197 Thread 0x00000281251f2fc0 nmethod 2566 0x0000028116cd5c10 code [0x0000028116cd5da0, 0x0000028116cd6418]
Event: 71.210 Thread 0x0000028125265d10 2569       3       java.util.HashMap::putMapEntries (167 bytes)
Event: 71.211 Thread 0x0000028125265d10 nmethod 2569 0x000002810f5cf790 code [0x000002810f5cfa60, 0x000002810f5d0888]
Event: 71.211 Thread 0x0000028125265d10 2570       3       sun.reflect.annotation.AnnotationParser$1::run (40 bytes)
Event: 71.212 Thread 0x0000028125265d10 nmethod 2570 0x000002810f5d0c90 code [0x000002810f5d0f00, 0x000002810f5d1d38]
Event: 71.417 Thread 0x0000028125265d10 2571       3       org.gradle.initialization.MixInLegacyTypesClassLoader::shouldTransform (42 bytes)
Event: 71.417 Thread 0x0000028125265d10 nmethod 2571 0x000002810f5d2110 code [0x000002810f5d22e0, 0x000002810f5d26d8]
Event: 72.019 Thread 0x0000028125265d10 2572       3       org.gradle.internal.serialize.AbstractDecoder::readSmallInt (5 bytes)
Event: 72.019 Thread 0x0000028125265d10 nmethod 2572 0x000002810f5d2890 code [0x000002810f5d2a40, 0x000002810f5d2c08]
Event: 72.021 Thread 0x0000028125265d10 2573       3       java.lang.StringBuilder::append (8 bytes)
Event: 72.021 Thread 0x0000028125265d10 nmethod 2573 0x000002810f5d2c90 code [0x000002810f5d2e20, 0x000002810f5d2f68]
Event: 72.021 Thread 0x0000028125265d10 2574       3       java.lang.AbstractStringBuilder::append (54 bytes)
Event: 72.021 Thread 0x0000028125265d10 nmethod 2574 0x000002810f5d3010 code [0x000002810f5d3240, 0x000002810f5d3ba8]
Event: 72.043 Thread 0x0000028125265d10 2575       3       java.util.ArrayList::toArray (12 bytes)
Event: 72.043 Thread 0x0000028125265d10 nmethod 2575 0x000002810f5d3d10 code [0x000002810f5d3ec0, 0x000002810f5d40a8]
Event: 72.071 Thread 0x0000028125265d10 2576       3       java.lang.Long::valueOf (40 bytes)
Event: 72.071 Thread 0x0000028125265d10 nmethod 2576 0x000002810f5d4190 code [0x000002810f5d4340, 0x000002810f5d4698]
Event: 72.153 Thread 0x0000028125265d10 2577       3       java.lang.reflect.Proxy::<init> (15 bytes)
Event: 72.154 Thread 0x0000028125265d10 nmethod 2577 0x000002810f5d4810 code [0x000002810f5d49c0, 0x000002810f5d4ce8]
Event: 72.660 Thread 0x00000281251f2fc0 2578       4       jdk.internal.reflect.ClassFileAssembler::emitByte (11 bytes)

GC Heap History (6 events):
Event: 7.519 GC heap before
{Heap before GC invocations=0 (full 0):
 garbage-first heap   total 325632K, used 14336K [0x0000000080000000, 0x0000000100000000)
  region size 1024K, 15 young (15360K), 0 survivors (0K)
 Metaspace       used 1056K, committed 1216K, reserved 1114112K
  class space    used 75K, committed 128K, reserved 1048576K
}
Event: 7.677 GC heap after
{Heap after GC invocations=1 (full 0):
 garbage-first heap   total 325632K, used 2538K [0x0000000080000000, 0x0000000100000000)
  region size 1024K, 2 young (2048K), 2 survivors (2048K)
 Metaspace       used 1056K, committed 1216K, reserved 1114112K
  class space    used 75K, committed 128K, reserved 1048576K
}
Event: 17.622 GC heap before
{Heap before GC invocations=1 (full 0):
 garbage-first heap   total 325632K, used 24042K [0x0000000080000000, 0x0000000100000000)
  region size 1024K, 20 young (20480K), 2 survivors (2048K)
 Metaspace       used 3996K, committed 4224K, reserved 1114112K
  class space    used 502K, committed 640K, reserved 1048576K
}
Event: 17.629 GC heap after
{Heap after GC invocations=2 (full 0):
 garbage-first heap   total 325632K, used 11529K [0x0000000080000000, 0x0000000100000000)
  region size 1024K, 3 young (3072K), 3 survivors (3072K)
 Metaspace       used 3996K, committed 4224K, reserved 1114112K
  class space    used 502K, committed 640K, reserved 1048576K
}
Event: 29.519 GC heap before
{Heap before GC invocations=2 (full 0):
 garbage-first heap   total 325632K, used 35081K [0x0000000080000000, 0x0000000100000000)
  region size 1024K, 26 young (26624K), 3 survivors (3072K)
 Metaspace       used 4066K, committed 4224K, reserved 1114112K
  class space    used 503K, committed 640K, reserved 1048576K
}
Event: 29.523 GC heap after
{Heap after GC invocations=3 (full 0):
 garbage-first heap   total 325632K, used 11969K [0x0000000080000000, 0x0000000100000000)
  region size 1024K, 1 young (1024K), 1 survivors (1024K)
 Metaspace       used 4066K, committed 4224K, reserved 1114112K
  class space    used 503K, committed 640K, reserved 1048576K
}

Dll operation events (15 events):
Event: 0.061 Loaded shared library G:\proyeksaya\kyusui\jdk17\jdk-17.0.11+9\bin\java.dll
Event: 0.164 Loaded shared library G:\proyeksaya\kyusui\jdk17\jdk-17.0.11+9\bin\jsvml.dll
Event: 1.181 Loaded shared library G:\proyeksaya\kyusui\jdk17\jdk-17.0.11+9\bin\zip.dll
Event: 1.184 Loaded shared library G:\proyeksaya\kyusui\jdk17\jdk-17.0.11+9\bin\instrument.dll
Event: 1.194 Loaded shared library G:\proyeksaya\kyusui\jdk17\jdk-17.0.11+9\bin\net.dll
Event: 1.197 Loaded shared library G:\proyeksaya\kyusui\jdk17\jdk-17.0.11+9\bin\nio.dll
Event: 1.202 Loaded shared library G:\proyeksaya\kyusui\jdk17\jdk-17.0.11+9\bin\zip.dll
Event: 6.238 Loaded shared library G:\proyeksaya\kyusui\jdk17\jdk-17.0.11+9\bin\jimage.dll
Event: 8.673 Loaded shared library G:\proyeksaya\kyusui\jdk17\jdk-17.0.11+9\bin\verify.dll
Event: 12.859 Loaded shared library C:\Users\rizta\.gradle\native\c067742578af261105cb4f569cf0c3c89f3d7b1fecec35dd04571415982c5e48\windows-amd64\native-platform.dll
Event: 12.941 Loaded shared library C:\Users\rizta\.gradle\native\100fb08df4bc3b14c8652ba06237920a3bd2aa13389f12d3474272988ae205f9\windows-amd64\native-platform-file-events.dll
Event: 37.071 Loaded shared library G:\proyeksaya\kyusui\jdk17\jdk-17.0.11+9\bin\management.dll
Event: 37.112 Loaded shared library G:\proyeksaya\kyusui\jdk17\jdk-17.0.11+9\bin\management_ext.dll
Event: 43.718 Loaded shared library G:\proyeksaya\kyusui\jdk17\jdk-17.0.11+9\bin\extnet.dll
Event: 52.688 Loaded shared library G:\proyeksaya\kyusui\jdk17\jdk-17.0.11+9\bin\sunmscapi.dll

Deoptimization events (20 events):
Event: 62.121 Thread 0x0000028125dfe7c0 DEOPT PACKING pc=0x0000028116bc1c24 sp=0x000000e58f0fe720
Event: 62.122 Thread 0x0000028125dfe7c0 DEOPT UNPACKING pc=0x00000281166269a3 sp=0x000000e58f0fe6f8 mode 2
Event: 64.716 Thread 0x000002816b9f0360 Uncommon trap: trap_request=0xffffff45 fr.pc=0x0000028116b92784 relative=0x0000000000000b04
Event: 64.716 Thread 0x000002816b9f0360 Uncommon trap: reason=unstable_if action=reinterpret pc=0x0000028116b92784 method=java.io.WinNTFileSystem.resolve(Ljava/lang/String;Ljava/lang/String;)Ljava/lang/String; @ 19 c2
Event: 64.716 Thread 0x000002816b9f0360 DEOPT PACKING pc=0x0000028116b92784 sp=0x000000e58f4fb3c0
Event: 64.716 Thread 0x000002816b9f0360 DEOPT UNPACKING pc=0x00000281166269a3 sp=0x000000e58f4fb368 mode 2
Event: 64.735 Thread 0x000002816b9f0360 Uncommon trap: trap_request=0xffffff45 fr.pc=0x0000028116c03860 relative=0x0000000000000620
Event: 64.735 Thread 0x000002816b9f0360 Uncommon trap: reason=unstable_if action=reinterpret pc=0x0000028116c03860 method=java.io.File.getName()Ljava/lang/String; @ 16 c2
Event: 64.735 Thread 0x000002816b9f0360 DEOPT PACKING pc=0x0000028116c03860 sp=0x000000e58f4fb360
Event: 64.735 Thread 0x000002816b9f0360 DEOPT UNPACKING pc=0x00000281166269a3 sp=0x000000e58f4fb330 mode 2
Event: 65.614 Thread 0x000002816b9f0360 Uncommon trap: trap_request=0xffffff45 fr.pc=0x0000028116c6fd84 relative=0x00000000000000e4
Event: 65.614 Thread 0x000002816b9f0360 Uncommon trap: reason=unstable_if action=reinterpret pc=0x0000028116c6fd84 method=java.util.HashMap.hash(Ljava/lang/Object;)I @ 1 c2
Event: 65.614 Thread 0x000002816b9f0360 DEOPT PACKING pc=0x0000028116c6fd84 sp=0x000000e58f4fc160
Event: 65.614 Thread 0x000002816b9f0360 DEOPT UNPACKING pc=0x00000281166269a3 sp=0x000000e58f4fc0a0 mode 2
Event: 66.178 Thread 0x000002816b9f0360 Uncommon trap: trap_request=0xffffff45 fr.pc=0x0000028116c1fefc relative=0x000000000000075c
Event: 66.178 Thread 0x000002816b9f0360 Uncommon trap: reason=unstable_if action=reinterpret pc=0x0000028116c1fefc method=java.util.ArrayList.grow(I)[Ljava/lang/Object; @ 17 c2
Event: 66.178 Thread 0x000002816b9f0360 DEOPT PACKING pc=0x0000028116c1fefc sp=0x000000e58f4fcdf0
Event: 66.178 Thread 0x000002816b9f0360 DEOPT UNPACKING pc=0x00000281166269a3 sp=0x000000e58f4fcc88 mode 2
Event: 72.020 Thread 0x0000028125dfe7c0 DEOPT PACKING pc=0x000002810f454d08 sp=0x000000e58f0fe550
Event: 72.020 Thread 0x0000028125dfe7c0 DEOPT UNPACKING pc=0x0000028116627143 sp=0x000000e58f0fda58 mode 0

Classes unloaded (0 events):
No events

Classes redefined (0 events):
No events

Internal exceptions (20 events):
Event: 57.970 Thread 0x000002816b9f0360 Exception <a 'java/lang/NoSuchMethodError'{0x0000000090849260}: 'java.lang.Object java.lang.invoke.DirectMethodHandle$Holder.newInvokeSpecial(java.lang.Object, java.lang.Object, java.lang.Object, java.lang.Object, java.lang.Object)'> (0x0000000090849260) 
thrown [s\src\hotspot\share\interpreter\linkResolver.cpp, line 759]
Event: 59.183 Thread 0x000002816b9f0360 Exception <a 'java/lang/NoSuchMethodError'{0x00000000905287a0}: 'java.lang.Object java.lang.invoke.DirectMethodHandle$Holder.newInvokeSpecial(java.lang.Object, java.lang.Object, java.lang.Object, java.lang.Object, java.lang.Object, java.lang.Object)'> (0x00000000905287a0) 
thrown [s\src\hotspot\share\interpreter\linkResolver.cpp, line 759]
Event: 59.199 Thread 0x000002816b9f0360 Exception <a 'java/lang/NoSuchMethodError'{0x0000000090540da0}: 'void java.lang.invoke.DirectMethodHandle$Holder.invokeSpecial(java.lang.Object, java.lang.Object, java.lang.Object, java.lang.Object, java.lang.Object)'> (0x0000000090540da0) 
thrown [s\src\hotspot\share\interpreter\linkResolver.cpp, line 759]
Event: 59.303 Thread 0x000002816b9f0360 Exception <a 'java/lang/NoSuchMethodError'{0x0000000090555550}: 'void java.lang.invoke.DirectMethodHandle$Holder.invokeStaticInit(java.lang.Object, java.lang.Object)'> (0x0000000090555550) 
thrown [s\src\hotspot\share\interpreter\linkResolver.cpp, line 759]
Event: 60.424 Thread 0x000002816b9f0360 Exception <a 'java/lang/NoSuchMethodError'{0x0000000090230f10}: 'void java.lang.invoke.DelegatingMethodHandle$Holder.reinvoke_L(java.lang.Object, java.lang.Object, java.lang.Object, java.lang.Object, java.lang.Object, java.lang.Object, java.lang.Object, java.lang.Object, java.lang.Object, java.lang.Object)'> (0x0000000090230f10) 
thrown [s\src\hotspot\share\interpreter\linkResolver.cpp, line 759]
Event: 60.436 Thread 0x000002816b9f0360 Exception <a 'java/lang/NoSuchMethodError'{0x0000000090239380}: 'java.lang.Object java.lang.invoke.DirectMethodHandle$Holder.invokeSpecial(java.lang.Object, java.lang.Object, java.lang.Object, java.lang.Object, java.lang.Object, java.lang.Object, java.lang.Object, java.lang.Object, java.lang.Object, java.lang.Object)'> (0x0000000090239380) 
thrown [s\src\hotspot\share\interpreter\linkResolver.cpp, line 759]
Event: 60.436 Thread 0x000002816b9f0360 Exception <a 'java/lang/NoSuchMethodError'{0x000000009023dc50}: 'java.lang.Object java.lang.invoke.Invokers$Holder.invoker(java.lang.Object, java.lang.Object, java.lang.Object, java.lang.Object, java.lang.Object, java.lang.Object, java.lang.Object, java.lang.Object, java.lang.Object, java.lang.Object)'> (0x000000009023dc50) 
thrown [s\src\hotspot\share\interpreter\linkResolver.cpp, line 759]
Event: 60.454 Thread 0x000002816b9f0360 Exception <a 'java/lang/NoSuchMethodError'{0x00000000902437d8}: 'java.lang.Object java.lang.invoke.DirectMethodHandle$Holder.invokeSpecial(java.lang.Object, java.lang.Object, java.lang.Object, java.lang.Object, java.lang.Object, java.lang.Object, java.lang.Object, java.lang.Object, java.lang.Object, java.lang.Object, java.lang.Object)'> (0x00000000902437d8) 
thrown [s\src\hotspot\share\interpreter\linkResolver.cpp, line 759]
Event: 62.121 Thread 0x0000028125dfe7c0 Implicit null exception at 0x0000028116bc15f2 to 0x0000028116bc1c0c
Event: 62.953 Thread 0x000002816b9f0360 Exception <a 'java/lang/NoSuchMethodError'{0x000000008fc34a50}: 'void java.lang.invoke.DirectMethodHandle$Holder.invokeStaticInit(java.lang.Object)'> (0x000000008fc34a50) 
thrown [s\src\hotspot\share\interpreter\linkResolver.cpp, line 759]
Event: 63.148 Thread 0x000002816b9f0360 Exception <a 'java/lang/NoSuchMethodError'{0x000000008fce6660}: 'java.lang.Object java.lang.invoke.DirectMethodHandle$Holder.newInvokeSpecial(java.lang.Object, java.lang.Object, java.lang.Object, int)'> (0x000000008fce6660) 
thrown [s\src\hotspot\share\interpreter\linkResolver.cpp, line 759]
Event: 63.148 Thread 0x000002816b9f0360 Exception <a 'java/lang/NoSuchMethodError'{0x000000008fceaf90}: 'java.lang.Object java.lang.invoke.DirectMethodHandle$Holder.invokeSpecial(java.lang.Object, java.lang.Object, java.lang.Object, java.lang.Object, int)'> (0x000000008fceaf90) 
thrown [s\src\hotspot\share\interpreter\linkResolver.cpp, line 759]
Event: 63.158 Thread 0x000002816b9f0360 Exception <a 'java/lang/NoSuchMethodError'{0x000000008fcef0a8}: 'java.lang.Object java.lang.invoke.Invokers$Holder.linkToTargetMethod(java.lang.Object, java.lang.Object, int, java.lang.Object)'> (0x000000008fcef0a8) 
thrown [s\src\hotspot\share\interpreter\linkResolver.cpp, line 759]
Event: 65.060 Thread 0x000002816b9f0360 Exception <a 'java/lang/NoSuchMethodError'{0x000000008f6a55d0}: 'int java.lang.invoke.DirectMethodHandle$Holder.invokeVirtual(java.lang.Object, java.lang.Object, java.lang.Object)'> (0x000000008f6a55d0) 
thrown [s\src\hotspot\share\interpreter\linkResolver.cpp, line 759]
Event: 65.362 Thread 0x000002816b9f0360 Exception <a 'java/lang/NoSuchMethodError'{0x000000008f5ad7d0}: 'int java.lang.invoke.DirectMethodHandle$Holder.invokeSpecialIFC(java.lang.Object, java.lang.Object, java.lang.Object, java.lang.Object)'> (0x000000008f5ad7d0) 
thrown [s\src\hotspot\share\interpreter\linkResolver.cpp, line 759]
Event: 65.388 Thread 0x000002816b9f0360 Exception <a 'java/lang/NoSuchMethodError'{0x000000008f5bc640}: 'java.lang.Object java.lang.invoke.DirectMethodHandle$Holder.invokeInterface(java.lang.Object, java.lang.Object, java.lang.Object)'> (0x000000008f5bc640) 
thrown [s\src\hotspot\share\interpreter\linkResolver.cpp, line 759]
Event: 65.388 Thread 0x000002816b9f0360 Exception <a 'java/lang/IncompatibleClassChangeError'{0x000000008f5c0258}: Found class java.lang.Object, but interface was expected> (0x000000008f5c0258) 
thrown [s\src\hotspot\share\interpreter\linkResolver.cpp, line 826]
Event: 65.614 Thread 0x000002816b9f0360 Implicit null exception at 0x0000028116c6fce0 to 0x0000028116c6fd7a
Event: 65.840 Thread 0x000002816b9f0360 Exception <a 'java/lang/NoSuchMethodError'{0x000000008f3ac5f0}: 'int java.lang.invoke.DirectMethodHandle$Holder.invokeStatic(java.lang.Object, java.lang.Object, java.lang.Object, java.lang.Object)'> (0x000000008f3ac5f0) 
thrown [s\src\hotspot\share\interpreter\linkResolver.cpp, line 759]
Event: 65.854 Thread 0x000002816b9f0360 Exception <a 'java/lang/NoSuchMethodError'{0x000000008f3b0218}: 'java.lang.Object java.lang.invoke.Invokers$Holder.invokeExact_MT(java.lang.Object, java.lang.Object, java.lang.Object, java.lang.Object, java.lang.Object, java.lang.Object)'> (0x000000008f3b0218) 
thrown [s\src\hotspot\share\interpreter\linkResolver.cpp, line 759]

VM Operations (20 events):
Event: 64.199 Executing VM operation: Cleanup
Event: 64.231 Executing VM operation: Cleanup done
Event: 65.234 Executing VM operation: Cleanup
Event: 65.250 Executing VM operation: Cleanup done
Event: 66.251 Executing VM operation: Cleanup
Event: 66.267 Executing VM operation: Cleanup done
Event: 66.382 Executing VM operation: HandshakeAllThreads
Event: 66.382 Executing VM operation: HandshakeAllThreads done
Event: 66.382 Executing VM operation: HandshakeAllThreads
Event: 66.382 Executing VM operation: HandshakeAllThreads done
Event: 67.382 Executing VM operation: Cleanup
Event: 67.398 Executing VM operation: Cleanup done
Event: 68.398 Executing VM operation: Cleanup
Event: 68.415 Executing VM operation: Cleanup done
Event: 69.431 Executing VM operation: Cleanup
Event: 69.455 Executing VM operation: Cleanup done
Event: 70.463 Executing VM operation: Cleanup
Event: 70.480 Executing VM operation: Cleanup done
Event: 71.480 Executing VM operation: Cleanup
Event: 71.495 Executing VM operation: Cleanup done

Events (20 events):
Event: 65.389 loading class java/util/stream/ReduceOps$1
Event: 65.389 loading class java/util/stream/ReduceOps$1 done
Event: 65.389 loading class java/util/stream/ReduceOps$1ReducingSink
Event: 65.389 loading class java/util/stream/ReduceOps$1ReducingSink done
Event: 67.955 loading class java/util/function/LongFunction
Event: 67.955 loading class java/util/function/LongFunction done
Event: 68.522 loading class java/security/InvalidKeyException
Event: 68.522 loading class java/security/KeyException
Event: 68.522 loading class java/security/KeyException done
Event: 68.522 loading class java/security/InvalidKeyException done
Event: 69.593 loading class java/io/ObjectOutputStream
Event: 69.594 loading class java/io/ObjectOutput
Event: 69.594 loading class java/io/ObjectOutput done
Event: 69.594 loading class java/io/ObjectStreamConstants
Event: 69.594 loading class java/io/ObjectStreamConstants done
Event: 69.594 loading class java/io/ObjectOutputStream done
Event: 69.633 loading class java/io/ObjectInputStream
Event: 69.634 loading class java/io/ObjectInput
Event: 69.634 loading class java/io/ObjectInput done
Event: 69.634 loading class java/io/ObjectInputStream done


Dynamic libraries:
0x00007ff6c6eb0000 - 0x00007ff6c6ebe000 	G:\proyeksaya\kyusui\jdk17\jdk-17.0.11+9\bin\java.exe
0x00007ffc15fa0000 - 0x00007ffc16207000 	C:\WINDOWS\SYSTEM32\ntdll.dll
0x00007ffc152c0000 - 0x00007ffc1538b000 	C:\WINDOWS\System32\KERNEL32.DLL
0x00007ffc132e0000 - 0x00007ffc136e2000 	C:\WINDOWS\System32\KERNELBASE.dll
0x00007ffc13a30000 - 0x00007ffc13b7c000 	C:\WINDOWS\System32\ucrtbase.dll
0x00007ffc0dab0000 - 0x00007ffc0dac7000 	G:\proyeksaya\kyusui\jdk17\jdk-17.0.11+9\bin\jli.dll
0x00007ffc13f40000 - 0x00007ffc1410f000 	C:\WINDOWS\System32\USER32.dll
0x00007ffc13940000 - 0x00007ffc13967000 	C:\WINDOWS\System32\win32u.dll
0x00007ffc159b0000 - 0x00007ffc159db000 	C:\WINDOWS\System32\GDI32.dll
0x00007ffc13b90000 - 0x00007ffc13cb9000 	C:\WINDOWS\System32\gdi32full.dll
0x00007ffc13230000 - 0x00007ffc132d3000 	C:\WINDOWS\System32\msvcp_win.dll
0x00007ffc0bbc0000 - 0x00007ffc0bbdb000 	G:\proyeksaya\kyusui\jdk17\jdk-17.0.11+9\bin\VCRUNTIME140.dll
0x00007ffc04620000 - 0x00007ffc048b0000 	C:\WINDOWS\WinSxS\amd64_microsoft.windows.common-controls_6595b64144ccf1df_6.0.26100.9278_none_3e0d1ba8e3303201\COMCTL32.dll
0x00007ffc15e80000 - 0x00007ffc15f29000 	C:\WINDOWS\System32\msvcrt.dll
0x00007ffc15d20000 - 0x00007ffc15d51000 	C:\WINDOWS\System32\IMM32.DLL
0x00007ffc0d9d0000 - 0x00007ffc0d9dc000 	G:\proyeksaya\kyusui\jdk17\jdk-17.0.11+9\bin\vcruntime140_1.dll
0x00007ffbed250000 - 0x00007ffbed2dd000 	G:\proyeksaya\kyusui\jdk17\jdk-17.0.11+9\bin\msvcp140.dll
0x00007ffba1670000 - 0x00007ffba22d2000 	G:\proyeksaya\kyusui\jdk17\jdk-17.0.11+9\bin\server\jvm.dll
0x00007ffc15a60000 - 0x00007ffc15b1c000 	C:\WINDOWS\System32\ADVAPI32.dll
0x00007ffc14bc0000 - 0x00007ffc14c69000 	C:\WINDOWS\System32\sechost.dll
0x00007ffc15390000 - 0x00007ffc154a8000 	C:\WINDOWS\System32\RPCRT4.dll
0x00007ffc13020000 - 0x00007ffc1307e000 	C:\WINDOWS\SYSTEM32\POWRPROF.dll
0x00007ffc0abe0000 - 0x00007ffc0abea000 	C:\WINDOWS\SYSTEM32\WSOCK32.dll
0x00007ffc154b0000 - 0x00007ffc15530000 	C:\WINDOWS\System32\WS2_32.dll
0x00007ffc06880000 - 0x00007ffc068b6000 	C:\WINDOWS\SYSTEM32\WINMM.dll
0x00007ffc0ba70000 - 0x00007ffc0ba7b000 	C:\WINDOWS\SYSTEM32\VERSION.dll
0x00007ffc13000000 - 0x00007ffc13015000 	C:\WINDOWS\SYSTEM32\UMPDC.dll
0x00007ffc11e10000 - 0x00007ffc11e2b000 	C:\WINDOWS\SYSTEM32\kernel.appcore.dll
0x00007ffc0ab70000 - 0x00007ffc0ab7a000 	G:\proyeksaya\kyusui\jdk17\jdk-17.0.11+9\bin\jimage.dll
0x00007ffc108b0000 - 0x00007ffc10afc000 	C:\WINDOWS\SYSTEM32\DBGHELP.DLL
0x00007ffc15620000 - 0x00007ffc159a5000 	C:\WINDOWS\System32\combase.dll
0x00007ffc15540000 - 0x00007ffc15619000 	C:\WINDOWS\System32\OLEAUT32.dll
0x00007ffbf6680000 - 0x00007ffbf66bb000 	C:\WINDOWS\SYSTEM32\dbgcore.DLL
0x00007ffc13970000 - 0x00007ffc13a1c000 	C:\WINDOWS\System32\bcryptPrimitives.dll
0x00007ffc0ab40000 - 0x00007ffc0ab4e000 	G:\proyeksaya\kyusui\jdk17\jdk-17.0.11+9\bin\instrument.dll
0x00007ffc05b30000 - 0x00007ffc05b55000 	G:\proyeksaya\kyusui\jdk17\jdk-17.0.11+9\bin\java.dll
0x00007ffbe73f0000 - 0x00007ffbe74c7000 	G:\proyeksaya\kyusui\jdk17\jdk-17.0.11+9\bin\jsvml.dll
0x00007ffc14280000 - 0x00007ffc14a18000 	C:\WINDOWS\System32\SHELL32.dll
0x00007ffc10bb0000 - 0x00007ffc1145e000 	C:\WINDOWS\SYSTEM32\windows.storage.dll
0x00007ffc13e30000 - 0x00007ffc13f2b000 	C:\WINDOWS\System32\SHCORE.dll
0x00007ffc13dc0000 - 0x00007ffc13e26000 	C:\WINDOWS\System32\shlwapi.dll
0x00007ffc130c0000 - 0x00007ffc130e9000 	C:\WINDOWS\SYSTEM32\profapi.dll
0x00007ffc04b90000 - 0x00007ffc04ba8000 	G:\proyeksaya\kyusui\jdk17\jdk-17.0.11+9\bin\zip.dll
0x00007ffc04b50000 - 0x00007ffc04b69000 	G:\proyeksaya\kyusui\jdk17\jdk-17.0.11+9\bin\net.dll
0x00007ffc0a330000 - 0x00007ffc0a45a000 	C:\WINDOWS\SYSTEM32\WINHTTP.dll
0x00007ffc12400000 - 0x00007ffc1246c000 	C:\WINDOWS\system32\mswsock.dll
0x00007ffc042f0000 - 0x00007ffc04306000 	G:\proyeksaya\kyusui\jdk17\jdk-17.0.11+9\bin\nio.dll
0x00007ffc09e80000 - 0x00007ffc09e90000 	G:\proyeksaya\kyusui\jdk17\jdk-17.0.11+9\bin\verify.dll
0x00007ffbed5b0000 - 0x00007ffbed5d7000 	C:\Users\rizta\.gradle\native\c067742578af261105cb4f569cf0c3c89f3d7b1fecec35dd04571415982c5e48\windows-amd64\native-platform.dll
0x00007ffb96d50000 - 0x00007ffb96e94000 	C:\Users\rizta\.gradle\native\100fb08df4bc3b14c8652ba06237920a3bd2aa13389f12d3474272988ae205f9\windows-amd64\native-platform-file-events.dll
0x00007ffc09c60000 - 0x00007ffc09c69000 	G:\proyeksaya\kyusui\jdk17\jdk-17.0.11+9\bin\management.dll
0x00007ffc09c00000 - 0x00007ffc09c0b000 	G:\proyeksaya\kyusui\jdk17\jdk-17.0.11+9\bin\management_ext.dll
0x00007ffc15b30000 - 0x00007ffc15b38000 	C:\WINDOWS\System32\PSAPI.DLL
0x00007ffc12710000 - 0x00007ffc1272b000 	C:\WINDOWS\SYSTEM32\CRYPTSP.dll
0x00007ffc11d70000 - 0x00007ffc11da9000 	C:\WINDOWS\system32\rsaenh.dll
0x00007ffc124b0000 - 0x00007ffc124e4000 	C:\WINDOWS\SYSTEM32\USERENV.dll
0x00007ffc13090000 - 0x00007ffc130ba000 	C:\WINDOWS\SYSTEM32\bcrypt.dll
0x00007ffc126f0000 - 0x00007ffc126fc000 	C:\WINDOWS\SYSTEM32\CRYPTBASE.dll
0x00007ffc117b0000 - 0x00007ffc117e3000 	C:\WINDOWS\SYSTEM32\IPHLPAPI.DLL
0x00007ffc13f30000 - 0x00007ffc13f3a000 	C:\WINDOWS\System32\NSI.dll
0x00007ffc0a080000 - 0x00007ffc0a09d000 	C:\WINDOWS\SYSTEM32\dhcpcsvc6.DLL
0x00007ffc0a050000 - 0x00007ffc0a075000 	C:\WINDOWS\SYSTEM32\dhcpcsvc.DLL
0x00007ffc11840000 - 0x00007ffc11998000 	C:\WINDOWS\SYSTEM32\DNSAPI.dll
0x00007ffc121c0000 - 0x00007ffc121cd000 	C:\WINDOWS\SYSTEM32\DSPARSE.dll
0x00007ffc09aa0000 - 0x00007ffc09aa9000 	G:\proyeksaya\kyusui\jdk17\jdk-17.0.11+9\bin\extnet.dll
0x00007ffc05af0000 - 0x00007ffc05afe000 	G:\proyeksaya\kyusui\jdk17\jdk-17.0.11+9\bin\sunmscapi.dll
0x00007ffc137b0000 - 0x00007ffc1392e000 	C:\WINDOWS\System32\CRYPT32.dll
0x00007ffc12960000 - 0x00007ffc12990000 	C:\WINDOWS\SYSTEM32\ncrypt.dll
0x00007ffc12910000 - 0x00007ffc1294f000 	C:\WINDOWS\SYSTEM32\NTASN1.dll
0x00007ffbb1550000 - 0x00007ffbb1558000 	C:\WINDOWS\system32\wshunix.dll

dbghelp: loaded successfully - version: 4.0.5 - missing functions: none
symbol engine: initialized successfully - sym options: 0x614 - pdb path: .;G:\proyeksaya\kyusui\jdk17\jdk-17.0.11+9\bin;C:\WINDOWS\SYSTEM32;C:\WINDOWS\WinSxS\amd64_microsoft.windows.common-controls_6595b64144ccf1df_6.0.26100.9278_none_3e0d1ba8e3303201;G:\proyeksaya\kyusui\jdk17\jdk-17.0.11+9\bin\server;C:\Users\rizta\.gradle\native\c067742578af261105cb4f569cf0c3c89f3d7b1fecec35dd04571415982c5e48\windows-amd64;C:\Users\rizta\.gradle\native\100fb08df4bc3b14c8652ba06237920a3bd2aa13389f12d3474272988ae205f9\windows-amd64

VM Arguments:
jvm_args: --enable-native-access=ALL-UNNAMED --add-opens=java.base/java.util=ALL-UNNAMED --add-opens=java.base/java.lang=ALL-UNNAMED --add-opens=java.base/java.lang.invoke=ALL-UNNAMED --add-opens=java.prefs/java.util.prefs=ALL-UNNAMED --add-opens=java.base/java.nio.charset=ALL-UNNAMED --add-opens=java.base/java.net=ALL-UNNAMED --add-opens=java.base/java.util.concurrent.atomic=ALL-UNNAMED -Xmx2048m -Dfile.encoding=UTF-8 -Duser.country=ID -Duser.language=en -Duser.variant -javaagent:C:\Users\rizta\.gradle\wrapper\dists\gradle-8.8-bin\dl7vupf4psengwqhwktix4v1\gradle-8.8\lib\agents\gradle-instrumentation-agent-8.8.jar 
java_command: org.gradle.launcher.daemon.bootstrap.GradleDaemon 8.8
java_class_path (initial): C:\Users\rizta\.gradle\wrapper\dists\gradle-8.8-bin\dl7vupf4psengwqhwktix4v1\gradle-8.8\lib\gradle-launcher-8.8.jar
Launcher Type: SUN_STANDARD

[Global flags]
     intx CICompilerCount                          = 3                                         {product} {ergonomic}
     uint ConcGCThreads                            = 1                                         {product} {ergonomic}
     uint G1ConcRefinementThreads                  = 4                                         {product} {ergonomic}
   size_t G1HeapRegionSize                         = 1048576                                   {product} {ergonomic}
    uintx GCDrainStackTargetSize                   = 64                                        {product} {ergonomic}
   size_t InitialHeapSize                          = 333447168                                 {product} {ergonomic}
   size_t MarkStackSize                            = 4194304                                   {product} {ergonomic}
   size_t MaxHeapSize                              = 2147483648                                {product} {command line}
   size_t MaxNewSize                               = 1287651328                                {product} {ergonomic}
   size_t MinHeapDeltaBytes                        = 1048576                                   {product} {ergonomic}
   size_t MinHeapSize                              = 8388608                                   {product} {ergonomic}
    uintx NonNMethodCodeHeapSize                   = 5832780                                {pd product} {ergonomic}
    uintx NonProfiledCodeHeapSize                  = 122912730                              {pd product} {ergonomic}
    uintx ProfiledCodeHeapSize                     = 122912730                              {pd product} {ergonomic}
    uintx ReservedCodeCacheSize                    = 251658240                              {pd product} {ergonomic}
     bool SegmentedCodeCache                       = true                                      {product} {ergonomic}
   size_t SoftMaxHeapSize                          = 2147483648                             {manageable} {ergonomic}
     bool UseCompressedClassPointers               = true                           {product lp64_product} {ergonomic}
     bool UseCompressedOops                        = true                           {product lp64_product} {ergonomic}
     bool UseG1GC                                  = true                                      {product} {ergonomic}
     bool UseLargePagesIndividualAllocation        = false                                  {pd product} {ergonomic}

Logging:
Log output configuration:
 #0: stdout all=warning uptime,level,tags
 #1: stderr all=off uptime,level,tags

Environment Variables:
JAVA_HOME=G:\Android\Android Studio\jbr
PATH=C:\WINDOWS\system32;C:\WINDOWS;C:\WINDOWS\System32\Wbem;C:\WINDOWS\System32\WindowsPowerShell\v1.0\;C:\WINDOWS\System32\OpenSSH\;C:\Program Files\Git\cmd;C:\Program Files\dotnet\;C:\xampp\php;C:\ProgramData\ComposerSetup\bin;G:\Android\Android Studio\bin;C:\Users\rizta\AppData\Local\Android\Sdk\platform-tools;C:\Users\rizta\AppData\Local\Android\Sdk\emulator;C:\Users\rizta\AppData\Local\Android\Sdk\cmdline-tools\latest\bin;G:\Android\Android Studio\jbr\bin;C:\Program Files\nodejs\;C:\Users\rizta\AppData\Local\Programs\OpenAI\Codex\bin;C:\Users\rizta\AppData\Local\Microsoft\WindowsApps;C:\Users\rizta\AppData\Local\Python\bin;C:\Users\rizta\AppData\Local\Programs\Microsoft VS Code\bin;C:\Users\rizta\AppData\Local\GitHubDesktop\bin;C:\Users\rizta\AppData\Roaming\Composer\vendor\bin;C:\Users\rizta\AppData\Roaming\npm;C:\Users\rizta\AppData\Local\Programs\DockerDesktop\resources\bin
USERNAME=rizta
OS=Windows_NT
PROCESSOR_IDENTIFIER=Intel64 Family 6 Model 142 Stepping 12, GenuineIntel
TMP=C:\Users\rizta\AppData\Local\Temp
TEMP=C:\Users\rizta\AppData\Local\Temp



Periodic native trim disabled


---------------  S Y S T E M  ---------------

OS:
 Windows 11 , 64 bit Build 26100 (10.0.26100.9444)
OS uptime: 0 days 15:20 hours
Hyper-V role detected

CPU: total 4 (initial active 4) (2 cores per cpu, 2 threads per core) family 6 model 142 stepping 12 microcode 0xfc, cx8, cmov, fxsr, ht, mmx, 3dnowpref, sse, sse2, sse3, ssse3, sse4.1, sse4.2, popcnt, lzcnt, tsc, tscinvbit, avx, avx2, aes, erms, clmul, bmi1, bmi2, adx, fma, vzeroupper, clflush, clflushopt, hv
Processor Information for all 4 processors :
  Max Mhz: 2592, Current Mhz: 2093, Mhz Limit: 2073

Memory: 4k page, system-wide physical 20317M (1187M free)
TotalPageFile size 29469M (AvailPageFile size 929M)
current process WorkingSet (physical memory assigned to process): 189M, peak: 203M
current process commit charge ("private bytes"): 446M, peak: 469M

vm_info: OpenJDK 64-Bit Server VM (17.0.11+9) for windows-amd64 JRE (17.0.11+9), built on Apr 17 2024 06:07:48 by "admin" with MS VC++ 16.10 / 16.11 (VS2019)

END.
