#
# There is insufficient memory for the Java Runtime Environment to continue.
# Native memory allocation (mmap) failed to map 65536 bytes. Error detail: Failed to commit metaspace.
# Possible reasons:
#   The system is out of physical RAM or swap space
#   This process is running with CompressedOops enabled, and the Java Heap may be blocking the growth of the native heap
# Possible solutions:
#   Reduce memory load on the system
#   Increase physical memory or swap space
#   Check if swap backing store is full
#   Decrease Java heap size (-Xmx/-Xms)
#   Decrease number of Java threads
#   Decrease Java thread stack sizes (-Xss)
#   Set larger code cache with -XX:ReservedCodeCacheSize=
#   JVM is running with Unscaled Compressed Oops mode in which the Java heap is
#     placed in the first 4GB address space. The Java Heap base address is the
#     maximum limit for the native heap growth. Please use -XX:HeapBaseMinAddress
#     to set the Java Heap base and to place the Java Heap above 4GB virtual address.
# This output file may be truncated or incomplete.
#
#  Out of Memory Error (virtualSpaceNode.cpp:110), pid=25000, tid=2492
#
# JRE version: OpenJDK Runtime Environment Temurin-17.0.11+9 (17.0.11+9) (build 17.0.11+9)
# Java VM: OpenJDK 64-Bit Server VM Temurin-17.0.11+9 (17.0.11+9, mixed mode, sharing, tiered, compressed oops, compressed class ptrs, g1 gc, windows-amd64)
# No core dump will be written. Minidumps are not enabled by default on client versions of Windows
#

---------------  S U M M A R Y ------------

Command Line: --enable-native-access=ALL-UNNAMED --add-opens=java.base/java.util=ALL-UNNAMED --add-opens=java.base/java.lang=ALL-UNNAMED --add-opens=java.base/java.lang.invoke=ALL-UNNAMED --add-opens=java.prefs/java.util.prefs=ALL-UNNAMED --add-opens=java.base/java.nio.charset=ALL-UNNAMED --add-opens=java.base/java.net=ALL-UNNAMED --add-opens=java.base/java.util.concurrent.atomic=ALL-UNNAMED -Xmx2048m -Dfile.encoding=UTF-8 -Duser.country=ID -Duser.language=en -Duser.variant -javaagent:C:\Users\rizta\.gradle\wrapper\dists\gradle-8.8-bin\dl7vupf4psengwqhwktix4v1\gradle-8.8\lib\agents\gradle-instrumentation-agent-8.8.jar org.gradle.launcher.daemon.bootstrap.GradleDaemon 8.8

Host: Intel(R) Core(TM) i3-10110U CPU @ 2.10GHz, 4 cores, 19G,  Windows 11 , 64 bit Build 26100 (10.0.26100.9444)
Time: Fri Oct  2 16:13:33 2026 SE Asia Standard Time elapsed time: 124.333796 seconds (0d 0h 2m 4s)

---------------  T H R E A D  ---------------

Current thread (0x000001eb94bf3490):  JavaThread "Daemon worker" [_thread_in_vm, id=2492, stack(0x000000a837800000,0x000000a837900000)]

Stack: [0x000000a837800000,0x000000a837900000]
Native frames: (J=compiled Java code, j=interpreted, Vv=VM code, C=native code)
V  [jvm.dll+0x67d429]
V  [jvm.dll+0x834b7a]
V  [jvm.dll+0x83663e]
V  [jvm.dll+0x836ca3]
V  [jvm.dll+0x247dbf]
V  [jvm.dll+0x83083b]
V  [jvm.dll+0x621d56]
V  [jvm.dll+0x1c1b3e]
V  [jvm.dll+0x6246b1]
V  [jvm.dll+0x6226f6]
V  [jvm.dll+0x23c27f]
V  [jvm.dll+0x62c585]
V  [jvm.dll+0x1ebb1b]
V  [jvm.dll+0x1ec055]
V  [jvm.dll+0x1ecb10]
V  [jvm.dll+0x1e1f11]
V  [jvm.dll+0x54250e]
V  [jvm.dll+0x7aecb8]
V  [jvm.dll+0x7aeda4]
V  [jvm.dll+0x4106a5]
V  [jvm.dll+0x416819]
C  [java.dll+0x17ec]

Java frames: (J=compiled Java code, j=interpreted, Vv=VM code)
J 832  java.lang.ClassLoader.defineClass1(Ljava/lang/ClassLoader;Ljava/lang/String;[BIILjava/security/ProtectionDomain;Ljava/lang/String;)Ljava/lang/Class; java.base@17.0.11 (0 bytes) @ 0x000001eb3fffba63 [0x000001eb3fffb9a0+0x00000000000000c3]
J 4207 c2 java.security.SecureClassLoader.defineClass(Ljava/lang/String;[BIILjava/security/CodeSource;)Ljava/lang/Class; java.base@17.0.11 (16 bytes) @ 0x000001eb4020e320 [0x000001eb4020dce0+0x0000000000000640]
J 3848 c2 java.net.URLClassLoader$1.run()Ljava/lang/Class; java.base@17.0.11 (81 bytes) @ 0x000001eb401c5430 [0x000001eb401c3580+0x0000000000001eb0]
J 4269 c2 java.net.URLClassLoader$1.run()Ljava/lang/Object; java.base@17.0.11 (5 bytes) @ 0x000001eb4021ad54 [0x000001eb4021ad20+0x0000000000000034]
J 3968 c2 java.security.AccessController.doPrivileged(Ljava/security/PrivilegedExceptionAction;Ljava/security/AccessControlContext;)Ljava/lang/Object; java.base@17.0.11 (26 bytes) @ 0x000001eb401ec8f8 [0x000001eb401ec8a0+0x0000000000000058]
J 3849 c1 java.net.URLClassLoader.findClass(Ljava/lang/String;)Ljava/lang/Class; java.base@17.0.11 (47 bytes) @ 0x000001eb38c92c6c [0x000001eb38c92b60+0x000000000000010c]
J 3854 c1 java.lang.ClassLoader.loadClass(Ljava/lang/String;Z)Ljava/lang/Class; java.base@17.0.11 (121 bytes) @ 0x000001eb38c94074 [0x000001eb38c93ac0+0x00000000000005b4]
J 3128 c2 java.lang.ClassLoader.loadClass(Ljava/lang/String;)Ljava/lang/Class; java.base@17.0.11 (7 bytes) @ 0x000001eb40146a40 [0x000001eb40146a00+0x0000000000000040]
v  ~StubRoutines::call_stub
j  org.gradle.kotlin.dsl.support.DefaultKotlinScript.<clinit>()V+7
v  ~StubRoutines::call_stub
j  Program.execute(Lorg/gradle/kotlin/dsl/execution/ExecutableProgram$Host;Lorg/gradle/kotlin/dsl/support/KotlinScriptHost;)V+19
j  org.gradle.kotlin.dsl.execution.Interpreter$ProgramHost.eval(Lorg/gradle/kotlin/dsl/execution/CompiledScript;Lorg/gradle/kotlin/dsl/support/KotlinScriptHost;)V+88
j  org.gradle.kotlin.dsl.execution.Interpreter.eval(Ljava/lang/Object;Lorg/gradle/groovy/scripts/ScriptSource;Lorg/gradle/internal/hash/HashCode;Lorg/gradle/api/initialization/dsl/ScriptHandler;Lorg/gradle/api/internal/initialization/ClassLoaderScope;Lorg/gradle/api/internal/initialization/ClassLoaderScope;ZLjava/util/EnumSet;)V+213
j  org.gradle.kotlin.dsl.provider.StandardKotlinScriptEvaluator.evaluate(Ljava/lang/Object;Lorg/gradle/groovy/scripts/ScriptSource;Lorg/gradle/api/initialization/dsl/ScriptHandler;Lorg/gradle/api/internal/initialization/ClassLoaderScope;Lorg/gradle/api/internal/initialization/ClassLoaderScope;ZLjava/util/EnumSet;)V+163
j  org.gradle.kotlin.dsl.provider.KotlinScriptPluginFactory$create$1.invoke(Ljava/lang/Object;)V+41
j  org.gradle.kotlin.dsl.provider.KotlinScriptPluginFactory$create$1.invoke(Ljava/lang/Object;)Ljava/lang/Object;+2
j  org.gradle.kotlin.dsl.provider.KotlinScriptPlugin.apply(Ljava/lang/Object;)V+22
j  org.gradle.configuration.BuildOperationScriptPlugin$1.run(Lorg/gradle/internal/operations/BuildOperationContext;)V+11
j  org.gradle.internal.operations.DefaultBuildOperationRunner$1.execute(Lorg/gradle/internal/operations/RunnableBuildOperation;Lorg/gradle/internal/operations/BuildOperationContext;)V+2
j  org.gradle.internal.operations.DefaultBuildOperationRunner$1.execute(Lorg/gradle/internal/operations/BuildOperation;Lorg/gradle/internal/operations/BuildOperationContext;)V+6
j  org.gradle.internal.operations.DefaultBuildOperationRunner$2.execute(Lorg/gradle/internal/operations/BuildOperationDescriptor;Lorg/gradle/internal/operations/BuildOperationState;Lorg/gradle/internal/operations/BuildOperationState;Lorg/gradle/internal/operations/DefaultBuildOperationRunner$ReadableBuildOperationContext;Lorg/gradle/internal/operations/DefaultBuildOperationRunner$BuildOperationExecutionListener;)Lorg/gradle/internal/operations/BuildOperation;+22
j  org.gradle.internal.operations.DefaultBuildOperationRunner$2.execute(Lorg/gradle/internal/operations/BuildOperationDescriptor;Lorg/gradle/internal/operations/BuildOperationState;Lorg/gradle/internal/operations/BuildOperationState;Lorg/gradle/internal/operations/DefaultBuildOperationRunner$ReadableBuildOperationContext;Lorg/gradle/internal/operations/DefaultBuildOperationRunner$BuildOperationExecutionListener;)Ljava/lang/Object;+8
j  org.gradle.internal.operations.DefaultBuildOperationRunner.execute(Lorg/gradle/internal/operations/BuildOperationDescriptor$Builder;Lorg/gradle/internal/operations/BuildOperationState;Lorg/gradle/internal/operations/DefaultBuildOperationRunner$BuildOperationExecution;)Ljava/lang/Object;+141
j  org.gradle.internal.operations.DefaultBuildOperationRunner.execute(Lorg/gradle/internal/operations/BuildOperation;Lorg/gradle/internal/operations/BuildOperationWorker;Lorg/gradle/internal/operations/BuildOperationState;)V+18
j  org.gradle.internal.operations.DefaultBuildOperationRunner.run(Lorg/gradle/internal/operations/RunnableBuildOperation;)V+9
j  org.gradle.configuration.BuildOperationScriptPlugin.lambda$apply$0(Ljava/lang/Object;Lorg/gradle/internal/code/UserCodeApplicationId;)V+14
j  org.gradle.configuration.BuildOperationScriptPlugin$$Lambda$511+0x000001eb504865c8.execute(Ljava/lang/Object;)V+12
j  org.gradle.internal.code.DefaultUserCodeApplicationContext.apply(Lorg/gradle/internal/code/UserCodeSource;Lorg/gradle/api/Action;)V+37
j  org.gradle.configuration.BuildOperationScriptPlugin.apply(Ljava/lang/Object;)V+71
j  org.gradle.initialization.ScriptEvaluatingSettingsProcessor.applySettingsScript(Lorg/gradle/groovy/scripts/TextResourceScriptSource;Lorg/gradle/api/internal/SettingsInternal;)V+32
j  org.gradle.initialization.ScriptEvaluatingSettingsProcessor.process(Lorg/gradle/api/internal/GradleInternal;Lorg/gradle/initialization/SettingsLocation;Lorg/gradle/api/internal/initialization/ClassLoaderScope;Lorg/gradle/StartParameter;)Lorg/gradle/initialization/SettingsState;+90
j  org.gradle.initialization.SettingsEvaluatedCallbackFiringSettingsProcessor.process(Lorg/gradle/api/internal/GradleInternal;Lorg/gradle/initialization/SettingsLocation;Lorg/gradle/api/internal/initialization/ClassLoaderScope;Lorg/gradle/StartParameter;)Lorg/gradle/initialization/SettingsState;+9
j  org.gradle.initialization.RootBuildCacheControllerSettingsProcessor.process(Lorg/gradle/api/internal/GradleInternal;Lorg/gradle/initialization/SettingsLocation;Lorg/gradle/api/internal/initialization/ClassLoaderScope;Lorg/gradle/StartParameter;)Lorg/gradle/initialization/SettingsState;+9
j  org.gradle.initialization.BuildOperationSettingsProcessor$2.call(Lorg/gradle/internal/operations/BuildOperationContext;)Lorg/gradle/initialization/SettingsState;+23
j  org.gradle.initialization.BuildOperationSettingsProcessor$2.call(Lorg/gradle/internal/operations/BuildOperationContext;)Ljava/lang/Object;+2
j  org.gradle.internal.operations.DefaultBuildOperationRunner$CallableBuildOperationWorker.execute(Lorg/gradle/internal/operations/CallableBuildOperation;Lorg/gradle/internal/operations/BuildOperationContext;)V+3
j  org.gradle.internal.operations.DefaultBuildOperationRunner$CallableBuildOperationWorker.execute(Lorg/gradle/internal/operations/BuildOperation;Lorg/gradle/internal/operations/BuildOperationContext;)V+6
j  org.gradle.internal.operations.DefaultBuildOperationRunner$2.execute(Lorg/gradle/internal/operations/BuildOperationDescriptor;Lorg/gradle/internal/operations/BuildOperationState;Lorg/gradle/internal/operations/BuildOperationState;Lorg/gradle/internal/operations/DefaultBuildOperationRunner$ReadableBuildOperationContext;Lorg/gradle/internal/operations/DefaultBuildOperationRunner$BuildOperationExecutionListener;)Lorg/gradle/internal/operations/BuildOperation;+22
j  org.gradle.internal.operations.DefaultBuildOperationRunner$2.execute(Lorg/gradle/internal/operations/BuildOperationDescriptor;Lorg/gradle/internal/operations/BuildOperationState;Lorg/gradle/internal/operations/BuildOperationState;Lorg/gradle/internal/operations/DefaultBuildOperationRunner$ReadableBuildOperationContext;Lorg/gradle/internal/operations/DefaultBuildOperationRunner$BuildOperationExecutionListener;)Ljava/lang/Object;+8
j  org.gradle.internal.operations.DefaultBuildOperationRunner.execute(Lorg/gradle/internal/operations/BuildOperationDescriptor$Builder;Lorg/gradle/internal/operations/BuildOperationState;Lorg/gradle/internal/operations/DefaultBuildOperationRunner$BuildOperationExecution;)Ljava/lang/Object;+141
j  org.gradle.internal.operations.DefaultBuildOperationRunner.execute(Lorg/gradle/internal/operations/BuildOperation;Lorg/gradle/internal/operations/BuildOperationWorker;Lorg/gradle/internal/operations/BuildOperationState;)V+18
j  org.gradle.internal.operations.DefaultBuildOperationRunner.call(Lorg/gradle/internal/operations/CallableBuildOperation;)Ljava/lang/Object;+16
j  org.gradle.initialization.BuildOperationSettingsProcessor.process(Lorg/gradle/api/internal/GradleInternal;Lorg/gradle/initialization/SettingsLocation;Lorg/gradle/api/internal/initialization/ClassLoaderScope;Lorg/gradle/StartParameter;)Lorg/gradle/initialization/SettingsState;+17
j  org.gradle.initialization.DefaultSettingsLoader.findSettingsAndLoadIfAppropriate(Lorg/gradle/api/internal/GradleInternal;Lorg/gradle/StartParameter;Lorg/gradle/initialization/SettingsLocation;Lorg/gradle/api/internal/initialization/ClassLoaderScope;)Lorg/gradle/initialization/SettingsState;+9
j  org.gradle.initialization.DefaultSettingsLoader.findAndLoadSettings(Lorg/gradle/api/internal/GradleInternal;)Lorg/gradle/initialization/SettingsState;+33
j  org.gradle.initialization.SettingsAttachingSettingsLoader.findAndLoadSettings(Lorg/gradle/api/internal/GradleInternal;)Lorg/gradle/initialization/SettingsState;+5
j  org.gradle.internal.composite.CommandLineIncludedBuildSettingsLoader.findAndLoadSettings(Lorg/gradle/api/internal/GradleInternal;)Lorg/gradle/initialization/SettingsState;+5
j  org.gradle.internal.composite.ChildBuildRegisteringSettingsLoader.findAndLoadSettings(Lorg/gradle/api/internal/GradleInternal;)Lorg/gradle/initialization/SettingsState;+5
j  org.gradle.internal.composite.CompositeBuildSettingsLoader.findAndLoadSettings(Lorg/gradle/api/internal/GradleInternal;)Lorg/gradle/initialization/SettingsState;+5
j  org.gradle.initialization.InitScriptHandlingSettingsLoader.findAndLoadSettings(Lorg/gradle/api/internal/GradleInternal;)Lorg/gradle/initialization/SettingsState;+13
j  org.gradle.api.internal.initialization.CacheConfigurationsHandlingSettingsLoader.findAndLoadSettings(Lorg/gradle/api/internal/GradleInternal;)Lorg/gradle/initialization/SettingsState;+15
j  org.gradle.initialization.GradlePropertiesHandlingSettingsLoader.findAndLoadSettings(Lorg/gradle/api/internal/GradleInternal;)Lorg/gradle/initialization/SettingsState;+40
j  org.gradle.initialization.DefaultSettingsPreparer.prepareSettings(Lorg/gradle/api/internal/GradleInternal;)V+33
j  org.gradle.initialization.BuildOperationFiringSettingsPreparer$LoadBuild.doLoadBuild()V+11
j  org.gradle.initialization.BuildOperationFiringSettingsPreparer$LoadBuild.run(Lorg/gradle/internal/operations/BuildOperationContext;)V+1
j  org.gradle.internal.operations.DefaultBuildOperationRunner$1.execute(Lorg/gradle/internal/operations/RunnableBuildOperation;Lorg/gradle/internal/operations/BuildOperationContext;)V+2
j  org.gradle.internal.operations.DefaultBuildOperationRunner$1.execute(Lorg/gradle/internal/operations/BuildOperation;Lorg/gradle/internal/operations/BuildOperationContext;)V+6
j  org.gradle.internal.operations.DefaultBuildOperationRunner$2.execute(Lorg/gradle/internal/operations/BuildOperationDescriptor;Lorg/gradle/internal/operations/BuildOperationState;Lorg/gradle/internal/operations/BuildOperationState;Lorg/gradle/internal/operations/DefaultBuildOperationRunner$ReadableBuildOperationContext;Lorg/gradle/internal/operations/DefaultBuildOperationRunner$BuildOperationExecutionListener;)Lorg/gradle/internal/operations/BuildOperation;+22
j  org.gradle.internal.operations.DefaultBuildOperationRunner$2.execute(Lorg/gradle/internal/operations/BuildOperationDescriptor;Lorg/gradle/internal/operations/BuildOperationState;Lorg/gradle/internal/operations/BuildOperationState;Lorg/gradle/internal/operations/DefaultBuildOperationRunner$ReadableBuildOperationContext;Lorg/gradle/internal/operations/DefaultBuildOperationRunner$BuildOperationExecutionListener;)Ljava/lang/Object;+8
j  org.gradle.internal.operations.DefaultBuildOperationRunner.execute(Lorg/gradle/internal/operations/BuildOperationDescriptor$Builder;Lorg/gradle/internal/operations/BuildOperationState;Lorg/gradle/internal/operations/DefaultBuildOperationRunner$BuildOperationExecution;)Ljava/lang/Object;+141
j  org.gradle.internal.operations.DefaultBuildOperationRunner.execute(Lorg/gradle/internal/operations/BuildOperation;Lorg/gradle/internal/operations/BuildOperationWorker;Lorg/gradle/internal/operations/BuildOperationState;)V+18
j  org.gradle.internal.operations.DefaultBuildOperationRunner.run(Lorg/gradle/internal/operations/RunnableBuildOperation;)V+9
j  org.gradle.initialization.BuildOperationFiringSettingsPreparer.prepareSettings(Lorg/gradle/api/internal/GradleInternal;)V+31
j  org.gradle.initialization.VintageBuildModelController.lambda$prepareSettings$1()V+8
j  org.gradle.initialization.VintageBuildModelController$$Lambda$306+0x000001eb50331670.run()V+4
j  org.gradle.internal.model.StateTransitionController.lambda$doTransition$14(Ljava/lang/Runnable;)Lorg/gradle/internal/build/ExecutionResult;+1
j  org.gradle.internal.model.StateTransitionController$$Lambda$308+0x000001eb50331ab0.get()Ljava/lang/Object;+4
j  org.gradle.internal.model.StateTransitionController.doTransition(Lorg/gradle/internal/model/StateTransitionController$State;Lorg/gradle/internal/model/StateTransitionController$State;Ljava/util/function/Supplier;)Lorg/gradle/internal/build/ExecutionResult;+24
j  org.gradle.internal.model.StateTransitionController.doTransition(Lorg/gradle/internal/model/StateTransitionController$State;Lorg/gradle/internal/model/StateTransitionController$State;Ljava/lang/Runnable;)V+9
j  org.gradle.internal.model.StateTransitionController.lambda$transitionIfNotPreviously$11(Lorg/gradle/internal/model/StateTransitionController$State;Lorg/gradle/internal/model/StateTransitionController$State;Ljava/lang/Runnable;)V+16
j  org.gradle.internal.model.StateTransitionController$$Lambda$307+0x000001eb50331890.run()V+16
j  org.gradle.internal.work.DefaultSynchronizer.withLock(Ljava/lang/Runnable;)V+6
j  org.gradle.internal.model.StateTransitionController.transitionIfNotPreviously(Lorg/gradle/internal/model/StateTransitionController$State;Lorg/gradle/internal/model/StateTransitionController$State;Ljava/lang/Runnable;)V+13
j  org.gradle.initialization.VintageBuildModelController.prepareSettings()V+16
j  org.gradle.initialization.VintageBuildModelController.getConfiguredModel()Lorg/gradle/api/internal/GradleInternal;+1
j  org.gradle.internal.build.DefaultBuildLifecycleController.lambda$withProjectsConfigured$1(Ljava/util/function/Function;)Ljava/lang/Object;+5
j  org.gradle.internal.build.DefaultBuildLifecycleController$$Lambda$304+0x000001eb50331230.get()Ljava/lang/Object;+8
j  org.gradle.internal.model.StateTransitionController.lambda$notInState$3(Lorg/gradle/internal/model/StateTransitionController$State;Ljava/util/function/Supplier;)Ljava/lang/Object;+11
j  org.gradle.internal.model.StateTransitionController$$Lambda$305+0x000001eb50331450.create()Ljava/lang/Object;+12
j  org.gradle.internal.work.DefaultSynchronizer.withLock(Lorg/gradle/internal/Factory;)Ljava/lang/Object;+6
j  org.gradle.internal.model.StateTransitionController.notInState(Lorg/gradle/internal/model/StateTransitionController$State;Ljava/util/function/Supplier;)Ljava/lang/Object;+12
j  org.gradle.internal.build.DefaultBuildLifecycleController.withProjectsConfigured(Ljava/util/function/Function;)Ljava/lang/Object;+14
j  org.gradle.internal.build.DefaultBuildToolingModelController.locateBuilderForTarget(Ljava/lang/String;Z)Lorg/gradle/tooling/provider/model/internal/ToolingModelScope;+38
j  org.gradle.internal.buildtree.DefaultBuildTreeModelCreator$DefaultBuildTreeModelController.lambda$locateBuilderForTarget$0(Ljava/lang/String;ZLorg/gradle/internal/build/BuildToolingModelController;)Lorg/gradle/tooling/provider/model/internal/ToolingModelScope;+3
j  org.gradle.internal.buildtree.DefaultBuildTreeModelCreator$DefaultBuildTreeModelController$$Lambda$301+0x000001eb50323810.apply(Ljava/lang/Object;)Ljava/lang/Object;+12
j  org.gradle.internal.build.DefaultBuildLifecycleController.withToolingModels(Ljava/util/function/Function;)Ljava/lang/Object;+15
j  org.gradle.internal.build.AbstractBuildState.withToolingModels(Ljava/util/function/Function;)Ljava/lang/Object;+5
j  org.gradle.internal.buildtree.DefaultBuildTreeModelCreator$DefaultBuildTreeModelController.locateBuilderForTarget(Lorg/gradle/internal/build/BuildState;Ljava/lang/String;Z)Lorg/gradle/tooling/provider/model/internal/ToolingModelScope;+8
j  org.gradle.internal.buildtree.DefaultBuildTreeModelCreator$DefaultBuildTreeModelController.locateBuilderForDefaultTarget(Ljava/lang/String;Z)Lorg/gradle/tooling/provider/model/internal/ToolingModelScope;+10
j  org.gradle.tooling.internal.provider.runner.BuildModelActionRunner$ModelCreateAction.fromBuildModel(Lorg/gradle/internal/buildtree/BuildTreeModelController;)Ljava/lang/Object;+11
j  org.gradle.internal.buildtree.DefaultBuildTreeModelCreator.fromBuildModel(Lorg/gradle/internal/buildtree/BuildTreeModelAction;)Ljava/lang/Object;+10
j  org.gradle.internal.buildtree.DefaultBuildTreeLifecycleController.lambda$fromBuildModel$2(Lorg/gradle/internal/buildtree/BuildTreeModelAction;Z)Lorg/gradle/internal/build/ExecutionResult;+57
j  org.gradle.internal.buildtree.DefaultBuildTreeLifecycleController$$Lambda$297+0x000001eb50322928.get()Ljava/lang/Object;+12
j  org.gradle.internal.buildtree.DefaultBuildTreeLifecycleController.lambda$runBuild$4(Ljava/util/function/Supplier;)Ljava/lang/Object;+1
j  org.gradle.internal.buildtree.DefaultBuildTreeLifecycleController$$Lambda$298+0x000001eb50322b48.get()Ljava/lang/Object;+8
j  org.gradle.internal.model.StateTransitionController.lambda$transition$6(Ljava/util/function/Supplier;)Lorg/gradle/internal/build/ExecutionResult;+1
j  org.gradle.internal.model.StateTransitionController$$Lambda$300+0x000001eb50322f88.get()Ljava/lang/Object;+4
j  org.gradle.internal.model.StateTransitionController.doTransition(Lorg/gradle/internal/model/StateTransitionController$State;Lorg/gradle/internal/model/StateTransitionController$State;Ljava/util/function/Supplier;)Lorg/gradle/internal/build/ExecutionResult;+24
j  org.gradle.internal.model.StateTransitionController.lambda$transition$7(Lorg/gradle/internal/model/StateTransitionController$State;Lorg/gradle/internal/model/StateTransitionController$State;Ljava/util/function/Supplier;)Ljava/lang/Object;+9
j  org.gradle.internal.model.StateTransitionController$$Lambda$299+0x000001eb50322d68.create()Ljava/lang/Object;+16
j  org.gradle.internal.work.DefaultSynchronizer.withLock(Lorg/gradle/internal/Factory;)Ljava/lang/Object;+6
j  org.gradle.internal.model.StateTransitionController.transition(Lorg/gradle/internal/model/StateTransitionController$State;Lorg/gradle/internal/model/StateTransitionController$State;Ljava/util/function/Supplier;)Ljava/lang/Object;+13
j  org.gradle.internal.buildtree.DefaultBuildTreeLifecycleController.runBuild(Ljava/util/function/Supplier;)Ljava/lang/Object;+17
j  org.gradle.internal.buildtree.DefaultBuildTreeLifecycleController.fromBuildModel(ZLorg/gradle/internal/buildtree/BuildTreeModelAction;)Ljava/lang/Object;+9
j  org.gradle.tooling.internal.provider.runner.BuildModelActionRunner.run(Lorg/gradle/internal/invocation/BuildAction;Lorg/gradle/internal/buildtree/BuildTreeLifecycleController;)Lorg/gradle/internal/buildtree/BuildActionRunner$Result;+40
j  org.gradle.launcher.exec.ChainingBuildActionRunner.run(Lorg/gradle/internal/invocation/BuildAction;Lorg/gradle/internal/buildtree/BuildTreeLifecycleController;)Lorg/gradle/internal/buildtree/BuildActionRunner$Result;+34
j  org.gradle.internal.buildtree.ProblemReportingBuildActionRunner.run(Lorg/gradle/internal/invocation/BuildAction;Lorg/gradle/internal/buildtree/BuildTreeLifecycleController;)Lorg/gradle/internal/buildtree/BuildActionRunner$Result;+12
j  org.gradle.launcher.exec.BuildOutcomeReportingBuildActionRunner.run(Lorg/gradle/internal/invocation/BuildAction;Lorg/gradle/internal/buildtree/BuildTreeLifecycleController;)Lorg/gradle/internal/buildtree/BuildActionRunner$Result;+69
j  org.gradle.tooling.internal.provider.FileSystemWatchingBuildActionRunner.run(Lorg/gradle/internal/invocation/BuildAction;Lorg/gradle/internal/buildtree/BuildTreeLifecycleController;)Lorg/gradle/internal/buildtree/BuildActionRunner$Result;+335
j  org.gradle.launcher.exec.BuildCompletionNotifyingBuildActionRunner.run(Lorg/gradle/internal/invocation/BuildAction;Lorg/gradle/internal/buildtree/BuildTreeLifecycleController;)Lorg/gradle/internal/buildtree/BuildActionRunner$Result;+6
j  org.gradle.launcher.exec.RootBuildLifecycleBuildActionExecutor.lambda$execute$0(Lorg/gradle/internal/invocation/BuildAction;Lorg/gradle/internal/buildtree/BuildTreeLifecycleController;)Lorg/gradle/internal/buildtree/BuildActionRunner$Result;+6
j  org.gradle.launcher.exec.RootBuildLifecycleBuildActionExecutor$$Lambda$268+0x000001eb50310200.apply(Ljava/lang/Object;)Ljava/lang/Object;+12
j  org.gradle.composite.internal.DefaultRootBuildState.run(Ljava/util/function/Function;)Ljava/lang/Object;+87
j  org.gradle.launcher.exec.RootBuildLifecycleBuildActionExecutor.execute(Lorg/gradle/internal/invocation/BuildAction;Lorg/gradle/internal/buildtree/BuildTreeContext;)Lorg/gradle/internal/buildtree/BuildActionRunner$Result;+28
j  org.gradle.internal.buildtree.InitDeprecationLoggingActionExecutor.execute(Lorg/gradle/internal/invocation/BuildAction;Lorg/gradle/internal/buildtree/BuildTreeContext;)Lorg/gradle/internal/buildtree/BuildActionRunner$Result;+83
j  org.gradle.internal.buildtree.InitProblems.execute(Lorg/gradle/internal/invocation/BuildAction;Lorg/gradle/internal/buildtree/BuildTreeContext;)Lorg/gradle/internal/buildtree/BuildActionRunner$Result;+13
j  org.gradle.internal.buildtree.DefaultBuildTreeContext.execute(Lorg/gradle/internal/invocation/BuildAction;)Lorg/gradle/internal/buildtree/BuildActionRunner$Result;+64
j  org.gradle.launcher.exec.BuildTreeLifecycleBuildActionExecutor.lambda$execute$0(Lorg/gradle/internal/invocation/BuildAction;Lorg/gradle/internal/buildtree/BuildTreeContext;)Lorg/gradle/internal/buildtree/BuildActionRunner$Result;+2
j  org.gradle.launcher.exec.BuildTreeLifecycleBuildActionExecutor$$Lambda$209+0x000001eb5026b090.apply(Ljava/lang/Object;)Ljava/lang/Object;+8
j  org.gradle.internal.buildtree.BuildTreeState.run(Ljava/util/function/Function;)Ljava/lang/Object;+45
j  org.gradle.launcher.exec.BuildTreeLifecycleBuildActionExecutor.execute(Lorg/gradle/internal/invocation/BuildAction;Lorg/gradle/internal/session/BuildSessionContext;)Lorg/gradle/internal/buildtree/BuildActionRunner$Result;+74
j  org.gradle.launcher.exec.RunAsBuildOperationBuildActionExecutor$3.call(Lorg/gradle/internal/operations/BuildOperationContext;)Lorg/gradle/internal/buildtree/BuildActionRunner$Result;+25
j  org.gradle.launcher.exec.RunAsBuildOperationBuildActionExecutor$3.call(Lorg/gradle/internal/operations/BuildOperationContext;)Ljava/lang/Object;+2
j  org.gradle.internal.operations.DefaultBuildOperationRunner$CallableBuildOperationWorker.execute(Lorg/gradle/internal/operations/CallableBuildOperation;Lorg/gradle/internal/operations/BuildOperationContext;)V+3
j  org.gradle.internal.operations.DefaultBuildOperationRunner$CallableBuildOperationWorker.execute(Lorg/gradle/internal/operations/BuildOperation;Lorg/gradle/internal/operations/BuildOperationContext;)V+6
j  org.gradle.internal.operations.DefaultBuildOperationRunner$2.execute(Lorg/gradle/internal/operations/BuildOperationDescriptor;Lorg/gradle/internal/operations/BuildOperationState;Lorg/gradle/internal/operations/BuildOperationState;Lorg/gradle/internal/operations/DefaultBuildOperationRunner$ReadableBuildOperationContext;Lorg/gradle/internal/operations/DefaultBuildOperationRunner$BuildOperationExecutionListener;)Lorg/gradle/internal/operations/BuildOperation;+22
j  org.gradle.internal.operations.DefaultBuildOperationRunner$2.execute(Lorg/gradle/internal/operations/BuildOperationDescriptor;Lorg/gradle/internal/operations/BuildOperationState;Lorg/gradle/internal/operations/BuildOperationState;Lorg/gradle/internal/operations/DefaultBuildOperationRunner$ReadableBuildOperationContext;Lorg/gradle/internal/operations/DefaultBuildOperationRunner$BuildOperationExecutionListener;)Ljava/lang/Object;+8
j  org.gradle.internal.operations.DefaultBuildOperationRunner.execute(Lorg/gradle/internal/operations/BuildOperationDescriptor$Builder;Lorg/gradle/internal/operations/BuildOperationState;Lorg/gradle/internal/operations/DefaultBuildOperationRunner$BuildOperationExecution;)Ljava/lang/Object;+141
j  org.gradle.internal.operations.DefaultBuildOperationRunner.execute(Lorg/gradle/internal/operations/BuildOperation;Lorg/gradle/internal/operations/BuildOperationWorker;Lorg/gradle/internal/operations/BuildOperationState;)V+18
j  org.gradle.internal.operations.DefaultBuildOperationRunner.call(Lorg/gradle/internal/operations/CallableBuildOperation;)Ljava/lang/Object;+16
j  org.gradle.launcher.exec.RunAsBuildOperationBuildActionExecutor.execute(Lorg/gradle/internal/invocation/BuildAction;Lorg/gradle/internal/session/BuildSessionContext;)Lorg/gradle/internal/buildtree/BuildActionRunner$Result;+23
j  org.gradle.launcher.exec.RunAsWorkerThreadBuildActionExecutor.lambda$execute$0(Lorg/gradle/internal/invocation/BuildAction;Lorg/gradle/internal/session/BuildSessionContext;)Lorg/gradle/internal/buildtree/BuildActionRunner$Result;+6
j  org.gradle.launcher.exec.RunAsWorkerThreadBuildActionExecutor$$Lambda$202+0x000001eb50240238.create()Ljava/lang/Object;+12
j  org.gradle.internal.work.DefaultWorkerLeaseService.withLocks(Ljava/util/Collection;Lorg/gradle/internal/Factory;)Ljava/lang/Object;+28
j  org.gradle.internal.work.DefaultWorkerLeaseService.runAsWorkerThread(Lorg/gradle/internal/Factory;)Ljava/lang/Object;+33
j  org.gradle.launcher.exec.RunAsWorkerThreadBuildActionExecutor.execute(Lorg/gradle/internal/invocation/BuildAction;Lorg/gradle/internal/session/BuildSessionContext;)Lorg/gradle/internal/buildtree/BuildActionRunner$Result;+12
j  org.gradle.tooling.internal.provider.continuous.ContinuousBuildActionExecutor.execute(Lorg/gradle/internal/invocation/BuildAction;Lorg/gradle/internal/session/BuildSessionContext;)Lorg/gradle/internal/buildtree/BuildActionRunner$Result;+58
j  org.gradle.tooling.internal.provider.SubscribableBuildActionExecutor.execute(Lorg/gradle/internal/invocation/BuildAction;Lorg/gradle/internal/session/BuildSessionContext;)Lorg/gradle/internal/buildtree/BuildActionRunner$Result;+30
j  org.gradle.internal.session.DefaultBuildSessionContext.execute(Lorg/gradle/internal/invocation/BuildAction;)Lorg/gradle/internal/buildtree/BuildActionRunner$Result;+64
j  org.gradle.tooling.internal.provider.BuildSessionLifecycleBuildActionExecuter$ActionImpl.apply(Lorg/gradle/internal/session/BuildSessionContext;)Lorg/gradle/launcher/exec/BuildActionResult;+6
j  org.gradle.tooling.internal.provider.BuildSessionLifecycleBuildActionExecuter$ActionImpl.apply(Ljava/lang/Object;)Ljava/lang/Object;+5
j  org.gradle.internal.session.BuildSessionState.run(Ljava/util/function/Function;)Ljava/lang/Object;+5
j  org.gradle.tooling.internal.provider.BuildSessionLifecycleBuildActionExecuter.execute(Lorg/gradle/internal/invocation/BuildAction;Lorg/gradle/launcher/exec/BuildActionParameters;Lorg/gradle/initialization/BuildRequestContext;)Lorg/gradle/launcher/exec/BuildActionResult;+95
j  org.gradle.tooling.internal.provider.BuildSessionLifecycleBuildActionExecuter.execute(Lorg/gradle/internal/invocation/BuildAction;Ljava/lang/Object;Ljava/lang/Object;)Lorg/gradle/launcher/exec/BuildActionResult;+10
j  org.gradle.tooling.internal.provider.StartParamsValidatingActionExecuter.execute(Lorg/gradle/internal/invocation/BuildAction;Lorg/gradle/launcher/exec/BuildActionParameters;Lorg/gradle/initialization/BuildRequestContext;)Lorg/gradle/launcher/exec/BuildActionResult;+203
j  org.gradle.tooling.internal.provider.StartParamsValidatingActionExecuter.execute(Lorg/gradle/internal/invocation/BuildAction;Ljava/lang/Object;Ljava/lang/Object;)Lorg/gradle/launcher/exec/BuildActionResult;+10
j  org.gradle.tooling.internal.provider.SessionFailureReportingActionExecuter.execute(Lorg/gradle/internal/invocation/BuildAction;Lorg/gradle/launcher/exec/BuildActionParameters;Lorg/gradle/initialization/BuildRequestContext;)Lorg/gradle/launcher/exec/BuildActionResult;+7
j  org.gradle.tooling.internal.provider.SessionFailureReportingActionExecuter.execute(Lorg/gradle/internal/invocation/BuildAction;Ljava/lang/Object;Ljava/lang/Object;)Lorg/gradle/launcher/exec/BuildActionResult;+10
j  org.gradle.tooling.internal.provider.SetupLoggingActionExecuter.execute(Lorg/gradle/internal/invocation/BuildAction;Lorg/gradle/launcher/exec/BuildActionParameters;Lorg/gradle/initialization/BuildRequestContext;)Lorg/gradle/launcher/exec/BuildActionResult;+50
j  org.gradle.tooling.internal.provider.SetupLoggingActionExecuter.execute(Lorg/gradle/internal/invocation/BuildAction;Ljava/lang/Object;Ljava/lang/Object;)Lorg/gradle/launcher/exec/BuildActionResult;+10
j  org.gradle.launcher.daemon.server.exec.ExecuteBuild.doBuild(Lorg/gradle/launcher/daemon/server/api/DaemonCommandExecution;Lorg/gradle/launcher/daemon/protocol/Build;)V+117
j  org.gradle.launcher.daemon.server.exec.BuildCommandOnly.execute(Lorg/gradle/launcher/daemon/server/api/DaemonCommandExecution;)V+49
j  org.gradle.launcher.daemon.server.api.DaemonCommandExecution.proceed()Z+23
j  org.gradle.launcher.daemon.server.exec.WatchForDisconnection.execute(Lorg/gradle/launcher/daemon/server/api/DaemonCommandExecution;)V+19
j  org.gradle.launcher.daemon.server.api.DaemonCommandExecution.proceed()Z+23
j  org.gradle.launcher.daemon.server.exec.ResetDeprecationLogger.execute(Lorg/gradle/launcher/daemon/server/api/DaemonCommandExecution;)V+7
j  org.gradle.launcher.daemon.server.api.DaemonCommandExecution.proceed()Z+23
j  org.gradle.launcher.daemon.server.exec.RequestStopIfSingleUsedDaemon.execute(Lorg/gradle/launcher/daemon/server/api/DaemonCommandExecution;)V+33
j  org.gradle.launcher.daemon.server.api.DaemonCommandExecution.proceed()Z+23
j  org.gradle.launcher.daemon.server.exec.ForwardClientInput.lambda$execute$0(Lorg/gradle/launcher/daemon/server/api/DaemonCommandExecution;Lorg/gradle/launcher/daemon/server/api/StdinHandler;)Ljava/lang/Object;+11
j  org.gradle.launcher.daemon.server.exec.ForwardClientInput$$Lambda$107+0x000001eb5013a280.apply(Ljava/lang/Object;)Ljava/lang/Object;+8
j  org.gradle.launcher.daemon.server.clientinput.ClientInputForwarder.forwardInput(Ljava/util/function/Function;)Ljava/lang/Object;+60
j  org.gradle.launcher.daemon.server.exec.ForwardClientInput.execute(Lorg/gradle/launcher/daemon/server/api/DaemonCommandExecution;)V+10
j  org.gradle.launcher.daemon.server.api.DaemonCommandExecution.proceed()Z+23
j  org.gradle.launcher.daemon.server.exec.LogAndCheckHealth.execute(Lorg/gradle/launcher/daemon/server/api/DaemonCommandExecution;)V+51
j  org.gradle.launcher.daemon.server.api.DaemonCommandExecution.proceed()Z+23
j  org.gradle.launcher.daemon.server.exec.LogToClient.doBuild(Lorg/gradle/launcher/daemon/server/api/DaemonCommandExecution;Lorg/gradle/launcher/daemon/protocol/Build;)V+87
j  org.gradle.launcher.daemon.server.exec.BuildCommandOnly.execute(Lorg/gradle/launcher/daemon/server/api/DaemonCommandExecution;)V+49
j  org.gradle.launcher.daemon.server.api.DaemonCommandExecution.proceed()Z+23
j  org.gradle.launcher.daemon.server.exec.EstablishBuildEnvironment.doBuild(Lorg/gradle/launcher/daemon/server/api/DaemonCommandExecution;Lorg/gradle/launcher/daemon/protocol/Build;)V+356
j  org.gradle.launcher.daemon.server.exec.BuildCommandOnly.execute(Lorg/gradle/launcher/daemon/server/api/DaemonCommandExecution;)V+49
j  org.gradle.launcher.daemon.server.api.DaemonCommandExecution.proceed()Z+23
j  org.gradle.launcher.daemon.server.exec.StartBuildOrRespondWithBusy$1.run()V+44
j  org.gradle.launcher.daemon.server.DaemonStateCoordinator$1.run()V+4
j  org.gradle.internal.concurrent.ExecutorPolicy$CatchAndRecordFailures.onExecute(Ljava/lang/Runnable;)V+1
j  org.gradle.internal.concurrent.AbstractManagedExecutor$1.run()V+25
j  java.util.concurrent.ThreadPoolExecutor.runWorker(Ljava/util/concurrent/ThreadPoolExecutor$Worker;)V+92 java.base@17.0.11
j  java.util.concurrent.ThreadPoolExecutor$Worker.run()V+5 java.base@17.0.11
j  java.lang.Thread.run()V+11 java.base@17.0.11
v  ~StubRoutines::call_stub

Compiled method (n/a)  125063  832     n 0       java.lang.ClassLoader::defineClass1 (native)
 total in heap  [0x000001eb3fffb810,0x000001eb3fffbcf0] = 1248
 relocation     [0x000001eb3fffb968,0x000001eb3fffb9a0] = 56
 main code      [0x000001eb3fffb9a0,0x000001eb3fffbcf0] = 848

[Constant Pool (empty)]

[MachCode]
[Entry Point]
  # {method} {0x000001eb4f010f28} 'defineClass1' '(Ljava/lang/ClassLoader;Ljava/lang/String;[BIILjava/security/ProtectionDomain;Ljava/lang/String;)Ljava/lang/Class;' in 'java/lang/ClassLoader'
  # parm0:    rdx:rdx   = 'java/lang/ClassLoader'
  # parm1:    r8:r8     = 'java/lang/String'
  # parm2:    r9:r9     = '[B'
  # parm3:    rdi       = int
  # parm4:    rsi       = int
  # parm5:    rcx:rcx   = 'java/security/ProtectionDomain'
  # parm6:    [sp+0xa0]   = 'java/lang/String'  (sp of caller)
  0x000001eb3fffb9a0: 448b 5208 | 49bb 0000 | 004f eb01 | 0000 4d03 | d349 3bc2 | 0f84 0600 

  0x000001eb3fffb9b8: ;   {runtime_call ic_miss_stub}
  0x000001eb3fffb9b8: 0000 e9c1 | 56a5 ff90 
[Verified Entry Point]
  0x000001eb3fffb9c0: 8984 2400 | 90ff ff55 | 488b ec48 | 81ec 9000 | 0000 4881 | 7d10 0000 | 0000 488d | 4510 480f 
  0x000001eb3fffb9e0: 4445 1048 | 8944 2440 | 4889 4c24 | 7048 83f9 | 0048 8d44 | 2470 480f | 4444 2470 | 4889 4424 
  0x000001eb3fffba00: 3848 8974 | 2430 4889 | 7c24 284c | 894c 2458 | 4983 f900 | 488d 4424 | 5848 0f44 | 4424 5848 
  0x000001eb3fffba20: 8944 2420 | 4c89 4424 | 5049 83f8 | 004c 8d4c | 2450 4c0f | 444c 2450 | 4889 5424 | 4848 83fa 
  0x000001eb3fffba40: 004c 8d44 | 2448 4c0f | 4444 2448 

  0x000001eb3fffba4c: ;   {oop(a 'java/lang/Class'{0x0000000080088550} = 'java/lang/ClassLoader')}
  0x000001eb3fffba4c: 49be 5085 | 0880 0000 | 0000 4c89 | 7424 784c | 8d74 2478 | 498b d6c5 

  0x000001eb3fffba64: ;   {internal_word}
  0x000001eb3fffba64: f877 49ba | 63ba ff3f | eb01 0000 | 4d89 97a0 | 0200 0049 | 89a7 9802 

  0x000001eb3fffba7c: ;   {external_word}
  0x000001eb3fffba7c: 0000 49ba | 5835 1fa2 | fb7f 0000 | 4180 3a00 | 0f84 5200 | 0000 5241 

  0x000001eb3fffba94: ;   {metadata({method} {0x000001eb4f010f28} 'defineClass1' '(Ljava/lang/ClassLoader;Ljava/lang/String;[BIILjava/security/ProtectionDomain;Ljava/lang/String;)Ljava/lang/Class;' in 'java/lang/ClassLoader')}
  0x000001eb3fffba94: 5041 5148 | ba20 0f01 | 4feb 0100 | 0049 8bcf | 4883 ec20 | f7c4 0f00 | 0000 0f84 | 1a00 0000 
  0x000001eb3fffbab4: 4883 ec08 

  0x000001eb3fffbab8: ;   {runtime_call}
  0x000001eb3fffbab8: 49ba 6031 | d5a1 fb7f | 0000 41ff | d248 83c4 | 08e9 0d00 

  0x000001eb3fffbacc: ;   {runtime_call}
  0x000001eb3fffbacc: 0000 49ba | 6031 d5a1 | fb7f 0000 | 41ff d248 | 83c4 2041 | 5941 585a | 498d 8fb8 | 0200 0041 
  0x000001eb3fffbaec: c787 4803 | 0000 0400 

  0x000001eb3fffbaf4: ;   {runtime_call}
  0x000001eb3fffbaf4: 0000 49ba | ac16 b305 | fc7f 0000 | 41ff d2c5 | f877 41c7 | 8748 0300 | 0005 0000 | 00f0 8344 
  0x000001eb3fffbb14: 24c0 0049 | 3baf 5003 | 0000 0f87 | 1100 0000 | 4181 bf38 | 0300 0000 | 0000 000f | 842c 0000 
  0x000001eb3fffbb34: 00c5 f877 | 4889 45f8 | 498b cf4c | 8be4 4883 | ec20 4883 

  0x000001eb3fffbb48: ;   {runtime_call}
  0x000001eb3fffbb48: e4f0 49ba | c045 e5a1 | fb7f 0000 | 41ff d249 | 8be4 4d33 | e448 8b45 | f841 c787 | 4803 0000 
  0x000001eb3fffbb68: 0800 0000 | 4181 bfb8 | 0300 0002 | 0000 000f | 843f 0100 

  0x000001eb3fffbb7c: ;   {external_word}
  0x000001eb3fffbb7c: 0049 ba58 | 351f a2fb | 7f00 0041 | 803a 000f | 8450 0000 | 0048 8945 

  0x000001eb3fffbb94: ;   {metadata({method} {0x000001eb4f010f28} 'defineClass1' '(Ljava/lang/ClassLoader;Ljava/lang/String;[BIILjava/security/ProtectionDomain;Ljava/lang/String;)Ljava/lang/Class;' in 'java/lang/ClassLoader')}
  0x000001eb3fffbb94: f848 ba20 | 0f01 4feb | 0100 0049 | 8bcf 4883 | ec20 f7c4 | 0f00 0000 | 0f84 1a00 | 0000 4883 
  0x000001eb3fffbbb4: ;   {runtime_call}
  0x000001eb3fffbbb4: ec08 49ba | 6031 d5a1 | fb7f 0000 | 41ff d248 | 83c4 08e9 | 0d00 0000 

  0x000001eb3fffbbcc: ;   {runtime_call}
  0x000001eb3fffbbcc: 49ba 6031 | d5a1 fb7f | 0000 41ff | d248 83c4 | 2048 8b45 | f849 c787 | 9802 0000 | 0000 0000 
  0x000001eb3fffbbec: 49c7 87a0 | 0200 0000 | 0000 00c5 | f877 4885 | c00f 8493 | 0000 0048 | f7c0 0100 | 0000 0f84 
  0x000001eb3fffbc0c: 8300 0000 | 488b 40ff | 4180 7f38 | 000f 846f | 0000 0048 | 83f8 000f | 8465 0000 | 0049 8b4f 
  0x000001eb3fffbc2c: 2048 83f9 | 000f 8414 | 0000 0048 | 83e9 0849 | 894f 2049 | 034f 3048 | 8901 e943 | 0000 0050 
  0x000001eb3fffbc4c: 498b d748 | 8bc8 4883 | ec20 f7c4 | 0f00 0000 | 0f84 1a00 | 0000 4883 

  0x000001eb3fffbc64: ;   {runtime_call}
  0x000001eb3fffbc64: ec08 49ba | 604d 94a1 | fb7f 0000 | 41ff d248 | 83c4 08e9 | 0d00 0000 

  0x000001eb3fffbc7c: ;   {runtime_call}
  0x000001eb3fffbc7c: 49ba 604d | 94a1 fb7f | 0000 41ff | d248 83c4 | 2058 e903 | 0000 0048 | 8b00 498b | 8fd8 0000 
  0x000001eb3fffbc9c: 00c7 8100 | 0100 0000 | 0000 00c9 | 4981 7f08 | 0000 0000 | 0f85 0100 

  0x000001eb3fffbcb4: ;   {runtime_call StubRoutines (1)}
  0x000001eb3fffbcb4: 0000 c3e9 | 4452 a0ff | c5f8 7748 | 8945 f84c | 8be4 4883 | ec20 4883 

  0x000001eb3fffbccc: ;   {runtime_call}
  0x000001eb3fffbccc: e4f0 49ba | e061 d5a1 | fb7f 0000 | 41ff d249 | 8be4 4d33 | e448 8b45 | f8e9 93fe | ffff f4f4 
  0x000001eb3fffbcec: f4f4 f4f4 
[/MachCode]


Compiled method (c2)  125305 4207       4       java.security.SecureClassLoader::defineClass (16 bytes)
 total in heap  [0x000001eb4020da10,0x000001eb40211a48] = 16440
 relocation     [0x000001eb4020db68,0x000001eb4020dcd8] = 368
 main code      [0x000001eb4020dce0,0x000001eb40210180] = 9376
 stub code      [0x000001eb40210180,0x000001eb40210230] = 176
 oops           [0x000001eb40210230,0x000001eb40210240] = 16
 metadata       [0x000001eb40210240,0x000001eb402103a8] = 360
 scopes data    [0x000001eb402103a8,0x000001eb402112d0] = 3880
 scopes pcs     [0x000001eb402112d0,0x000001eb40211810] = 1344
 dependencies   [0x000001eb40211810,0x000001eb40211828] = 24
 handler table  [0x000001eb40211828,0x000001eb402119c0] = 408
 nul chk table  [0x000001eb402119c0,0x000001eb40211a48] = 136

[Constant Pool (empty)]

[MachCode]
[Entry Point]
  # {method} {0x000001eb4f434330} 'defineClass' '(Ljava/lang/String;[BIILjava/security/CodeSource;)Ljava/lang/Class;' in 'java/security/SecureClassLoader'
  # this:     rdx:rdx   = 'java/security/SecureClassLoader'
  # parm0:    r8:r8     = 'java/lang/String'
  # parm1:    r9:r9     = '[B'
  # parm2:    rdi       = int
  # parm3:    rsi       = int
  # parm4:    rcx:rcx   = 'java/security/CodeSource'
  #           [sp+0xd0]  (sp of caller)
  0x000001eb4020dce0: 448b 5208 | 49bb 0000 | 004f eb01 | 0000 4d03 | d349 3bc2 

  0x000001eb4020dcf4: ;   {runtime_call ic_miss_stub}
  0x000001eb4020dcf4: 0f85 8633 | 84ff 6690 | 0f1f 4000 
[Verified Entry Point]
  0x000001eb4020dd00: 8984 2400 | 90ff ff55 | 4881 ecc0 | 0000 0089 | 7424 5489 | 7c24 504c | 894c 2448 | 4c89 4424 
  0x000001eb4020dd20: 3848 8954 | 2440 4889 | 4c24 5848 | 85c9 0f84 | a81c 0000 | 4d8b 8708 | 0100 004d | 8bd0 4983 
  0x000001eb4020dd40: c210 4d3b | 9718 0100 | 000f 8396 | 1400 004d | 8997 0801 | 0000 410f | 0d8a c000 | 0000 49c7 
  0x000001eb4020dd60: 0001 0000 

  0x000001eb4020dd64: ;   {metadata('java/security/SecureClassLoader$CodeSourceKey')}
  0x000001eb4020dd64: 0041 c740 | 0860 dc14 | 004c 8b54 | 2458 4d8b | ca45 8948 | 0c49 8b8f | 0801 0000 | 4c8b 5424 
  0x000001eb4020dd84: 4041 8b6a | 504c 8bd1 | 4983 c218 | 4d3b 9718 | 0100 000f | 8368 1400 | 004d 8997 | 0801 0000 
  0x000001eb4020dda4: 410f 0d8a | c000 0000 | 48c7 0101 

  0x000001eb4020ddb0: ;   {metadata('java/security/SecureClassLoader$1')}
  0x000001eb4020ddb0: 0000 00c7 | 4108 70de | 1400 4489 | 6114 4489 | 490c 4c8b | 5424 4044 | 8951 1044 

  0x000001eb4020ddcc: ;   {metadata('java/util/concurrent/ConcurrentHashMap')}
  0x000001eb4020ddcc: 8b55 0841 | 81fa 48e4 | 0000 0f85 | 0c18 0000 | 488b d54c | 8bc9 6690 

  0x000001eb4020dde4: ;   {optimized virtual_call}
  0x000001eb4020dde4: c5f8 77e8 

  0x000001eb4020dde8: ; ImmutableOopMap {[56]=Oop [64]=Oop [72]=Oop }
                      ;*invokeinterface computeIfAbsent {reexecute=0 rethrow=0 return_oop=1}
                      ; - java.security.SecureClassLoader::getProtectionDomain@29 (line 222)
                      ; - java.security.SecureClassLoader::defineClass@9 (line 150)
  0x000001eb4020dde8: 14cc ffff 

  0x000001eb4020ddec: ; implicit exception: dispatches to 0x000001eb4020ff0c
  0x000001eb4020ddec: 448b 5808 

  0x000001eb4020ddf0: ;   {metadata('java/security/ProtectionDomain')}
  0x000001eb4020ddf0: 4181 fb90 | ec00 000f | 850f 2000 | 0048 8984 | 2498 0000 | 004c 8b54 | 2438 458b | 5214 458b 
  0x000001eb4020de10: 6a0c 4585 | ed0f 8605 | 1800 004c | 8b5c 2438 | 450f be5b | 1045 85db | 0f85 9e1a | 0000 4d8b 
  0x000001eb4020de30: c2c4 c1f9 | 6ec0 4d8d | 4210 b82f | 0000 0049 | 8bf8 418b | d548 8bdf | 83fa 100f | 8c79 0000 
  0x000001eb4020de50: 0083 fa20 | 0f8c 3600 | 0000 c5f9 | 6ed0 c4e2 | 7d78 d2c5 | e5ef db8b | ca83 e1e0 | 83e2 1fc5 
  0x000001eb4020de70: fe6f 0bc5 | f574 cac4 | e27d 17d9 | 0f83 6900 | 0000 4883 | c320 83e9 | 2075 e4e9 | 0d00 0000 
  0x000001eb4020de90: c5f9 6ed0 | c5e1 efdb | c4e2 6900 | d383 fa10 | 0f8c 2400 | 0000 8bca | 83e1 f083 | e20f c5fa 
  0x000001eb4020deb0: 6f0b c5f1 | 74ca c4e2 | 7917 d90f | 832a 0000 | 0048 83c3 | 1083 e910 | 75e4 85d2 | 0f84 1200 
  0x000001eb4020ded0: 0000 0fb6 | 0b3b c174 | 1c48 83c3 | 0183 ea01 | 7402 ebee | bbff ffff | ffeb 0dc5 | fdd7 c90f 
  0x000001eb4020def0: bcc1 4803 | d848 2bdf | 83fb ff0f | 1f44 0000 | 0f85 0a1a | 0000 410f | b628 83fd | 5b0f 84ed 
  0x000001eb4020df10: 1a00 0045 | 8bcd 418b | cb41 d3f9 | 418b c983 | c1fb 85c9 | 0f8c 6b00 | 0000 4180 | 386a 0f85 
  0x000001eb4020df30: 6100 0000 | 4183 fd04 | 0f86 1e18 | 0000 6690 | 4180 7a11 | 610f 854a | 0000 0041 | 807a 1276 
  0x000001eb4020df50: 0f85 3f00 | 0000 6666 | 0f1f 8400 | 0000 0000 | 4180 7a13 | 6175 2e41 | 807a 142e 

  0x000001eb4020df6c: ;   {oop(a 'jdk/internal/loader/ClassLoaders$PlatformClassLoader'{0x000000008007bef8})}
  0x000001eb4020df6c: 7527 49bb | f8be 0780 | 0000 0000 | 488b 4c24 | 4066 6690 | 493b cb0f | 85c7 1b00 

  0x000001eb4020df88: ;   {oop(a 'jdk/internal/loader/ClassLoaders$PlatformClassLoader'{0x000000008007bef8})}
  0x000001eb4020df88: 0048 bbf8 | be07 8000 | 0000 00eb | 0548 8b5c | 2440 4c8b | 9c24 9800 | 0000 458b | 7310 458b 
  0x000001eb4020dfa8: d941 ffcb | 418b cdff | c944 3bd9 | 410f 4ccb | 85c9 660f | 1f44 0000 | 0f8c e700 | 0000 413b 
  0x000001eb4020dfc8: cd0f 83d5 | 1500 0085 | c90f 8e85 | 1600 008b | f9ff cf41 | 0fbe 540a | 1083 fa2e | 0f84 d600 
  0x000001eb4020dfe8: 0000 ffc9 | 3bcf 7feb | 83f9 020f | 8e97 0000 | 0044 8bd9 | 4183 c3fe | 4181 fba0 | 0f00 00ba 
  0x000001eb4020e008: a00f 0000 | 440f 47da | 8bf9 412b | fb66 6666 | 0f1f 8400 | 0000 0000 | 4863 f145 | 0fbe 5c32 
  0x000001eb4020e028: 1041 83fb | 2e0f 848d | 0000 0041 | 0fbe 5432 | 0f83 fa2e | 0f1f 4000 | 0f84 6e00 | 0000 450f 
  0x000001eb4020e048: be5c 320e | 4183 fb2e | 0f84 6200 | 0000 450f | be5c 320d | 0f1f 4000 | 4183 fb2e | 0f84 5300 
  0x000001eb4020e068: 0000 83c1 | fc3b cf7f | af49 8b87 | 5803 0000 | 488b 7c24 | 3848 8b94 | 2498 0000 

  0x000001eb4020e084: ; ImmutableOopMap {r10=NarrowOop r8=Derived_oop_xmm0 rbx=Oop rdi=Oop rdx=Oop r14=NarrowOop xmm0=Oop [56]=Oop [64]=Oop [72]=Oop [152]=Oop }
                      ;*goto {reexecute=1 rethrow=0 return_oop=0}
                      ; - (reexecute) java.lang.StringLatin1::lastIndexOf@35 (line 294)
                      ; - java.lang.String::lastIndexOf@13 (line 2489)
                      ; - java.lang.String::lastIndexOf@8 (line 2451)
                      ; - java.lang.ClassLoader::checkCerts@3 (line 1153)
                      ; - java.lang.ClassLoader::preDefineClass@113 (line 907)
                      ; - java.lang.ClassLoader::defineClass@4 (line 1015)
                      ; - java.security.SecureClassLoader::defineClass@12 (line 150)
                      ;   {poll}
  0x000001eb4020e084: 0085 0083 | f902 0f8f | 69ff ffff | 83f9 ff7e | 1866 6690 | 450f be5c | 0a10 6690 | 4183 fb2e 
  0x000001eb4020e0a4: 741a ffc9 | 83f9 ff7f | ebb9 ffff | ffff eb0c | ffc9 eb08 | 83c1 feeb | 0383 c1fd | 83f9 ff0f 
  0x000001eb4020e0c4: 8408 1100 | 0085 c90f | 8c7f 1800 | 0041 3bc9 | 0f8f e619 | 0000 660f | 1f44 0000 | 413b c90f 
  0x000001eb4020e0e4: 84eb 0c00 | 0085 c90f | 84b7 1200 | 0049 8bb7 | 0801 0000 | 4c8b de49 | 83c3 1890 | 4d3b 9f18 
  0x000001eb4020e104: 0100 000f | 8347 1100 | 004d 899f | 0801 0000 | 410f 0d8b | c000 0000 | 48c7 0601 

  0x000001eb4020e120: ;   {metadata('java/lang/String')}
  0x000001eb4020e120: 0000 00c7 | 4608 f0e9 | 0000 4489 | 660c 4c89 | 6610 81f9 | 0000 1000 | 0f87 6215 | 0000 4c63 
  0x000001eb4020e140: d944 3be9 | 8be9 410f | 4ced 443b | ed0f 82c1 | 1500 003b | cd0f 82b9 | 1500 0049 | 83c3 1749 
  0x000001eb4020e160: 8bfb 4883 | e7f8 81f9 | 0000 1000 | 0f87 7311 | 0000 4d8b | 8f08 0100 | 0049 8bd1 | 4803 d790 
  0x000001eb4020e180: 493b 9718 | 0100 000f | 8358 1100 | 0049 8997 | 0801 0000 | 0f0d 8ac0 | 0000 0049 | c701 0100 
  0x000001eb4020e1a0: 0000 0f0d | 8a00 0100 

  0x000001eb4020e1a8: ;   {metadata({type array byte})}
  0x000001eb4020e1a8: 0041 c741 | 0838 6700 | 0041 8949 | 0c0f 0d8a | 4001 0000 | 0f0d 8a80 | 0100 0049 | 8bd1 4883 
  0x000001eb4020e1c8: c210 49c1 | eb03 4d8b | e985 ed0f | 84cf 1400 | 003b e90f | 1f44 0000 | 0f8c 3f0c | 0000 498b 
  0x000001eb4020e1e8: e94d 8bd0 | 4883 c7f0 | 48c1 ef03 | 4c8b c749 | 8bca 660f | 1f44 0000 | c5f8 7749 | ba60 86a3 
  0x000001eb4020e208: 3feb 0100 | 0041 ffd2 | 4c8b cd41 | 807f 3800 | 7500 4489 | 6e14 4d8b | d14c 8bde | 4d33 d349 
  0x000001eb4020e228: c1ea 144d | 85d2 741a | 49c1 eb09 | 48b9 0000 | b047 eb01 | 0000 4903 | cb80 3904 | 0f85 a20c 
  0x000001eb4020e248: 0000 4488 | 6610 418b | 6e14 85ed | 0f85 de17 | 0000 418b | 6e10 6690 | 85ed 0f85 | 1418 0000 
  0x000001eb4020e268: 448b 532c | 4585 d20f | 84ff 1200 | 0048 895c | 2428 498b 

  0x000001eb4020e27c: ;   {oop(a 'java/security/cert/Certificate'[0] {0x00000000800885d0})}
  0x000001eb4020e27c: d249 b9d0 | 8508 8000 | 0000 004c | 8bc6 bf01 | 0000 0090 

  0x000001eb4020e290: ;   {optimized virtual_call}
  0x000001eb4020e290: c5f8 77e8 

  0x000001eb4020e294: ; ImmutableOopMap {[40]=Oop [56]=Oop [64]=Oop [72]=Oop [152]=Oop }
                      ;*invokevirtual putVal {reexecute=0 rethrow=0 return_oop=1}
                      ; - java.util.concurrent.ConcurrentHashMap::putIfAbsent@4 (line 1541)
                      ; - java.lang.ClassLoader::checkCerts@62 (line 1161)
                      ; - java.lang.ClassLoader::preDefineClass@113 (line 907)
                      ; - java.lang.ClassLoader::defineClass@4 (line 1015)
                      ; - java.security.SecureClassLoader::defineClass@12 (line 150)
  0x000001eb4020e294: 281b eaff | 4885 c074 | 1c44 8b58 

  0x000001eb4020e2a0: ;   {metadata('java/security/cert/Certificate'[])}
  0x000001eb4020e2a0: 0841 81fb | 00a4 1200 | 0f85 0e1c | 0000 8b68 | 0c85 ed0f | 8753 1800 | 004c 8b9c | 2498 0000 
  0x000001eb4020e2c0: 0045 8b4b | 1041 8b69 | 0c44 8b55 | 3845 85d2 | 0f84 ae12 | 0000 48ff | b424 9800 | 0000 488f 
  0x000001eb4020e2e0: 4424 5849 | 8bd2 4c8b | c566 6690 

  0x000001eb4020e2ec: ;   {optimized virtual_call}
  0x000001eb4020e2ec: c5f8 77e8 

  0x000001eb4020e2f0: ; ImmutableOopMap {[56]=Oop [64]=Oop [72]=Oop [88]=Oop [152]=Oop }
                      ;*invokevirtual toExternalForm {reexecute=0 rethrow=0 return_oop=1}
                      ; - java.net.URL::toExternalForm@5 (line 1039)
                      ; - java.net.URL::toString@1 (line 1025)
                      ; - java.lang.ClassLoader::defineClassSourceLocation@22 (line 917)
                      ; - java.lang.ClassLoader::defineClass@12 (line 1016)
                      ; - java.security.SecureClassLoader::defineClass@12 (line 150)
  0x000001eb4020e2f0: 2ce2 f4ff | 488b 5424 | 404c 8b44 | 2438 4c8b | 4c24 488b | 7c24 508b | 7424 5448 | 8b8c 2498 
  0x000001eb4020e310: 0000 0048 | 8904 2490 

  0x000001eb4020e318: ;   {static_call}
  0x000001eb4020e318: c5f8 77e8 

  0x000001eb4020e31c: ; ImmutableOopMap {[64]=Oop [88]=Oop [152]=Oop }
                      ;*invokestatic defineClass1 {reexecute=0 rethrow=0 return_oop=1}
                      ; - java.lang.ClassLoader::defineClass@27 (line 1017)
                      ; - java.security.SecureClassLoader::defineClass@12 (line 150)
  0x000001eb4020e31c: a0d6 deff | 4889 4424 | 4844 8b50 | 3c45 85d2 | 7417 498b | da49 bd00 | 00b0 47eb | 0100 000f 
  0x000001eb4020e33c: 1f44 0000 | e993 0300 | 004c 8b50 | 1045 8b5a | 0845 85db | 0f8c 7a14 | 0000 448b | 502c 660f 
  0x000001eb4020e35c: 1f44 0000 | 4585 d20f | 843c 0a00 | 0049 8bc2 | 448b 4014 

  0x000001eb4020e370: ; implicit exception: dispatches to 0x000001eb4020ff6c
  0x000001eb4020e370: 458b 580c | 0fbe 4810 | 458b cb41 | d3f9 418b | f9ff cf85 | c90f 85d5 | 1700 004d | 8bd0 4c89 
  0x000001eb4020e390: 5424 6845 | 8bd3 41ff | ca41 3bfa | 440f 4cd7 | 4585 d20f | 8c5d 0a00 | 0045 85db | 0f86 e213 
  0x000001eb4020e3b0: 0000 453b | d30f 83d9 | 1300 000f | 1f44 0000 | 4585 d20f | 8e2b 1400 | 0041 8bfa 

  0x000001eb4020e3cc: ;   {oop(""{0x00000000800880a0})}
  0x000001eb4020e3cc: ffcf 48bb | a080 0880 | 0000 0000 | 49bd 0000 | b047 eb01 | 0000 430f | be4c 1010 | 83f9 2e0f 
  0x000001eb4020e3ec: 84d1 0000 | 0041 ffca | 443b d77f | e90f 1f80 | 0000 0000 | 4183 fa02 | 0f8e 8100 | 0000 418b 
  0x000001eb4020e40c: d283 c2fe | 81fa a00f | 0000 b9a0 | 0f00 000f | 47d1 418b | f22b f249 | 63d2 410f | be7c 1010 
  0x000001eb4020e42c: 83ff 2e0f | 848d 0000 | 0041 0fbe | 4c10 0f0f | 1f44 0000 | 83f9 2e0f | 846a 0000 | 0041 0fbe 
  0x000001eb4020e44c: 4c10 0e83 | f92e 0f84 | 6000 0000 | 410f be7c | 100d 6690 | 83ff 2e0f | 8455 0000 | 0041 83c2 
  0x000001eb4020e46c: fc44 3bd6 | 7fb1 498b | af58 0300 | 0048 8b4c 

  0x000001eb4020e47c: ; ImmutableOopMap {r8=NarrowOop rcx=Oop rbx=Oop rax=Oop [64]=Oop [72]=Oop [88]=Oop [104]=Oop }
                      ;*goto {reexecute=1 rethrow=0 return_oop=0}
                      ; - (reexecute) java.lang.StringLatin1::lastIndexOf@35 (line 294)
                      ; - java.lang.String::lastIndexOf@13 (line 2489)
                      ; - java.lang.String::lastIndexOf@8 (line 2451)
                      ; - java.lang.Class::getPackageName@47 (line 1083)
                      ; - java.lang.ClassLoader::postDefineClass@2 (line 924)
                      ; - java.lang.ClassLoader::defineClass@37 (line 1018)
                      ; - java.security.SecureClassLoader::defineClass@12 (line 150)
                      ;   {poll}
  0x000001eb4020e47c: 2448 8545 | 0041 83fa | 020f 8f7f | ffff ff41 | 83fa ff0f | 8e85 0900 | 0066 6690 | 430f be4c 
  0x000001eb4020e49c: 1010 6690 | 83f9 2e74 | 1d41 ffca | 4183 faff | 7fea e967 | 0900 0041 | ffca eb0a | 4183 c2fe 
  0x000001eb4020e4bc: eb04 4183 | c2fd 4183 | faff 0f84 | c401 0000 | 4585 d20f | 8ce0 1600 | 0045 3bd1 | 0f8f 3a17 
  0x000001eb4020e4dc: 0000 6690 | 453b d10f | 84f5 0800 | 0045 85d2 | 0f84 1310 | 0000 498b | 9f08 0100 | 004c 8bcb 
  0x000001eb4020e4fc: 4983 c118 | 4d3b 8f18 | 0100 000f | 83aa 0e00 | 004d 898f | 0801 0000 | 410f 0d89 | c000 0000 
  0x000001eb4020e51c: 48c7 0301 

  0x000001eb4020e520: ;   {metadata('java/lang/String')}
  0x000001eb4020e520: 0000 00c7 | 4308 f0e9 | 0000 4489 | 630c 4c89 | 6310 6666 | 0f1f 8400 | 0000 0000 | 6666 6690 
  0x000001eb4020e540: 4181 fa00 | 0010 000f | 87d3 1200 | 004d 63ca | 453b da41 | 8bea 410f | 4ceb 660f | 1f44 0000 
  0x000001eb4020e560: 443b dd0f | 822b 1300 | 0044 3bd5 | 0f82 2213 | 0000 4983 | c117 498b | f948 83e7 | f866 6690 
  0x000001eb4020e580: 4181 fa00 | 0010 000f | 8778 0e00 | 0049 8bb7 | 0801 0000 | 4c8b de4c | 03df 660f | 1f44 0000 
  0x000001eb4020e5a0: 4d3b 9f18 | 0100 000f | 8358 0e00 | 004d 899f | 0801 0000 | 410f 0d8b | c000 0000 | 48c7 0601 
  0x000001eb4020e5c0: 0000 0041 | 0f0d 8b00 

  0x000001eb4020e5c8: ;   {metadata({type array byte})}
  0x000001eb4020e5c8: 0100 00c7 | 4608 3867 | 0000 4489 | 560c 410f | 0d8b 4001 | 0000 410f | 0d8b 8001 | 0000 4c8b 
  0x000001eb4020e5e8: de49 83c3 | 1049 c1e9 | 034c 8bf6 | 85ed 0f84 | 2c12 0000 | 498d 5010 | 413b ea0f | 8cbf 0900 
  0x000001eb4020e608: 0048 83c7 | f048 c1ef | 0348 8bca | 498b d34c | 8bc7 660f | 1f44 0000 | c5f8 7749 | ba60 86a3 
  0x000001eb4020e628: 3feb 0100 | 0041 ffd2 | 4180 7f38 | 0075 0044 | 8973 144c | 8bd6 4c8b | db4d 33d3 | 49c1 ea14 
  0x000001eb4020e648: 4d85 d274 | 1c49 c1eb | 0948 b900 | 00b0 47eb | 0100 0049 | 03cb 6690 | 8039 040f | 85fc 0900 
  0x000001eb4020e668: 0044 8863 | 104c 896c | 2428 488b | d34c 8b54 | 2448 4c89 | 5424 2090 

  0x000001eb4020e680: ;   {optimized virtual_call}
  0x000001eb4020e680: c5f8 77e8 

  0x000001eb4020e684: ; ImmutableOopMap {[32]=Oop [64]=Oop [72]=Oop [88]=Oop }
                      ;*invokevirtual intern {reexecute=0 rethrow=0 return_oop=1}
                      ; - java.lang.Class::getPackageName@65 (line 1084)
                      ; - java.lang.ClassLoader::postDefineClass@2 (line 924)
                      ; - java.lang.ClassLoader::defineClass@37 (line 1018)
                      ; - java.security.SecureClassLoader::defineClass@12 (line 150)
  0x000001eb4020e684: 3808 ddff | 488b d84c | 8b6c 2428 | 4180 7f38 | 000f 85ac | 0800 004c | 8bd3 4c8b | 5c24 4845 
  0x000001eb4020e6a4: 8953 3c4d | 8bd3 4c8b | db4d 33da | 49c1 eb14 | 4d85 db74 | 1f48 85db | 741a 49c1 | ea09 48b9 
  0x000001eb4020e6c4: 0000 b047 | eb01 0000 | 4903 ca80 | 3904 0f85 | a708 0000 | 4c8b 5424 | 4041 8b7a | 3885 ff0f 
  0x000001eb4020e6e4: 84ab 0e00 | 004c 8bf3 

  0x000001eb4020e6ec: ; implicit exception: dispatches to 0x000001eb4020ff3c
  0x000001eb4020e6ec: 8b43 0c4c | 8b54 2448 | 458b 5a30 | 4489 5c24 | 5066 6690 | 85c0 0f84 | 6505 0000 | 4533 c08b 
  0x000001eb4020e70c: 4f28 85c9 | 0f84 bf01 | 0000 448b | 590c 448b | d041 c1ea | 1044 33d0 | 4181 e2ff | ffff 7f45 
  0x000001eb4020e72c: 85db 0f86 | 6412 0000 | 41ff cb45 | 23da 4d63 | db46 8b4c | 9910 4585 | c90f 848a | 0100 0041 
  0x000001eb4020e74c: 8b69 0c41 | 3bea 0f84 | 4803 0000 | 85ed 660f | 1f44 0000 | 0f8c ee15 | 0000 458b | 5918 4585 
  0x000001eb4020e76c: db0f 8462 | 0100 0041 | 8b5b 0c49 | 8bbf 5803 

  0x000001eb4020e77c: ; ImmutableOopMap {r11=Oop r14=Oop [64]=Oop [72]=Oop [80]=NarrowOop [88]=Oop }
                      ;*if_icmpne {reexecute=1 rethrow=0 return_oop=0}
                      ; - (reexecute) java.util.concurrent.ConcurrentHashMap::get@127 (line 946)
                      ; - java.lang.ClassLoader::getNamedPackage@5 (line 340)
                      ; - java.lang.ClassLoader::postDefineClass@9 (line 924)
                      ; - java.lang.ClassLoader::defineClass@37 (line 1018)
                      ; - java.security.SecureClassLoader::defineClass@12 (line 150)
                      ;   {poll}
  0x000001eb4020e77c: 0000 8507 | 413b da74 | 1245 8b4b | 1845 85c9 | 0f84 4301 | 0000 4d8b | d9eb dc41 | 8b4b 104c 
  0x000001eb4020e79c: 8bc9 6690 | 4d3b ce0f | 8420 0100 | 008b 5908 | 488b f94c | 3bf7 0f84 | 1101 0000 | 0f1f 8400 
  0x000001eb4020e7bc: 0000 0000 

  0x000001eb4020e7c0: ;   {metadata('java/lang/String')}
  0x000001eb4020e7c0: 81fb f0e9 | 0000 0f85 | 5c16 0000 | 450f be4e | 100f be6f | 1044 3bcd | 0f85 ee15 | 0000 448b 
  0x000001eb4020e7e0: 4f14 418b | 7e14 418b | 590c 8b4f | 0c3b cb0f | 8592 1500 | 004d 8bc1 | 498d 7110 | 4c8b c748 
  0x000001eb4020e800: 8d7f 1085 | c90f 84a5 | 0000 008b | c183 e01f | 83e1 e00f | 844b 0000 | 0048 8d3c | 0f48 8d34 
  0x000001eb4020e820: 0e48 f7d9 | c5fe 6f0c | 0fc5 fe6f | 040e c5f5 | efc8 c4e2 | 7d17 c90f | 857a 0000 | 0048 83c1 
  0x000001eb4020e840: 2075 e185 | c00f 8465 | 0000 00c5 | fe6f 4c07 | e0c5 fe6f | 4406 e0c5 | f5ef c8c4 | e27d 17c9 
  0x000001eb4020e860: 7555 eb4c | 8bc8 83e1 | fc74 1948 | 8d3c 0f48 | 8d34 0e48 | f7d9 8b1c | 0f3b 1c0e | 7539 4883 
  0x000001eb4020e880: c104 75f2 | f7c0 0200 | 0000 7412 | 0fb7 1f0f | b70e 3bd9 | 7521 488d | 7f02 488d | 7602 f7c0 
  0x000001eb4020e8a0: 0100 0000 | 740a 0fb6 | 1f0f b60e | 3bd9 7507 | b801 0000 | 00eb 0233 | c0c5 f5ef | c9c5 fdef 
  0x000001eb4020e8c0: c085 c00f | 84bb 1400 | 0041 8b6b | 1485 ed0f | 8508 0300 | 0049 8b87 | 0801 0000 | 4c8b d049 
  0x000001eb4020e8e0: 83c2 184d | 3b97 1801 | 0000 0f83 | 240c 0000 | 4d89 9708 | 0100 0041 | 0f0d 8ac0 | 0000 0048 
  0x000001eb4020e900: c700 0100 

  0x000001eb4020e904: ;   {metadata('java/lang/NamedPackage')}
  0x000001eb4020e904: 0000 c740 | 0838 0702 | 0044 8960 | 0c4c 8960 | 1045 8b56 | 140f 1f80 | 0000 0000 

  0x000001eb4020e920: ; implicit exception: dispatches to 0x000001eb4021004c
  0x000001eb4020e920: 458b 5a0c | 4585 db0f | 87be 0400 | 0044 8b5c | 2450 4585 | db0f 841d | 1300 0048 | 8944 2468 
  0x000001eb4020e940: 4c89 7424 | 604c 896c | 2420 498b | d348 8944 | 2430 4c89 | 7424 3890 

  0x000001eb4020e958: ;   {optimized virtual_call}
  0x000001eb4020e958: c5f8 77e8 

  0x000001eb4020e95c: ; ImmutableOopMap {[48]=Oop [56]=Oop [64]=Oop [72]=Oop [80]=NarrowOop [88]=Oop [96]=Oop [104]=Oop }
                      ;*invokevirtual isNamed {reexecute=0 rethrow=0 return_oop=0}
                      ; - java.lang.NamedPackage::<init>@12 (line 48)
                      ; - java.lang.ClassLoader::getNamedPackage@22 (line 342)
                      ; - java.lang.ClassLoader::postDefineClass@9 (line 924)
                      ; - java.lang.ClassLoader::defineClass@37 (line 1018)
                      ; - java.security.SecureClassLoader::defineClass@12 (line 150)
  0x000001eb4020e95c: 202a 84ff | 85c0 0f85 | 0013 0000 | 448b 5c24 | 5049 8beb | 488b 5424 | 6066 6690 

  0x000001eb4020e978: ;   {optimized virtual_call}
  0x000001eb4020e978: c5f8 77e8 

  0x000001eb4020e97c: ; ImmutableOopMap {rbp=Oop [64]=Oop [72]=Oop [80]=NarrowOop [88]=Oop [96]=Oop [104]=Oop }
                      ;*invokevirtual intern {reexecute=0 rethrow=0 return_oop=1}
                      ; - java.lang.NamedPackage::<init>@47 (line 51)
                      ; - java.lang.ClassLoader::getNamedPackage@22 (line 342)
                      ; - java.lang.ClassLoader::postDefineClass@9 (line 924)
                      ; - java.lang.ClassLoader::defineClass@37 (line 1018)
                      ; - java.security.SecureClassLoader::defineClass@12 (line 150)
  0x000001eb4020e97c: 002a 84ff | 488b d841 | 807f 3800 | 0f85 5e07 | 0000 4c8b | db4c 8b54 | 2468 4589 | 5a0c 4c8b 
  0x000001eb4020e99c: db4d 33da | 49c1 eb14 | 4d85 db74 | 2048 85db | 741b 49c1 | ea09 48b9 | 0000 b047 | eb01 0000 
  0x000001eb4020e9bc: 4903 ca90 | 8039 040f | 855c 0700 | 0041 807f | 3800 0f85 | db06 0000 | 4c8b 5424 | 6844 8b5c 
  0x000001eb4020e9dc: 2450 4589 | 5a10 4c8b | d54c 8b5c | 2468 4d33 | d349 c1ea | 144d 85d2 | 7425 448b | 4424 500f 
  0x000001eb4020e9fc: 1f44 0000 | 4585 c074 | 1649 c1eb | 094c 8b44 | 2420 4d03 | c341 8038 | 040f 8554 | 0700 004c 
  0x000001eb4020ea1c: 8b54 2440 | 458b 5a38 | 4585 db0f | 8403 1100 | 0049 8bd3 | 4c8b 4424 | 604c 8b4c | 2468 bf01 
  0x000001eb4020ea3c: 0000 0090 

  0x000001eb4020ea40: ;   {optimized virtual_call}
  0x000001eb4020ea40: c5f8 77e8 

  0x000001eb4020ea44: ; ImmutableOopMap {[64]=Oop [72]=Oop [80]=NarrowOop [88]=Oop [104]=Oop }
                      ;*invokevirtual putVal {reexecute=0 rethrow=0 return_oop=1}
                      ; - java.util.concurrent.ConcurrentHashMap::putIfAbsent@4 (line 1541)
                      ; - java.lang.ClassLoader::getNamedPackage@32 (line 344)
                      ; - java.lang.ClassLoader::postDefineClass@9 (line 924)
                      ; - java.lang.ClassLoader::defineClass@37 (line 1018)
                      ; - java.security.SecureClassLoader::defineClass@12 (line 150)
  0x000001eb4020ea44: 3829 84ff | 4885 c00f | 84b8 0100 | 0044 8b58 | 0849 ba00 | 0000 4feb | 0100 004d | 03d3 4d8b 
  0x000001eb4020ea64: ;   {metadata('java/lang/NamedPackage')}
  0x000001eb4020ea64: 5238 49bb | 3807 024f | eb01 0000 | 4d3b d30f | 85c7 1000 | 0048 8be8 | ba54 ffff | ff4c 8b54 
  0x000001eb4020ea84: 2440 4c89 | 5424 284c | 8b54 2448 | 4c89 5424 | 3066 6690 

  0x000001eb4020ea98: ;   {runtime_call UncommonTrapBlob}
  0x000001eb4020ea98: c5f8 77e8 

  0x000001eb4020ea9c: ; ImmutableOopMap {rbp=Oop [40]=Oop [48]=Oop [80]=NarrowOop [88]=Oop [104]=Oop }
                      ;*ifnull {reexecute=1 rethrow=0 return_oop=0}
                      ; - (reexecute) java.lang.ClassLoader::getNamedPackage@42 (line 345)
                      ; - java.lang.ClassLoader::postDefineClass@9 (line 924)
                      ; - java.lang.ClassLoader::defineClass@37 (line 1018)
                      ; - java.security.SecureClassLoader::defineClass@12 (line 150)
  0x000001eb4020ea9c: 607e 84ff | 458b 5910 | 498b cb49 | 3bce 0f84 | 2101 0000 

  0x000001eb4020eab0: ; implicit exception: dispatches to 0x000001eb40210080
  0x000001eb4020eab0: 418b 4b08 | 498b db4c | 3bf3 660f | 1f44 0000 | 0f84 0b01 

  0x000001eb4020eac4: ;   {metadata('java/lang/String')}
  0x000001eb4020eac4: 0000 81f9 | f0e9 0000 | 0f85 9e13 | 0000 410f | be4e 100f | be6b 103b | cd66 6690 | 0f85 2f12 
  0x000001eb4020eae4: 0000 8b7b | 1441 8b5e | 1444 8b5f | 0c8b 4b0c | 413b cb0f | 8569 fcff | ff4c 8bdf | 488d 7710 
  0x000001eb4020eb04: 4c8b db48 | 8d7b 1085 | c90f 84a5 | 0000 008b | c183 e01f | 83e1 e00f | 844b 0000 | 0048 8d3c 
  0x000001eb4020eb24: 0f48 8d34 | 0e48 f7d9 | c5fe 6f0c | 0fc5 fe6f | 040e c5f5 | efc8 c4e2 | 7d17 c90f | 857a 0000 
  0x000001eb4020eb44: 0048 83c1 | 2075 e185 | c00f 8465 | 0000 00c5 | fe6f 4c07 | e0c5 fe6f | 4406 e0c5 | f5ef c8c4 
  0x000001eb4020eb64: e27d 17c9 | 7555 eb4c | 8bc8 83e1 | fc74 1948 | 8d3c 0f48 | 8d34 0e48 | f7d9 8b1c | 0f3b 1c0e 
  0x000001eb4020eb84: 7539 4883 | c104 75f2 | f7c0 0200 | 0000 7412 | 0fb7 1f0f | b70e 3bd9 | 7521 488d | 7f02 488d 
  0x000001eb4020eba4: 7602 f7c0 | 0100 0000 | 740a 0fb6 | 1f0f b60e | 3bd9 7507 | b801 0000 | 00eb 0233 | c0c5 f5ef 
  0x000001eb4020ebc4: c9c5 fdef | c085 c00f | 8495 fbff | ff41 8b69 | 1485 ed0f | 84f8 fcff | ff44 8b5d | 0849 ba00 
  0x000001eb4020ebe4: 0000 4feb | 0100 004d | 03d3 4d8b 

  0x000001eb4020ebf0: ;   {metadata('java/lang/NamedPackage')}
  0x000001eb4020ebf0: 5238 49bb | 3807 024f | eb01 0000 | 0f1f 4000 | 4d3b d30f | 85b7 0b00 | 004c 8b54 | 2458 458b 
  0x000001eb4020ec10: 5a10 418b | 6b14 85ed | 0f85 d20f | 0000 418b | 6b10 85ed | 0f85 da0f | 0000 488b | 4424 48c5 
  0x000001eb4020ec30: f877 4881 | c4c0 0000 

  0x000001eb4020ec38: ;   {poll_return}
  0x000001eb4020ec38: 005d 493b | a750 0300 | 000f 8717 | 1500 00c3 | 450f b65c | 0910 418b | c2c1 e005 | 412b c241 
  0x000001eb4020ec58: 03c3 ffc1 | 0f1f 4000 | 3bcb 0f8d | 2801 0000 | 448b d0eb | db44 0fb6 | 5b11 4585 | db0f 854c 
  0x000001eb4020ec78: 0500 0044 | 8b4b 144c | 8bc7 807b | 1000 0f85 | 0708 0000 

  0x000001eb4020ec8c: ; implicit exception: dispatches to 0x000001eb40210070
  0x000001eb4020ec8c: 418b 590c | 85db 0f86 | 6701 0000 | 448b d341 | ffca 6690 | 443b d30f | 83e7 0f00 | 0045 0fb6 
  0x000001eb4020ecac: 5110 448b | db41 83c3 | fd41 83fb | 010f 8e19 | 1000 00c4 | c1f9 6ec8 | 418b f2c1 | e605 412b 
  0x000001eb4020eccc: f249 8bd1 | b901 0000 | 0045 33d2 | c4c1 f96e | c5c5 f96e | d744 8954 | 2420 8bc3 | 2bc1 83c0 
  0x000001eb4020ecec: fd44 3bd9 | 0f4c 4424 | 2081 f8a0 | 0f00 0041 | b8a0 0f00 | 0041 0f47 | c003 c166 | 0f1f 8400 
  0x000001eb4020ed0c: 0000 0000 | 4c63 c147 | 0fb6 5401 | 1043 0fb6 | 6c01 1343 | 0fb6 7c01 | 1147 0fb6 | 4401 1241 
  0x000001eb4020ed2c: 03f2 448b | ee41 c1e5 | 0544 2bee | 4403 ef41 | 8bfd c1e7 | 0541 2bfd | 4103 f844 | 8bd7 41c1 
  0x000001eb4020ed4c: e205 442b | d744 03d5 | 418b f2c1 | e605 412b | f283 c104 | 3bc8 7cac | 4d8b 8758 

  0x000001eb4020ed68: ; ImmutableOopMap {r9=NarrowOop rdx=Oop r14=Oop xmm1=Oop xmm2=NarrowOop [64]=Oop [72]=Oop [80]=NarrowOop [88]=Oop }
                      ;*goto {reexecute=1 rethrow=0 return_oop=0}
                      ; - (reexecute) java.lang.StringLatin1::hashCode@37 (line 196)
                      ; - java.lang.String::hashCode@27 (line 2344)
                      ; - java.util.concurrent.ConcurrentHashMap::get@1 (line 936)
                      ; - java.lang.ClassLoader::getNamedPackage@5 (line 340)
                      ; - java.lang.ClassLoader::postDefineClass@9 (line 924)
                      ; - java.lang.ClassLoader::defineClass@37 (line 1018)
                      ; - java.security.SecureClassLoader::defineClass@12 (line 150)
                      ;   {poll}
  0x000001eb4020ed68: 0300 0041 | 8500 413b | cb0f 8c6f | ffff ffc4 | c1f9 7ec5 | c5f9 7ed7 | 448b 4424 | 203b cb0f 
  0x000001eb4020ed88: 8cbb feff | ff41 8bc2 | 85c0 0f84 | ef06 0000 | 4189 460c | 0f1f 4000 | e966 f9ff | ff48 8bd0 
  0x000001eb4020eda8: 4889 4424 | 2066 6690 

  0x000001eb4020edb0: ;   {optimized virtual_call}
  0x000001eb4020edb0: c5f8 77e8 

  0x000001eb4020edb4: ; ImmutableOopMap {[32]=Oop [64]=Oop [72]=Oop [88]=Oop [152]=Oop }
                      ;*invokevirtual initClassName {reexecute=0 rethrow=0 return_oop=1}
                      ; - java.lang.Class::getName@14 (line 863)
                      ; - java.lang.Class::getPackageName@40 (line 1082)
                      ; - java.lang.ClassLoader::postDefineClass@2 (line 924)
                      ; - java.lang.ClassLoader::defineClass@37 (line 1018)
                      ; - java.security.SecureClassLoader::defineClass@12 (line 150)
  0x000001eb4020edb4: 88db ddff | 4885 c00f | 1f44 0000 | 0f85 a6f5 | ffff baf6 | ffff ff90 

  0x000001eb4020edcc: ;   {runtime_call UncommonTrapBlob}
  0x000001eb4020edcc: c5f8 77e8 

  0x000001eb4020edd0: ; ImmutableOopMap {}
                      ;*invokevirtual lastIndexOf {reexecute=0 rethrow=0 return_oop=0}
                      ; - java.lang.Class::getPackageName@47 (line 1083)
                      ; - java.lang.ClassLoader::postDefineClass@2 (line 924)
                      ; - java.lang.ClassLoader::defineClass@37 (line 1018)
                      ; - java.security.SecureClassLoader::defineClass@12 (line 150)
  0x000001eb4020edd0: 2c7b 84ff | 488b 7424 | 38e9 70f4 | ffff 4c89 | 6c24 2848 | 8bd8 e987 | f8ff ff4c | 896c 2420 
  0x000001eb4020edf0: 4c89 7424 | 6048 8944 | 2468 e969 | fbff ff33 | c045 33c0 

  0x000001eb4020ee04: ;   {oop(""{0x00000000800880a0})}
  0x000001eb4020ee04: eb8a 48bb | a080 0880 | 0000 0000 | 49bd 0000 | b047 eb01 | 0000 41ba | ffff ffff | e99d f6ff 
  0x000001eb4020ee24: ffc4 e1f9 | 6ec2 4889 | 7424 3044 | 8974 2428 | 4889 5c24 | 204d 8bd0 | 4c63 c549 | 8bc8 4883 
  0x000001eb4020ee44: c110 488b | d148 83e2 | f849 8bf9 | 4803 fa49 | 8be9 48c1 | e903 4c2b | d949 8bcb | 4833 c048 
  0x000001eb4020ee64: 83f9 087f | 1048 ffc9 | 784f 4889 | 04cf 48ff | c97d f7eb | 44c5 f5ef | c9e9 0d00 | 0000 c5fe 
  0x000001eb4020ee84: 7f0f c5fe | 7f4f 2048 | 83c7 4048 | 83e9 087d | ed48 83c1 | 047c 0cc5 | fe7f 0f48 | 83c7 2048 
  0x000001eb4020eea4: 83e9 0448 | 83c1 047e | 1048 ffc9 | c5f9 d60f | 4883 c708 | 48ff c97d | f349 8bca | c4e1 f97e 
  0x000001eb4020eec4: c2c5 f877 | 49ba 607f | a33f eb01 | 0000 41ff | d248 8b5c | 2420 448b | 7424 2848 | 8b74 2430 
  0x000001eb4020eee4: 4c8b cde9 | 27f3 ffff | 4d8b 5740 | 4d8b 5f50 | f083 4424 | c000 660f | 1f44 0000 | 8039 000f 
  0x000001eb4020ef04: 8441 f3ff | ff44 8821 | 4d85 d275 | 2449 8bd7 | 0f1f 8400 | 0000 0000 | 6666 6690 | c5f8 7749 
  0x000001eb4020ef24: ba40 4d94 | a1fb 7f00 | 0041 ffd2 | e915 f3ff | ff4b 894c | 13f8 4983 | c2f8 4d89 | 5740 e903 
  0x000001eb4020ef44: f3ff ff4c | 8b54 2448 | 458b 5a3c | 4585 db0f | 8442 f7ff | ff4d 8b57 | 2049 8bcb | 4d85 d20f 
  0x000001eb4020ef64: 8427 0c00 | 004d 8b5f | 304b 894c | 13f8 4983 | c2f8 4d89 | 5720 e91c | f7ff ff4d | 8b57 504d 
  0x000001eb4020ef84: 8b5f 40f0 | 8344 24c0 | 0080 3900 | 0f84 42f7 | ffff 4488 | 214d 85db | 7518 498b | d7c5 f877 
  0x000001eb4020efa4: 49ba 404d | 94a1 fb7f | 0000 41ff | d2e9 22f7 | ffff 4b89 | 4c1a f849 | 83c3 f84d | 895f 40e9 
  0x000001eb4020efc4: 10f7 ffff | 4c63 c54d | 8bd0 4983 | c210 498b | ca48 83e1 | f848 8bfe | 4803 f949 | c1ea 034d 
  0x000001eb4020efe4: 2bca 498b | c948 33c0 | 4883 f908 | 7f10 48ff | c978 4f48 | 8904 cf48 | ffc9 7df7 | eb44 c5fd 
  0x000001eb4020f004: efc0 e90d | 0000 00c5 | fe7f 07c5 | fe7f 4720 | 4883 c740 | 4883 e908 | 7ded 4883 | c104 7c0c 
  0x000001eb4020f024: c5fe 7f07 | 4883 c720 | 4883 e904 | 4883 c104 | 7e10 48ff | c9c5 f9d6 | 0748 83c7 | 0848 ffc9 
  0x000001eb4020f044: 7df3 488b | ca49 8bd3 | c5f8 7749 | ba60 7fa3 | 3feb 0100 | 0041 ffd2 | 0f1f 4000 | e9cb f5ff 
  0x000001eb4020f064: ff4d 8b57 | 404d 8b5f | 50f0 8344 | 24c0 0080 | 3900 0f84 | edf5 ffff | 4488 2190 | 4d85 d275 
  0x000001eb4020f084: 1849 8bd7 | c5f8 7749 | ba40 4d94 | a1fb 7f00 | 0041 ffd2 | e9cc f5ff | ff4b 894c | 13f8 4983 
  0x000001eb4020f0a4: c2f8 4d89 | 5740 e9ba | f5ff ff4c | 8b54 2468 | 458b 5a10 | 4585 db0f | 1f44 0000 | 0f84 0ef9 
  0x000001eb4020f0c4: ffff 4d8b | 5720 498b | cb4d 85d2 | 0f84 0f0c | 0000 4d8b | 5f30 4b89 | 4c13 f849 | 83c2 f84d 
  0x000001eb4020f0e4: 8957 20e9 | e8f8 ffff | 4c8b 5424 | 6845 8b52 | 0c45 85d2 | 0f84 90f8 | ffff 4d8b | 5f20 498b 
  0x000001eb4020f104: ca4d 85db | 0f84 ef0b | 0000 4d8b | 5730 4b89 | 4c1a f849 | 83c3 f84d | 895f 2090 | e969 f8ff 
  0x000001eb4020f124: ff4d 8b57 | 504d 8b5f | 40f0 8344 | 24c0 0080 | 3900 0f84 | 8df8 ffff | 4488 2190 | 4d85 db75 
  0x000001eb4020f144: 1849 8bd7 | c5f8 7749 | ba40 4d94 | a1fb 7f00 | 0041 ffd2 | e96c f8ff | ff4b 894c | 1af8 4983 
  0x000001eb4020f164: c3f8 4d89 | 5f40 e95a | f8ff ff4d | 8b57 404d | 8b5f 50f0 | 8344 24c0 | 0066 6690 | 4180 3800 
  0x000001eb4020f184: 0f84 91f8 | ffff 4588 | 204d 85d2 | 7523 498b | c849 8bd7 | 0f1f 8400 | 0000 0000 | c5f8 7749 
  0x000001eb4020f1a4: ba40 4d94 | a1fb 7f00 | 0041 ffd2 | e966 f8ff | ff4f 8944 | 13f8 4983 | c2f8 4d89 | 5740 e954 
  0x000001eb4020f1c4: f8ff ff33 | c045 33c0 | e93a f5ff 

  0x000001eb4020f1d0: ;   {oop(""{0x00000000800880a0})}
  0x000001eb4020f1d0: ff48 bea0 | 8008 8000 | 0000 000f | 1f44 0000 | e969 f0ff 

  0x000001eb4020f1e4: ;   {metadata('java/security/SecureClassLoader$CodeSourceKey')}
  0x000001eb4020f1e4: ff48 ba60 | dc14 4feb | 0100 0048 | 8b6c 2440 

  0x000001eb4020f1f4: ;   {runtime_call _new_instance_Java}
  0x000001eb4020f1f4: c5f8 77e8 

  0x000001eb4020f1f8: ; ImmutableOopMap {rbp=Oop [56]=Oop [64]=Oop [72]=Oop [88]=Oop }
                      ;*new {reexecute=0 rethrow=0 return_oop=1}
                      ; - java.security.SecureClassLoader::getProtectionDomain@6 (line 221)
                      ; - java.security.SecureClassLoader::defineClass@9 (line 150)
  0x000001eb4020f1f8: 04d9 8eff | 4c8b c090 | e968 ebff | ff44 894c | 2430 4c89 | 4424 284c | 8b54 2440 | 4c89 5424 
  0x000001eb4020f218: 204c 8b54 

  0x000001eb4020f21c: ;   {metadata('java/security/SecureClassLoader$1')}
  0x000001eb4020f21c: 2458 48ba | 70de 144f | eb01 0000 | 4c89 5424 | 6066 6690 

  0x000001eb4020f230: ;   {runtime_call _new_instance_Java}
  0x000001eb4020f230: c5f8 77e8 

  0x000001eb4020f234: ; ImmutableOopMap {rbp=NarrowOop [32]=Oop [40]=Oop [48]=NarrowOop [56]=Oop [72]=Oop [96]=Oop }
                      ;*new {reexecute=0 rethrow=0 return_oop=1}
                      ; - java.security.SecureClassLoader::getProtectionDomain@20 (line 222)
                      ; - java.security.SecureClassLoader::defineClass@9 (line 150)
  0x000001eb4020f234: c8d8 8eff | 4c8b 5c24 | 204c 895c | 2440 4c8b | 4424 2844 | 8b4c 2430 | 488b c8e9 | 6aeb ffff 
  0x000001eb4020f254: 894c 2474 | 4489 7424 | 7048 895c | 2468 4c89 | 4424 60c5 | fb11 4424 | 5844 896c | 2434 4489 
  0x000001eb4020f274: 5424 304c | 8b94 2498 | 0000 004c | 8954 2428 | 4c8b 5424 | 384c 8954 | 2420 488b 

  0x000001eb4020f290: ;   {metadata('java/lang/String')}
  0x000001eb4020f290: 6c24 4048 | baf0 e900 | 4feb 0100 | 0066 6690 

  0x000001eb4020f2a0: ;   {runtime_call _new_instance_Java}
  0x000001eb4020f2a0: c5f8 77e8 

  0x000001eb4020f2a4: ; ImmutableOopMap {rbp=Oop [32]=Oop [40]=Oop [48]=NarrowOop [72]=Oop [88]=Oop [96]=Derived_oop_[88] [104]=Oop [112]=NarrowOop [152]=Oop }
                      ;*new {reexecute=0 rethrow=0 return_oop=1}
                      ; - java.lang.StringLatin1::newString@7 (line 769)
                      ; - java.lang.String::substring@41 (line 2714)
                      ; - java.lang.ClassLoader::checkCerts@21 (line 1154)
                      ; - java.lang.ClassLoader::preDefineClass@113 (line 907)
                      ; - java.lang.ClassLoader::defineClass@4 (line 1015)
                      ; - java.security.SecureClassLoader::defineClass@12 (line 150)
  0x000001eb4020f2a4: 58d8 8eff | 4889 6c24 | 404c 8b54 | 2420 4c89 | 5424 3844 | 8b54 2430 | 448b 6c24 | 34c5 fb10 
  0x000001eb4020f2c4: 4424 584c | 8b44 2460 | 488b 5c24 | 6844 8b74 | 2470 8b4c | 2474 488b | f066 6690 | e94d eeff 
  0x000001eb4020f2e4: ff48 89bc | 2490 0000 | 004c 899c | 2488 0000 | 0048 89b4 | 2480 0000 | 0089 4c24 | 7844 8974 
  0x000001eb4020f304: 2424 4889 | 5c24 704c | 8944 2468 | c5fb 1144 | 2460 4c8b | 9c24 9800 | 0000 4c89 | 5c24 584c 
  0x000001eb4020f324: 8b5c 2438 | 4c89 5c24 | 304c 8b5c | 2440 4c89 

  0x000001eb4020f334: ;   {metadata({type array byte})}
  0x000001eb4020f334: 5c24 2848 | ba38 6700 | 4feb 0100 | 0044 8954 | 2420 448b | c166 6690 

  0x000001eb4020f34c: ;   {runtime_call _new_array_nozero_Java}
  0x000001eb4020f34c: c5f8 77e8 

  0x000001eb4020f350: ; ImmutableOopMap {[32]=NarrowOop [36]=NarrowOop [40]=Oop [48]=Oop [72]=Oop [88]=Oop [96]=Oop [104]=Derived_oop_[96] [112]=Oop [128]=Oop }
                      ;*newarray {reexecute=0 rethrow=0 return_oop=1}
                      ; - java.util.Arrays::copyOfRange@41 (line 3822)
                      ; - java.lang.StringLatin1::newString@16 (line 769)
                      ; - java.lang.String::substring@41 (line 2714)
                      ; - java.lang.ClassLoader::checkCerts@21 (line 1154)
                      ; - java.lang.ClassLoader::preDefineClass@113 (line 907)
                      ; - java.lang.ClassLoader::defineClass@4 (line 1015)
                      ; - java.security.SecureClassLoader::defineClass@12 (line 150)
  0x000001eb4020f350: acdd 8eff | 4c8b 5c24 | 284c 895c | 2440 4c8b | 5c24 304c | 895c 2438 | 4c8b 5c24 | 584c 899c 
  0x000001eb4020f370: 2498 0000 | 004c 8b44 | 2468 488b | 5c24 7044 | 8b74 2424 | 8b4c 2478 | 488b b424 | 8000 0000 
  0x000001eb4020f390: 4c8b 9c24 | 8800 0000 | 488b bc24 | 9000 0000 | 4c8b c8e9 | 1bee ffff 

  0x000001eb4020f3a8: ;   {oop(""{0x00000000800880a0})}
  0x000001eb4020f3a8: 48be a080 | 0880 0000 | 0000 e997 | eeff ff44 | 8954 2430 | 4489 5c24 | 2c44 8944 | 2428 4c8b 
  0x000001eb4020f3c8: 5424 484c | 8954 2420 

  0x000001eb4020f3d0: ;   {metadata('java/lang/String')}
  0x000001eb4020f3d0: 498b ed48 | baf0 e900 | 4feb 0100 | 0066 6690 

  0x000001eb4020f3e0: ;   {runtime_call _new_instance_Java}
  0x000001eb4020f3e0: c5f8 77e8 

  0x000001eb4020f3e4: ; ImmutableOopMap {[32]=Oop [40]=NarrowOop [64]=Oop [72]=Oop [88]=Oop [104]=Oop }
                      ;*new {reexecute=0 rethrow=0 return_oop=1}
                      ; - java.lang.StringLatin1::newString@7 (line 769)
                      ; - java.lang.String::substring@41 (line 2714)
                      ; - java.lang.Class::getPackageName@62 (line 1084)
                      ; - java.lang.ClassLoader::postDefineClass@2 (line 924)
                      ; - java.lang.ClassLoader::defineClass@37 (line 1018)
                      ; - java.security.SecureClassLoader::defineClass@12 (line 150)
  0x000001eb4020f3e4: 18d7 8eff | 4c8b ed44 | 8b44 2428 | 448b 5c24 | 2c44 8b54 | 2430 488b | d866 6690 | e92d f1ff 
  0x000001eb4020f404: ff48 ff74 | 2468 488f | 8424 8000 | 0000 4889 | 7c24 604c | 894c 2450 | 4889 5c24 | 3844 8954 
  0x000001eb4020f424: 2434 4489 | 4424 304c | 8b54 2448 | 4c89 5424 | 284c 896c 

  0x000001eb4020f438: ;   {metadata({type array byte})}
  0x000001eb4020f438: 2420 48ba | 3867 004f | eb01 0000 | 448b 4424 | 3466 6690 

  0x000001eb4020f44c: ;   {runtime_call _new_array_nozero_Java}
  0x000001eb4020f44c: c5f8 77e8 

  0x000001eb4020f450: ; ImmutableOopMap {[40]=Oop [48]=NarrowOop [56]=Oop [64]=Oop [72]=Oop [88]=Oop [128]=Oop }
                      ;*newarray {reexecute=0 rethrow=0 return_oop=1}
                      ; - java.util.Arrays::copyOfRange@41 (line 3822)
                      ; - java.lang.StringLatin1::newString@16 (line 769)
                      ; - java.lang.String::substring@41 (line 2714)
                      ; - java.lang.Class::getPackageName@62 (line 1084)
                      ; - java.lang.ClassLoader::postDefineClass@2 (line 924)
                      ; - java.lang.ClassLoader::defineClass@37 (line 1018)
                      ; - java.security.SecureClassLoader::defineClass@12 (line 150)
  0x000001eb4020f450: acdc 8eff | 4c8b 6c24 | 2044 8b44 | 2430 448b | 5424 3448 | 8b5c 2438 | 4c8b 4c24 | 5048 8b7c 
  0x000001eb4020f470: 2460 488b | f048 ffb4 | 2480 0000 | 0048 8f44 | 2468 e95f | f1ff ff41 | c646 1101 | 33c0 e978 
  0x000001eb4020f490: f2ff ff44 | 8b54 2450 | 4489 5424 | 5489 7c24 | 5048 895c | 2438 4c8b | 5424 484c | 8954 2430 
  0x000001eb4020f4b0: 4c89 6c24 | 284c 8b54 | 2440 4c89 | 5424 2049 | 8bd1 498b | e866 6690 

  0x000001eb4020f4c8: ;   {static_call}
  0x000001eb4020f4c8: c5f8 77e8 

  0x000001eb4020f4cc: ; ImmutableOopMap {rbp=Oop [32]=Oop [48]=Oop [56]=Oop [80]=NarrowOop [84]=NarrowOop [88]=Oop }
                      ;*invokestatic hashCode {reexecute=0 rethrow=0 return_oop=0}
                      ; - java.lang.String::hashCode@37 (line 2345)
                      ; - java.util.concurrent.ConcurrentHashMap::get@1 (line 936)
                      ; - java.lang.ClassLoader::getNamedPackage@5 (line 340)
                      ; - java.lang.ClassLoader::postDefineClass@9 (line 924)
                      ; - java.lang.ClassLoader::defineClass@37 (line 1018)
                      ; - java.security.SecureClassLoader::defineClass@12 (line 150)
  0x000001eb4020f4cc: b024 84ff | 4533 c04c | 8b54 2420 | 4c89 5424 | 404c 8b6c | 2428 4c8b | 5424 304c | 8954 2448 
  0x000001eb4020f4ec: 4c8b 7424 | 388b 7c24 | 5044 8b5c | 2454 4489 | 5c24 5090 | e98b f8ff 

  0x000001eb4020f504: ;   {oop(""{0x00000000800880a0})}
  0x000001eb4020f504: ff48 bba0 | 8008 8000 | 0000 00e9 | 59f1 ffff | 448b 5c24 | 5044 895c | 2438 4c89 | 7424 304c 
  0x000001eb4020f524: 8b54 2448 | 4c89 5424 | 284c 896c | 2420 488b 

  0x000001eb4020f534: ;   {metadata('java/lang/NamedPackage')}
  0x000001eb4020f534: 6c24 4048 | ba38 0702 | 4feb 0100 | 0066 6690 

  0x000001eb4020f544: ;   {runtime_call _new_instance_Java}
  0x000001eb4020f544: c5f8 77e8 

  0x000001eb4020f548: ; ImmutableOopMap {rbp=Oop [40]=Oop [48]=Oop [56]=NarrowOop [88]=Oop }
                      ;*new {reexecute=0 rethrow=0 return_oop=1}
                      ; - java.lang.ClassLoader::getNamedPackage@16 (line 342)
                      ; - java.lang.ClassLoader::postDefineClass@9 (line 924)
                      ; - java.lang.ClassLoader::defineClass@37 (line 1018)
                      ; - java.security.SecureClassLoader::defineClass@12 (line 150)
  0x000001eb4020f548: b4d5 8eff | 4889 6c24 | 404c 8b6c | 2420 4c8b | 5424 284c | 8954 2448 | 4c8b 7424 | 3044 8b54 
  0x000001eb4020f568: 2438 4489 | 5424 50e9 | a1f3 ffff | baf6 ffff | ff48 8bee 

  0x000001eb4020f57c: ;   {runtime_call UncommonTrapBlob}
  0x000001eb4020f57c: c5f8 77e8 

  0x000001eb4020f580: ; ImmutableOopMap {rbp=Oop }
                      ;*invokevirtual putIfAbsent {reexecute=0 rethrow=0 return_oop=0}
                      ; - java.lang.ClassLoader::checkCerts@62 (line 1161)
                      ; - java.lang.ClassLoader::preDefineClass@113 (line 907)
                      ; - java.lang.ClassLoader::defineClass@4 (line 1015)
                      ; - java.security.SecureClassLoader::defineClass@12 (line 150)
  0x000001eb4020f580: 7c73 84ff | baf6 ffff | ff66 6690 

  0x000001eb4020f58c: ;   {runtime_call UncommonTrapBlob}
  0x000001eb4020f58c: c5f8 77e8 

  0x000001eb4020f590: ; ImmutableOopMap {rbp=NarrowOop }
                      ;*invokevirtual toExternalForm {reexecute=0 rethrow=0 return_oop=0}
                      ; - java.net.URL::toExternalForm@5 (line 1039)
                      ; - java.net.URL::toString@1 (line 1025)
                      ; - java.lang.ClassLoader::defineClassSourceLocation@22 (line 917)
                      ; - java.lang.ClassLoader::defineClass@12 (line 1016)
                      ; - java.security.SecureClassLoader::defineClass@12 (line 150)
  0x000001eb4020f590: 6c73 84ff | baf6 ffff | ff48 8beb 

  0x000001eb4020f59c: ;   {runtime_call UncommonTrapBlob}
  0x000001eb4020f59c: c5f8 77e8 

  0x000001eb4020f5a0: ; ImmutableOopMap {rbp=Oop }
                      ;*invokevirtual get {reexecute=0 rethrow=0 return_oop=0}
                      ; - java.lang.ClassLoader::getNamedPackage@5 (line 340)
                      ; - java.lang.ClassLoader::postDefineClass@9 (line 924)
                      ; - java.lang.ClassLoader::defineClass@37 (line 1018)
                      ; - java.security.SecureClassLoader::defineClass@12 (line 150)
  0x000001eb4020f5a0: 5c73 84ff | ba76 ffff | ff48 8b6c | 2440 4489 | 5424 2889 | 4c24 304c | 8b54 2448 | 4c89 5424 
  0x000001eb4020f5c0: 4044 8b5c | 2450 4489 | 5c24 3444 | 8b54 2454 | 4489 5424 | 4848 895c | 2450 4489 | 7424 4c90 
  0x000001eb4020f5e0: ;   {runtime_call UncommonTrapBlob}
  0x000001eb4020f5e0: c5f8 77e8 

  0x000001eb4020f5e4: ; ImmutableOopMap {rbp=Oop [40]=NarrowOop [56]=Oop [64]=Oop [76]=NarrowOop [80]=Oop [152]=Oop }
                      ;*iflt {reexecute=1 rethrow=0 return_oop=0}
                      ; - (reexecute) java.lang.StringLatin1::lastIndexOf@19 (line 294)
                      ; - java.lang.String::lastIndexOf@13 (line 2489)
                      ; - java.lang.String::lastIndexOf@8 (line 2451)
                      ; - java.lang.ClassLoader::checkCerts@3 (line 1153)
                      ; - java.lang.ClassLoader::preDefineClass@113 (line 907)
                      ; - java.lang.ClassLoader::defineClass@4 (line 1015)
                      ; - java.security.SecureClassLoader::defineClass@12 (line 150)
  0x000001eb4020f5e4: 1873 84ff | bade ffff | ff4c 8b54 | 2440 4c89 | 5424 204c | 8b54 2438 | 4c89 5424 | 284c 8b54 
  0x000001eb4020f604: 2448 4c89 | 5424 304c | 8944 2440 | 4889 4c24 | 4866 6690 

  0x000001eb4020f618: ;   {runtime_call UncommonTrapBlob}
  0x000001eb4020f618: c5f8 77e8 

  0x000001eb4020f61c: ; ImmutableOopMap {rbp=NarrowOop [32]=Oop [40]=Oop [48]=Oop [64]=Oop [72]=Oop }
                      ;*invokeinterface computeIfAbsent {reexecute=0 rethrow=0 return_oop=0}
                      ; - java.security.SecureClassLoader::getProtectionDomain@29 (line 222)
                      ; - java.security.SecureClassLoader::defineClass@9 (line 150)
  0x000001eb4020f61c: e072 84ff | ba45 ffff | ff48 8b6c | 2440 4c8b | 5424 384c | 8954 2430 | 4c8b 5424 | 484c 8954 
  0x000001eb4020f63c: 2440 448b | 5424 5044 | 8954 2448 | 448b 5c24 | 5444 895c | 244c 6690 

  0x000001eb4020f654: ;   {runtime_call UncommonTrapBlob}
  0x000001eb4020f654: c5f8 77e8 

  0x000001eb4020f658: ; ImmutableOopMap {rbp=Oop [48]=Oop [64]=Oop [152]=Oop }
                      ;*ifeq {reexecute=1 rethrow=0 return_oop=0}
                      ; - (reexecute) java.lang.ClassLoader::checkName@8 (line 1145)
                      ; - java.lang.ClassLoader::preDefineClass@1 (line 890)
                      ; - java.lang.ClassLoader::defineClass@4 (line 1015)
                      ; - java.security.SecureClassLoader::defineClass@12 (line 150)
  0x000001eb4020f658: a472 84ff | ba6e ffff | ff48 8b6c | 2440 4489 | 5424 2889 | 4c24 304c | 8b54 2448 | 4c89 5424 
  0x000001eb4020f678: 4044 8b5c | 2450 4489 | 5c24 3444 | 8b54 2454 | 4489 5424 | 4848 895c | 2450 4489 | 7424 4c90 
  0x000001eb4020f698: ;   {runtime_call UncommonTrapBlob}
  0x000001eb4020f698: c5f8 77e8 

  0x000001eb4020f69c: ; ImmutableOopMap {rbp=Oop [40]=NarrowOop [56]=Oop [64]=Oop [76]=NarrowOop [80]=Oop [152]=Oop }
                      ;*iflt {reexecute=1 rethrow=0 return_oop=0}
                      ; - (reexecute) java.lang.StringLatin1::lastIndexOf@19 (line 294)
                      ; - java.lang.String::lastIndexOf@13 (line 2489)
                      ; - java.lang.String::lastIndexOf@8 (line 2451)
                      ; - java.lang.ClassLoader::checkCerts@3 (line 1153)
                      ; - java.lang.ClassLoader::preDefineClass@113 (line 907)
                      ; - java.lang.ClassLoader::defineClass@4 (line 1015)
                      ; - java.security.SecureClassLoader::defineClass@12 (line 150)
  0x000001eb4020f69c: 6072 84ff | 4c63 d9e9 | 99ea ffff | 4983 c3fe | 498b cb48 | 8bfa 4833 | c048 83f9 | 087f 1048 
  0x000001eb4020f6bc: ffc9 784f | 4889 04cf | 48ff c97d | f7eb 44c5 | fdef c0e9 | 0d00 0000 | c5fe 7f07 | c5fe 7f47 
  0x000001eb4020f6dc: 2048 83c7 | 4048 83e9 | 087d ed48 | 83c1 047c | 0cc5 fe7f | 0748 83c7 | 2048 83e9 | 0448 83c1 
  0x000001eb4020f6fc: 047e 1048 | ffc9 c5f9 | d607 4883 | c708 48ff | c97d f3e9 | ffea ffff | bacc ffff | ff48 8b6c 
  0x000001eb4020f71c: 2440 4489 | 5424 2889 | 4c24 304c | 8b54 2448 | 4c89 5424 | 4044 8b54 | 2450 4489 | 5424 3444 
  0x000001eb4020f73c: 8b5c 2454 | 4489 5c24 | 4848 895c | 2450 4489 | 7424 4c48 | 8974 2468 

  0x000001eb4020f754: ;   {runtime_call UncommonTrapBlob}
  0x000001eb4020f754: c5f8 77e8 

  0x000001eb4020f758: ; ImmutableOopMap {rbp=Oop [40]=NarrowOop [56]=Oop [64]=Oop [76]=NarrowOop [80]=Oop [104]=Oop [152]=Oop }
                      ;*newarray {reexecute=1 rethrow=0 return_oop=0}
                      ; - (reexecute) java.util.Arrays::copyOfRange@41 (line 3822)
                      ; - java.lang.StringLatin1::newString@16 (line 769)
                      ; - java.lang.String::substring@41 (line 2714)
                      ; - java.lang.ClassLoader::checkCerts@21 (line 1154)
                      ; - java.lang.ClassLoader::preDefineClass@113 (line 907)
                      ; - java.lang.ClassLoader::defineClass@4 (line 1015)
                      ; - java.security.SecureClassLoader::defineClass@12 (line 150)
  0x000001eb4020f758: a471 84ff | bae4 ffff | ff48 8b6c | 2440 4489 | 5424 344c | 8b54 2448 | 4c89 5424 | 4044 8b54 
  0x000001eb4020f778: 2450 4489 | 5424 4844 | 8b5c 2454 | 4489 5c24 | 4c66 6690 

  0x000001eb4020f78c: ;   {runtime_call UncommonTrapBlob}
  0x000001eb4020f78c: c5f8 77e8 

  0x000001eb4020f790: ; ImmutableOopMap {rbp=Oop [52]=NarrowOop [56]=Oop [64]=Oop [152]=Oop }
                      ;*baload {reexecute=0 rethrow=0 return_oop=0}
                      ; - java.lang.String::startsWith@80 (line 2270)
                      ; - java.lang.String::startsWith@3 (line 2302)
                      ; - java.lang.ClassLoader::preDefineClass@43 (line 896)
                      ; - java.lang.ClassLoader::defineClass@4 (line 1015)
                      ; - java.security.SecureClassLoader::defineClass@12 (line 150)
  0x000001eb4020f790: 6c71 84ff | ba76 ffff | ff48 8b6c | 2448 4c8b | 5c24 404c | 895c 2438 | 4489 4424 | 4844 8954 
  0x000001eb4020f7b0: 2450 4889 | 4424 5890 

  0x000001eb4020f7b8: ;   {runtime_call UncommonTrapBlob}
  0x000001eb4020f7b8: c5f8 77e8 

  0x000001eb4020f7bc: ; ImmutableOopMap {rbp=Oop [56]=Oop [72]=NarrowOop [88]=Oop [152]=Oop }
                      ;*iflt {reexecute=1 rethrow=0 return_oop=0}
                      ; - (reexecute) java.lang.StringLatin1::lastIndexOf@19 (line 294)
                      ; - java.lang.String::lastIndexOf@13 (line 2489)
                      ; - java.lang.String::lastIndexOf@8 (line 2451)
                      ; - java.lang.Class::getPackageName@47 (line 1083)
                      ; - java.lang.ClassLoader::postDefineClass@2 (line 924)
                      ; - java.lang.ClassLoader::defineClass@37 (line 1018)
                      ; - java.security.SecureClassLoader::defineClass@12 (line 150)
  0x000001eb4020f7bc: 4071 84ff | bade ffff | ff66 6690 

  0x000001eb4020f7c8: ;   {runtime_call UncommonTrapBlob}
  0x000001eb4020f7c8: c5f8 77e8 

  0x000001eb4020f7cc: ; ImmutableOopMap {rbp=NarrowOop }
                      ;*checkcast {reexecute=0 rethrow=0 return_oop=0}
                      ; - java.lang.ClassLoader::getNamedPackage@8 (line 340)
                      ; - java.lang.ClassLoader::postDefineClass@9 (line 924)
                      ; - java.lang.ClassLoader::defineClass@37 (line 1018)
                      ; - java.security.SecureClassLoader::defineClass@12 (line 150)
  0x000001eb4020f7cc: 3071 84ff | ba45 ffff | ff48 8944 | 2428 4c8b | 5424 404c | 8954 2438 | 4889 4424 | 4066 6690 
  0x000001eb4020f7ec: ;   {runtime_call UncommonTrapBlob}
  0x000001eb4020f7ec: c5f8 77e8 

  0x000001eb4020f7f0: ; ImmutableOopMap {[40]=Oop [56]=Oop [64]=Oop [152]=Oop }
                      ;*ifeq {reexecute=1 rethrow=0 return_oop=0}
                      ; - (reexecute) java.lang.Class::getPackageName@13 (line 1078)
                      ; - java.lang.ClassLoader::postDefineClass@2 (line 924)
                      ; - java.lang.ClassLoader::defineClass@37 (line 1018)
                      ; - java.security.SecureClassLoader::defineClass@12 (line 150)
  0x000001eb4020f7f0: 0c71 84ff | ba6e ffff | ff48 8b6c | 2448 4c8b | 5c24 404c | 895c 2438 | 4489 4424 | 4844 8954 
  0x000001eb4020f810: 2450 4889 | 4424 5890 

  0x000001eb4020f818: ;   {runtime_call UncommonTrapBlob}
  0x000001eb4020f818: c5f8 77e8 

  0x000001eb4020f81c: ; ImmutableOopMap {rbp=Oop [56]=Oop [72]=NarrowOop [88]=Oop [152]=Oop }
                      ;*iflt {reexecute=1 rethrow=0 return_oop=0}
                      ; - (reexecute) java.lang.StringLatin1::lastIndexOf@19 (line 294)
                      ; - java.lang.String::lastIndexOf@13 (line 2489)
                      ; - java.lang.String::lastIndexOf@8 (line 2451)
                      ; - java.lang.Class::getPackageName@47 (line 1083)
                      ; - java.lang.ClassLoader::postDefineClass@2 (line 924)
                      ; - java.lang.ClassLoader::defineClass@37 (line 1018)
                      ; - java.security.SecureClassLoader::defineClass@12 (line 150)
  0x000001eb4020f81c: e070 84ff | 4d63 cae9 | 28ed ffff | 4983 c1fe | 498b c949 | 8bfb 4833 | c048 83f9 | 087f 1048 
  0x000001eb4020f83c: ffc9 784f | 4889 04cf | 48ff c97d | f7eb 44c5 | fdef c0e9 | 0d00 0000 | c5fe 7f07 | c5fe 7f47 
  0x000001eb4020f85c: 2048 83c7 | 4048 83e9 | 087d ed48 | 83c1 047c | 0cc5 fe7f | 0748 83c7 | 2048 83e9 | 0448 83c1 
  0x000001eb4020f87c: 047e 1048 | ffc9 c5f9 | d607 4883 | c708 48ff | c97d f3e9 | 9ced ffff | bacc ffff | ff48 8b6c 
  0x000001eb4020f89c: 2448 4c8b | 5c24 584c | 895c 2430 | 4c8b 5c24 | 404c 895c | 2438 4489 | 4424 4844 | 8954 2450 
  0x000001eb4020f8bc: 4889 5c24 | 6066 6690 

  0x000001eb4020f8c4: ;   {runtime_call UncommonTrapBlob}
  0x000001eb4020f8c4: c5f8 77e8 

  0x000001eb4020f8c8: ; ImmutableOopMap {rbp=Oop [48]=Oop [56]=Oop [72]=NarrowOop [96]=Oop }
                      ;*newarray {reexecute=1 rethrow=0 return_oop=0}
                      ; - (reexecute) java.util.Arrays::copyOfRange@41 (line 3822)
                      ; - java.lang.StringLatin1::newString@16 (line 769)
                      ; - java.lang.String::substring@41 (line 2714)
                      ; - java.lang.Class::getPackageName@62 (line 1084)
                      ; - java.lang.ClassLoader::postDefineClass@2 (line 924)
                      ; - java.lang.ClassLoader::defineClass@37 (line 1018)
                      ; - java.security.SecureClassLoader::defineClass@12 (line 150)
  0x000001eb4020f8c8: 3470 84ff | 4585 db40 | 0f95 c540 | 0fb6 ed83 | f501 ba45 | ffff ff4c | 8b54 2440 | 4c89 5424 
  0x000001eb4020f8e8: 284c 8b54 | 2448 4c89 | 5424 4044 | 8b54 2450 | 4489 5424 | 4844 8b54 | 2454 4489 | 5424 4c90 
  0x000001eb4020f908: ;   {runtime_call UncommonTrapBlob}
  0x000001eb4020f908: c5f8 77e8 

  0x000001eb4020f90c: ; ImmutableOopMap {[40]=Oop [56]=Oop [64]=Oop [152]=Oop }
                      ;*ifeq {reexecute=1 rethrow=0 return_oop=0}
                      ; - (reexecute) java.lang.String::indexOf@4 (line 2423)
                      ; - java.lang.String::indexOf@3 (line 2380)
                      ; - java.lang.ClassLoader::checkName@16 (line 1147)
                      ; - java.lang.ClassLoader::preDefineClass@1 (line 890)
                      ; - java.lang.ClassLoader::defineClass@4 (line 1015)
                      ; - java.security.SecureClassLoader::defineClass@12 (line 150)
  0x000001eb4020f90c: f06f 84ff | ba45 ffff | ff48 8b6c | 2440 4c8b | 5424 384c | 8954 2430 | 4c8b 5424 | 484c 8954 
  0x000001eb4020f92c: 2440 448b | 5c24 5044 | 895c 2448 | 448b 5c24 | 5444 895c | 244c 895c | 2458 6690 

  0x000001eb4020f948: ;   {runtime_call UncommonTrapBlob}
  0x000001eb4020f948: c5f8 77e8 

  0x000001eb4020f94c: ; ImmutableOopMap {rbp=Oop [48]=Oop [64]=Oop [152]=Oop }
                      ;*if_icmpne {reexecute=1 rethrow=0 return_oop=0}
                      ; - (reexecute) java.lang.ClassLoader::checkName@20 (line 1147)
                      ; - java.lang.ClassLoader::preDefineClass@1 (line 890)
                      ; - java.lang.ClassLoader::defineClass@4 (line 1015)
                      ; - java.security.SecureClassLoader::defineClass@12 (line 150)
  0x000001eb4020f94c: b06f 84ff | ba45 ffff | ff48 8b6c | 2440 894c | 242c 894c | 2430 4c8b | 5424 484c | 8954 2440 
  0x000001eb4020f96c: 448b 5c24 | 5044 895c | 2434 448b | 5424 5444 | 8954 2448 | 4889 5c24 | 5044 8974 | 244c 4489 
  0x000001eb4020f98c: 4c24 6c90 

  0x000001eb4020f990: ;   {runtime_call UncommonTrapBlob}
  0x000001eb4020f990: c5f8 77e8 

  0x000001eb4020f994: ; ImmutableOopMap {rbp=Oop [56]=Oop [64]=Oop [76]=NarrowOop [80]=Oop [152]=Oop }
                      ;*if_icmpgt {reexecute=1 rethrow=0 return_oop=0}
                      ; - (reexecute) java.lang.String::checkBoundsBeginEnd@6 (line 4605)
                      ; - java.lang.String::substring@8 (line 2709)
                      ; - java.lang.ClassLoader::checkCerts@21 (line 1154)
                      ; - java.lang.ClassLoader::preDefineClass@113 (line 907)
                      ; - java.lang.ClassLoader::defineClass@4 (line 1015)
                      ; - java.security.SecureClassLoader::defineClass@12 (line 150)
  0x000001eb4020f994: 686f 84ff | ba45 ffff | ff48 8b6c | 2448 4c8b | 4424 584c | 8944 2430 | 4c8b 4424 | 404c 8944 
  0x000001eb4020f9b4: 2438 448b | 4c24 5044 | 894c 2448 | 4c89 7424 | 5089 4c24 | 4c44 8954 | 245c 4489 | 5c24 6090 
  0x000001eb4020f9d4: ;   {runtime_call UncommonTrapBlob}
  0x000001eb4020f9d4: c5f8 77e8 

  0x000001eb4020f9d8: ; ImmutableOopMap {rbp=Oop [48]=Oop [56]=Oop [72]=NarrowOop [76]=NarrowOop [80]=Oop }
                      ;*ifle {reexecute=1 rethrow=0 return_oop=0}
                      ; - (reexecute) java.util.concurrent.ConcurrentHashMap::get@23 (line 937)
                      ; - java.lang.ClassLoader::getNamedPackage@5 (line 340)
                      ; - java.lang.ClassLoader::postDefineClass@9 (line 924)
                      ; - java.lang.ClassLoader::defineClass@37 (line 1018)
                      ; - java.security.SecureClassLoader::defineClass@12 (line 150)
  0x000001eb4020f9d8: 246f 84ff | ba45 ffff | ff48 8b6c | 2440 4c89 | 4424 284c | 894c 2430 | 4889 4c24 | 4866 6690 
  0x000001eb4020f9f8: ;   {runtime_call UncommonTrapBlob}
  0x000001eb4020f9f8: c5f8 77e8 

  0x000001eb4020f9fc: ; ImmutableOopMap {rbp=Oop [40]=Oop [48]=Oop [72]=Oop [88]=Oop }
                      ;*ifnonnull {reexecute=1 rethrow=0 return_oop=0}
                      ; - (reexecute) java.security.SecureClassLoader::getProtectionDomain@1 (line 213)
                      ; - java.security.SecureClassLoader::defineClass@9 (line 150)
  0x000001eb4020f9fc: 006f 84ff | ba45 ffff | ff4c 8b54 | 2440 4c89 | 5424 284c | 8b54 2448 | 4c89 5424 | 4044 8b54 
  0x000001eb4020fa1c: 2450 4489 | 5424 4844 | 8b54 2454 | 4489 5424 | 4c66 6690 

  0x000001eb4020fa30: ;   {runtime_call UncommonTrapBlob}
  0x000001eb4020fa30: c5f8 77e8 

  0x000001eb4020fa34: ; ImmutableOopMap {[40]=Oop [56]=Oop [64]=Oop [152]=Oop }
                      ;*if_icmpne {reexecute=1 rethrow=0 return_oop=0}
                      ; - (reexecute) java.lang.ClassLoader::checkName@30 (line 1147)
                      ; - java.lang.ClassLoader::preDefineClass@1 (line 890)
                      ; - java.lang.ClassLoader::defineClass@4 (line 1015)
                      ; - java.security.SecureClassLoader::defineClass@12 (line 150)
  0x000001eb4020fa34: c86e 84ff | ba45 ffff | ff4c 8b54 | 2440 4c89 | 5424 204c | 8b54 2448 | 4c89 5424 | 4044 8b5c 
  0x000001eb4020fa54: 2450 4489 | 5c24 4844 | 8b54 2454 | 4489 5424 | 4c48 895c | 2450 4889 | 7424 5844 | 8974 2460 
  0x000001eb4020fa74: ;   {runtime_call UncommonTrapBlob}
  0x000001eb4020fa74: c5f8 77e8 

  0x000001eb4020fa78: ; ImmutableOopMap {rbp=NarrowOop [32]=Oop [56]=Oop [64]=Oop [80]=Oop [88]=Oop [96]=NarrowOop [152]=Oop }
                      ;*ifnull {reexecute=1 rethrow=0 return_oop=0}
                      ; - (reexecute) java.security.CodeSource::getCertificates@4 (line 202)
                      ; - java.lang.ClassLoader::checkCerts@34 (line 1158)
                      ; - java.lang.ClassLoader::preDefineClass@113 (line 907)
                      ; - java.lang.ClassLoader::defineClass@4 (line 1015)
                      ; - java.security.SecureClassLoader::defineClass@12 (line 150)
  0x000001eb4020fa78: 846e 84ff | ba45 ffff | ff4c 8b54 | 2440 4c89 | 5424 204c | 8b54 2448 | 4c89 5424 | 4044 8b5c 
  0x000001eb4020fa98: 2450 4489 | 5c24 4844 | 8b54 2454 | 4489 5424 | 4c48 895c | 2450 4889 | 7424 5844 | 8974 2460 
  0x000001eb4020fab8: ;   {runtime_call UncommonTrapBlob}
  0x000001eb4020fab8: c5f8 77e8 

  0x000001eb4020fabc: ; ImmutableOopMap {rbp=NarrowOop [32]=Oop [56]=Oop [64]=Oop [80]=Oop [88]=Oop [96]=NarrowOop [152]=Oop }
                      ;*ifnull {reexecute=1 rethrow=0 return_oop=0}
                      ; - (reexecute) java.security.CodeSource::getCertificates@22 (line 205)
                      ; - java.lang.ClassLoader::checkCerts@34 (line 1158)
                      ; - java.lang.ClassLoader::preDefineClass@113 (line 907)
                      ; - java.lang.ClassLoader::defineClass@4 (line 1015)
                      ; - java.security.SecureClassLoader::defineClass@12 (line 150)
  0x000001eb4020fabc: 406e 84ff | ba45 ffff | ff48 8b6c | 2440 894c | 242c 894c | 2430 4c8b | 5424 484c | 8954 2440 
  0x000001eb4020fadc: 448b 5c24 | 5044 895c | 2434 448b | 5424 5444 | 8954 2448 | 4889 5c24 | 5044 8974 | 244c 4489 
  0x000001eb4020fafc: 4c24 6c44 | 894c 2470 

  0x000001eb4020fb04: ;   {runtime_call UncommonTrapBlob}
  0x000001eb4020fb04: c5f8 77e8 

  0x000001eb4020fb08: ; ImmutableOopMap {rbp=Oop [56]=Oop [64]=Oop [76]=NarrowOop [80]=Oop [152]=Oop }
                      ;*if_icmple {reexecute=1 rethrow=0 return_oop=0}
                      ; - (reexecute) java.lang.String::checkBoundsBeginEnd@11 (line 4605)
                      ; - java.lang.String::substring@8 (line 2709)
                      ; - java.lang.ClassLoader::checkCerts@21 (line 1154)
                      ; - java.lang.ClassLoader::preDefineClass@113 (line 907)
                      ; - java.lang.ClassLoader::defineClass@4 (line 1015)
                      ; - java.security.SecureClassLoader::defineClass@12 (line 150)
  0x000001eb4020fb08: f46d 84ff | ba45 ffff | ff4c 8b54 | 2440 4c89 | 5424 204c | 8b54 2448 | 4c89 5424 | 4066 6690 
  0x000001eb4020fb28: ;   {runtime_call UncommonTrapBlob}
  0x000001eb4020fb28: c5f8 77e8 

  0x000001eb4020fb2c: ; ImmutableOopMap {[32]=Oop [56]=Oop [64]=Oop [152]=Oop }
                      ;*ifne {reexecute=1 rethrow=0 return_oop=0}
                      ; - (reexecute) java.lang.ClassLoader::compareCerts@7 (line 1176)
                      ; - java.lang.ClassLoader::checkCerts@80 (line 1162)
                      ; - java.lang.ClassLoader::preDefineClass@113 (line 907)
                      ; - java.lang.ClassLoader::defineClass@4 (line 1015)
                      ; - java.security.SecureClassLoader::defineClass@12 (line 150)
  0x000001eb4020fb2c: d06d 84ff | baf6 ffff | ff66 6690 

  0x000001eb4020fb38: ;   {runtime_call UncommonTrapBlob}
  0x000001eb4020fb38: c5f8 77e8 

  0x000001eb4020fb3c: ; ImmutableOopMap {[96]=Oop [104]=Oop }
                      ;*invokevirtual putIfAbsent {reexecute=0 rethrow=0 return_oop=0}
                      ; - java.lang.ClassLoader::getNamedPackage@32 (line 344)
                      ; - java.lang.ClassLoader::postDefineClass@9 (line 924)
                      ; - java.lang.ClassLoader::defineClass@37 (line 1018)
                      ; - java.security.SecureClassLoader::defineClass@12 (line 150)
  0x000001eb4020fb3c: c06d 84ff | bade ffff | ff48 8be8 

  0x000001eb4020fb48: ;   {runtime_call UncommonTrapBlob}
  0x000001eb4020fb48: c5f8 77e8 

  0x000001eb4020fb4c: ; ImmutableOopMap {rbp=Oop }
                      ;*checkcast {reexecute=0 rethrow=0 return_oop=0}
                      ; - java.lang.ClassLoader::getNamedPackage@35 (line 344)
                      ; - java.lang.ClassLoader::postDefineClass@9 (line 924)
                      ; - java.lang.ClassLoader::defineClass@37 (line 1018)
                      ; - java.security.SecureClassLoader::defineClass@12 (line 150)
  0x000001eb4020fb4c: b06d 84ff | ba37 0100 | 0066 6690 

  0x000001eb4020fb58: ;   {runtime_call UncommonTrapBlob}
  0x000001eb4020fb58: c5f8 77e8 

  0x000001eb4020fb5c: ; ImmutableOopMap {[56]=Oop [64]=Oop [72]=Oop }
                      ;*new {reexecute=0 rethrow=0 return_oop=0}
                      ; - java.lang.ClassLoader::preDefineClass@56 (line 898)
                      ; - java.lang.ClassLoader::defineClass@4 (line 1015)
                      ; - java.security.SecureClassLoader::defineClass@12 (line 150)
  0x000001eb4020fb5c: a06d 84ff | 85c9 400f | 95c5 400f | b6ed 83f5 | 01ba 45ff | ffff 4c8b | 5424 484c | 8954 2420 
  0x000001eb4020fb7c: 4889 4424 | 5889 7c24 | 6066 6690 

  0x000001eb4020fb88: ;   {runtime_call UncommonTrapBlob}
  0x000001eb4020fb88: c5f8 77e8 

  0x000001eb4020fb8c: ; ImmutableOopMap {[32]=Oop [64]=Oop [88]=Oop [152]=Oop }
                      ;*ifeq {reexecute=1 rethrow=0 return_oop=0}
                      ; - (reexecute) java.lang.String::lastIndexOf@4 (line 2489)
                      ; - java.lang.String::lastIndexOf@8 (line 2451)
                      ; - java.lang.Class::getPackageName@47 (line 1083)
                      ; - java.lang.ClassLoader::postDefineClass@2 (line 924)
                      ; - java.lang.ClassLoader::defineClass@37 (line 1018)
                      ; - java.security.SecureClassLoader::defineClass@12 (line 150)
  0x000001eb4020fb8c: 706d 84ff | 498b d766 | 0f1f 8400 | 0000 0000 | 6666 6690 | c5f8 7749 | ba60 4d94 | a1fb 7f00 
  0x000001eb4020fbac: 0041 ffd2 | e9e6 eaff | ffba 45ff | ffff 488b | 6c24 484c | 8b5c 2458 | 4c89 5c24 | 304c 8b5c 
  0x000001eb4020fbcc: 2440 4c89 | 5c24 3844 | 8954 244c | 4489 5424 | 5048 8944 | 2458 4489 | 4c24 6090 

  0x000001eb4020fbe8: ;   {runtime_call UncommonTrapBlob}
  0x000001eb4020fbe8: c5f8 77e8 

  0x000001eb4020fbec: ; ImmutableOopMap {rbp=Oop [48]=Oop [56]=Oop [88]=Oop }
                      ;*if_icmpgt {reexecute=1 rethrow=0 return_oop=0}
                      ; - (reexecute) java.lang.String::checkBoundsBeginEnd@6 (line 4605)
                      ; - java.lang.String::substring@8 (line 2709)
                      ; - java.lang.Class::getPackageName@62 (line 1084)
                      ; - java.lang.ClassLoader::postDefineClass@2 (line 924)
                      ; - java.lang.ClassLoader::defineClass@37 (line 1018)
                      ; - java.security.SecureClassLoader::defineClass@12 (line 150)
  0x000001eb4020fbec: 106d 84ff | ba45 ffff | ff44 895c | 2438 6690 

  0x000001eb4020fbfc: ;   {runtime_call UncommonTrapBlob}
  0x000001eb4020fbfc: c5f8 77e8 

  0x000001eb4020fc00: ; ImmutableOopMap {rbp=NarrowOop [56]=NarrowOop [64]=Oop [72]=Oop }
                      ;*ifnull {reexecute=1 rethrow=0 return_oop=0}
                      ; - (reexecute) java.security.CodeSource::getCertificates@4 (line 202)
                      ; - java.lang.ClassLoader::postDefineClass@24 (line 927)
                      ; - java.lang.ClassLoader::defineClass@37 (line 1018)
                      ; - java.security.SecureClassLoader::defineClass@12 (line 150)
  0x000001eb4020fc00: fc6c 84ff | ba45 ffff | ff44 895c | 2438 6690 

  0x000001eb4020fc10: ;   {runtime_call UncommonTrapBlob}
  0x000001eb4020fc10: c5f8 77e8 

  0x000001eb4020fc14: ; ImmutableOopMap {rbp=NarrowOop [56]=NarrowOop [64]=Oop [72]=Oop }
                      ;*ifnull {reexecute=1 rethrow=0 return_oop=0}
                      ; - (reexecute) java.security.CodeSource::getCertificates@22 (line 205)
                      ; - java.lang.ClassLoader::postDefineClass@24 (line 927)
                      ; - java.lang.ClassLoader::defineClass@37 (line 1018)
                      ; - java.security.SecureClassLoader::defineClass@12 (line 150)
  0x000001eb4020fc14: e86c 84ff | ba45 ffff | ff48 8b6c | 2448 4c8b | 5c24 584c | 895c 2430 | 4c8b 5c24 | 404c 895c 
  0x000001eb4020fc34: 2438 4489 | 5424 4c44 | 8954 2450 | 4889 4424 | 5844 894c | 2460 4489 | 4c24 6490 

  0x000001eb4020fc50: ;   {runtime_call UncommonTrapBlob}
  0x000001eb4020fc50: c5f8 77e8 

  0x000001eb4020fc54: ; ImmutableOopMap {rbp=Oop [48]=Oop [56]=Oop [88]=Oop }
                      ;*if_icmple {reexecute=1 rethrow=0 return_oop=0}
                      ; - (reexecute) java.lang.String::checkBoundsBeginEnd@11 (line 4605)
                      ; - java.lang.String::substring@8 (line 2709)
                      ; - java.lang.Class::getPackageName@62 (line 1084)
                      ; - java.lang.ClassLoader::postDefineClass@2 (line 924)
                      ; - java.lang.ClassLoader::defineClass@37 (line 1018)
                      ; - java.security.SecureClassLoader::defineClass@12 (line 150)
  0x000001eb4020fc54: a86c 84ff | baf6 ffff | ff66 6690 

  0x000001eb4020fc60: ;   {runtime_call UncommonTrapBlob}
  0x000001eb4020fc60: c5f8 77e8 

  0x000001eb4020fc64: ; ImmutableOopMap {}
                      ;*invokevirtual isNamed {reexecute=0 rethrow=0 return_oop=0}
                      ; - java.lang.NamedPackage::<init>@12 (line 48)
                      ; - java.lang.ClassLoader::getNamedPackage@22 (line 342)
                      ; - java.lang.ClassLoader::postDefineClass@9 (line 924)
                      ; - java.lang.ClassLoader::defineClass@37 (line 1018)
                      ; - java.security.SecureClassLoader::defineClass@12 (line 150)
  0x000001eb4020fc64: 986c 84ff | ba12 0000 | 0048 8b6c | 2448 4c8b | 5424 404c | 8954 2438 | 448b 5424 | 5044 8954 
  0x000001eb4020fc84: 244c 6690 

  0x000001eb4020fc88: ;   {runtime_call UncommonTrapBlob}
  0x000001eb4020fc88: c5f8 77e8 

  0x000001eb4020fc8c: ; ImmutableOopMap {rbp=Oop [56]=Oop [76]=NarrowOop [88]=Oop [96]=Oop [104]=Oop }
                      ;*new {reexecute=0 rethrow=0 return_oop=0}
                      ; - java.lang.NamedPackage::<init>@18 (line 49)
                      ; - java.lang.ClassLoader::getNamedPackage@22 (line 342)
                      ; - java.lang.ClassLoader::postDefineClass@9 (line 924)
                      ; - java.lang.ClassLoader::defineClass@37 (line 1018)
                      ; - java.security.SecureClassLoader::defineClass@12 (line 150)
  0x000001eb4020fc8c: 706c 84ff | ba76 ffff | ff48 8b6c | 2448 4c8b | 5424 584c | 8954 2430 | 4c8b 5424 | 404c 8954 
  0x000001eb4020fcac: 2438 448b | 5c24 5044 | 895c 2448 | 4c89 7424 | 504c 8974 | 2458 4489 | 4c24 4c89 | 5c24 6489 
  0x000001eb4020fccc: 7c24 6890 

  0x000001eb4020fcd0: ;   {runtime_call UncommonTrapBlob}
  0x000001eb4020fcd0: c5f8 77e8 

  0x000001eb4020fcd4: ; ImmutableOopMap {rbp=Oop [48]=Oop [56]=Oop [72]=NarrowOop [76]=NarrowOop [80]=Oop [88]=Oop [104]=NarrowOop }
                      ;*if_icmpge {reexecute=1 rethrow=0 return_oop=0}
                      ; - (reexecute) java.lang.StringLatin1::hashCode@13 (line 196)
                      ; - java.lang.String::hashCode@27 (line 2344)
                      ; - java.util.concurrent.ConcurrentHashMap::get@1 (line 936)
                      ; - java.lang.ClassLoader::getNamedPackage@5 (line 340)
                      ; - java.lang.ClassLoader::postDefineClass@9 (line 924)
                      ; - java.lang.ClassLoader::defineClass@37 (line 1018)
                      ; - java.security.SecureClassLoader::defineClass@12 (line 150)
  0x000001eb4020fcd4: 286c 84ff | b901 0000 | 0045 33c0 | e9a0 f0ff | ff49 8bd7 | c5f8 7749 | ba60 4d94 | a1fb 7f00 
  0x000001eb4020fcf4: 0041 ffd2 | e9d7 ecff | ff49 8bd7 | c5f8 7749 | ba60 4d94 | a1fb 7f00 | 0041 ffd2 | e979 ecff 
  0x000001eb4020fd14: ffba 45ff | ffff 4c8b | 5c24 484c | 895c 2430 | 4c8b 5c24 | 584c 895c | 2438 4c89 | 7424 584c 
  0x000001eb4020fd34: 8974 2460 | 4489 4c24 | 5444 8954 | 2468 4889 | 5c24 7089 | 4c24 6c90 

  0x000001eb4020fd4c: ;   {runtime_call UncommonTrapBlob}
  0x000001eb4020fd4c: c5f8 77e8 

  0x000001eb4020fd50: ; ImmutableOopMap {[48]=Oop [56]=Oop [64]=Oop [80]=NarrowOop [84]=NarrowOop [88]=Oop [96]=Oop [112]=Oop }
                      ;*if_icmpne {reexecute=1 rethrow=0 return_oop=0}
                      ; - (reexecute) java.lang.String::equals@33 (line 1830)
                      ; - java.util.concurrent.ConcurrentHashMap::get@73 (line 940)
                      ; - java.lang.ClassLoader::getNamedPackage@5 (line 340)
                      ; - java.lang.ClassLoader::postDefineClass@9 (line 924)
                      ; - java.lang.ClassLoader::defineClass@37 (line 1018)
                      ; - java.security.SecureClassLoader::defineClass@12 (line 150)
  0x000001eb4020fd50: ac6b 84ff | ba45 ffff | ff4c 8b5c | 2448 4c89 | 5c24 304c | 8b5c 2458 | 4c89 5c24 | 384c 8974 
  0x000001eb4020fd70: 2458 4489 | 4c24 5444 | 8954 2460 

  0x000001eb4020fd7c: ;   {runtime_call UncommonTrapBlob}
  0x000001eb4020fd7c: c5f8 77e8 

  0x000001eb4020fd80: ; ImmutableOopMap {[48]=Oop [56]=Oop [64]=Oop [80]=NarrowOop [84]=NarrowOop [88]=Oop }
                      ;*ifge {reexecute=1 rethrow=0 return_oop=0}
                      ; - (reexecute) java.util.concurrent.ConcurrentHashMap::get@86 (line 943)
                      ; - java.lang.ClassLoader::getNamedPackage@5 (line 340)
                      ; - java.lang.ClassLoader::postDefineClass@9 (line 924)
                      ; - java.lang.ClassLoader::defineClass@37 (line 1018)
                      ; - java.security.SecureClassLoader::defineClass@12 (line 150)
  0x000001eb4020fd80: 7c6b 84ff | 448b c0ba | 45ff ffff | 488b 6c24 | 484c 8b4c | 2458 4c89 | 4c24 304c | 8b4c 2440 
  0x000001eb4020fda0: 4c89 4c24 | 388b 4c24 | 5089 4c24 | 484c 8974 | 2450 4489 | 4424 4c4c | 895c 2458 | 4489 5424 
  0x000001eb4020fdc0: 6066 6690 

  0x000001eb4020fdc4: ;   {runtime_call UncommonTrapBlob}
  0x000001eb4020fdc4: c5f8 77e8 

  0x000001eb4020fdc8: ; ImmutableOopMap {rbp=Oop [48]=Oop [56]=Oop [72]=NarrowOop [80]=Oop [88]=Oop }
                      ;*ifeq {reexecute=1 rethrow=0 return_oop=0}
                      ; - (reexecute) java.util.concurrent.ConcurrentHashMap::get@152 (line 947)
                      ; - java.lang.ClassLoader::getNamedPackage@5 (line 340)
                      ; - java.lang.ClassLoader::postDefineClass@9 (line 924)
                      ; - java.lang.ClassLoader::defineClass@37 (line 1018)
                      ; - java.security.SecureClassLoader::defineClass@12 (line 150)
  0x000001eb4020fdc8: 346b 84ff | ba45 ffff | ff4c 8b44 | 2448 4c89 | 4424 304c | 8b44 2458 | 4c89 4424 | 384c 8974 
  0x000001eb4020fde8: 2458 4c89 | 7424 604c | 895c 2468 | 4489 5424 | 5448 897c | 2470 4489 | 4c24 7890 

  0x000001eb4020fe04: ;   {runtime_call UncommonTrapBlob}
  0x000001eb4020fe04: c5f8 77e8 

  0x000001eb4020fe08: ; ImmutableOopMap {[48]=Oop [56]=Oop [64]=Oop [80]=NarrowOop [88]=Oop [96]=Oop [104]=Oop [112]=Oop }
                      ;*if_icmpne {reexecute=1 rethrow=0 return_oop=0}
                      ; - (reexecute) java.lang.String::equals@33 (line 1830)
                      ; - java.util.concurrent.ConcurrentHashMap::get@149 (line 947)
                      ; - java.lang.ClassLoader::getNamedPackage@5 (line 340)
                      ; - java.lang.ClassLoader::postDefineClass@9 (line 924)
                      ; - java.lang.ClassLoader::defineClass@37 (line 1018)
                      ; - java.security.SecureClassLoader::defineClass@12 (line 150)
  0x000001eb4020fe08: f46a 84ff | bade ffff | ff4c 8b54 | 2438 4c89 | 5424 2048 | 8944 2438 

  0x000001eb4020fe20: ;   {runtime_call UncommonTrapBlob}
  0x000001eb4020fe20: c5f8 77e8 

  0x000001eb4020fe24: ; ImmutableOopMap {[32]=Oop [56]=Oop [64]=Oop [72]=Oop }
                      ;*checkcast {reexecute=0 rethrow=0 return_oop=0}
                      ; - java.security.SecureClassLoader::getProtectionDomain@34 (line 222)
                      ; - java.security.SecureClassLoader::defineClass@9 (line 150)
  0x000001eb4020fe24: d86a 84ff | bade ffff | ff48 8b6c | 2448 4c8b | 4424 584c | 8944 2430 | 4c8b 4424 | 404c 8944 
  0x000001eb4020fe44: 2438 448b | 4424 5044 | 8944 2448 | 4c89 7424 | 504c 8974 | 2458 4c89 | 5c24 6044 | 8954 244c 
  0x000001eb4020fe64: 894c 246c 

  0x000001eb4020fe68: ;   {runtime_call UncommonTrapBlob}
  0x000001eb4020fe68: c5f8 77e8 

  0x000001eb4020fe6c: ; ImmutableOopMap {rbp=Oop [48]=Oop [56]=Oop [72]=NarrowOop [80]=Oop [88]=Oop [96]=Oop [108]=NarrowOop }
                      ;*instanceof {reexecute=0 rethrow=0 return_oop=0}
                      ; - java.lang.String::equals@8 (line 1832)
                      ; - java.util.concurrent.ConcurrentHashMap::get@149 (line 947)
                      ; - java.lang.ClassLoader::getNamedPackage@5 (line 340)
                      ; - java.lang.ClassLoader::postDefineClass@9 (line 924)
                      ; - java.lang.ClassLoader::defineClass@37 (line 1018)
                      ; - java.security.SecureClassLoader::defineClass@12 (line 150)
  0x000001eb4020fe6c: 906a 84ff | bade ffff | ff48 8b6c | 2448 4c8b | 4424 584c | 8944 2430 | 4c8b 4424 | 404c 8944 
  0x000001eb4020fe8c: 2438 448b | 4424 5044 | 8944 2448 | 4c89 7424 | 504c 8974 | 2458 4489 | 4c24 4c44 | 8954 2460 
  0x000001eb4020feac: 4489 5c24 | 6866 6690 

  0x000001eb4020feb4: ;   {runtime_call UncommonTrapBlob}
  0x000001eb4020feb4: c5f8 77e8 

  0x000001eb4020feb8: ; ImmutableOopMap {rbp=Oop [48]=Oop [56]=Oop [72]=NarrowOop [76]=NarrowOop [80]=Oop [88]=Oop [104]=NarrowOop }
                      ;*instanceof {reexecute=0 rethrow=0 return_oop=0}
                      ; - java.lang.String::equals@8 (line 1832)
                      ; - java.util.concurrent.ConcurrentHashMap::get@73 (line 940)
                      ; - java.lang.ClassLoader::getNamedPackage@5 (line 340)
                      ; - java.lang.ClassLoader::postDefineClass@9 (line 924)
                      ; - java.lang.ClassLoader::defineClass@37 (line 1018)
                      ; - java.security.SecureClassLoader::defineClass@12 (line 150)
  0x000001eb4020feb8: 446a 84ff | bade ffff | ff48 8b6c | 2440 4c8b | 5424 484c | 8954 2440 | 448b 5424 | 5044 8954 
  0x000001eb4020fed8: 2448 448b | 5424 5444 | 8954 244c | 4889 4424 | 5066 6690 

  0x000001eb4020feec: ;   {runtime_call UncommonTrapBlob}
  0x000001eb4020feec: c5f8 77e8 

  0x000001eb4020fef0: ; ImmutableOopMap {rbp=Oop [40]=Oop [56]=Oop [64]=Oop [80]=Oop [152]=Oop }
                      ;*checkcast {reexecute=0 rethrow=0 return_oop=0}
                      ; - java.lang.ClassLoader::checkCerts@65 (line 1161)
                      ; - java.lang.ClassLoader::preDefineClass@113 (line 907)
                      ; - java.lang.ClassLoader::defineClass@4 (line 1015)
                      ; - java.security.SecureClassLoader::defineClass@12 (line 150)
  0x000001eb4020fef0: 0c6a 84ff | baf6 ffff | ff49 8be8 | 4889 4c24 | 2066 6690 

  0x000001eb4020ff04: ;   {runtime_call UncommonTrapBlob}
  0x000001eb4020ff04: c5f8 77e8 

  0x000001eb4020ff08: ; ImmutableOopMap {rbp=Oop [32]=Oop }
                      ;*invokeinterface computeIfAbsent {reexecute=0 rethrow=0 return_oop=0}
                      ; - java.security.SecureClassLoader::getProtectionDomain@29 (line 222)
                      ; - java.security.SecureClassLoader::defineClass@9 (line 150)
  0x000001eb4020ff08: f469 84ff | baf4 ffff | ff66 6690 

  0x000001eb4020ff14: ;   {runtime_call UncommonTrapBlob}
  0x000001eb4020ff14: c5f8 77e8 

  0x000001eb4020ff18: ; ImmutableOopMap {[56]=Oop [64]=Oop [72]=Oop }
                      ;*checkcast {reexecute=0 rethrow=0 return_oop=0}
                      ; - java.security.SecureClassLoader::getProtectionDomain@34 (line 222)
                      ; - java.security.SecureClassLoader::defineClass@9 (line 150)
  0x000001eb4020ff18: e469 84ff | baf6 ffff | ff66 6690 

  0x000001eb4020ff24: ;   {runtime_call UncommonTrapBlob}
  0x000001eb4020ff24: c5f8 77e8 

  0x000001eb4020ff28: ; ImmutableOopMap {}
                      ;*arraylength {reexecute=0 rethrow=0 return_oop=0}
                      ; - java.lang.String::isEmpty@4 (line 1494)
                      ; - java.lang.ClassLoader::checkName@5 (line 1145)
                      ; - java.lang.ClassLoader::preDefineClass@1 (line 890)
                      ; - java.lang.ClassLoader::defineClass@4 (line 1015)
                      ; - java.security.SecureClassLoader::defineClass@12 (line 150)
  0x000001eb4020ff28: d469 84ff | baf6 ffff | ff66 6690 

  0x000001eb4020ff34: ;   {runtime_call UncommonTrapBlob}
  0x000001eb4020ff34: c5f8 77e8 

  0x000001eb4020ff38: ; ImmutableOopMap {}
                      ;*invokevirtual getPackageName {reexecute=0 rethrow=0 return_oop=0}
                      ; - java.lang.ClassLoader::postDefineClass@2 (line 924)
                      ; - java.lang.ClassLoader::defineClass@37 (line 1018)
                      ; - java.security.SecureClassLoader::defineClass@12 (line 150)
  0x000001eb4020ff38: c469 84ff | baf6 ffff | ff66 6690 

  0x000001eb4020ff44: ;   {runtime_call UncommonTrapBlob}
  0x000001eb4020ff44: c5f8 77e8 

  0x000001eb4020ff48: ; ImmutableOopMap {}
                      ;*invokevirtual hashCode {reexecute=0 rethrow=0 return_oop=0}
                      ; - java.util.concurrent.ConcurrentHashMap::get@1 (line 936)
                      ; - java.lang.ClassLoader::getNamedPackage@5 (line 340)
                      ; - java.lang.ClassLoader::postDefineClass@9 (line 924)
                      ; - java.lang.ClassLoader::defineClass@37 (line 1018)
                      ; - java.security.SecureClassLoader::defineClass@12 (line 150)
  0x000001eb4020ff48: b469 84ff | 4d85 d240 | 0f95 c540 | 0fb6 ed83 | f501 ba45 | ffff ff48 | 8944 2430 

  0x000001eb4020ff64: ;   {runtime_call UncommonTrapBlob}
  0x000001eb4020ff64: c5f8 77e8 

  0x000001eb4020ff68: ; ImmutableOopMap {[48]=Oop [64]=Oop [72]=Oop [152]=Oop }
                      ;*ifeq {reexecute=1 rethrow=0 return_oop=0}
                      ; - (reexecute) java.lang.Class::getPackageName@29 (line 1079)
                      ; - java.lang.ClassLoader::postDefineClass@2 (line 924)
                      ; - java.lang.ClassLoader::defineClass@37 (line 1018)
                      ; - java.security.SecureClassLoader::defineClass@12 (line 150)
  0x000001eb4020ff68: 9469 84ff | baf6 ffff | ff66 6690 

  0x000001eb4020ff74: ;   {runtime_call UncommonTrapBlob}
  0x000001eb4020ff74: c5f8 77e8 

  0x000001eb4020ff78: ; ImmutableOopMap {}
                      ;*arraylength {reexecute=0 rethrow=0 return_oop=0}
                      ; - java.lang.String::length@4 (line 1481)
                      ; - java.lang.String::lastIndexOf@3 (line 2451)
                      ; - java.lang.Class::getPackageName@47 (line 1083)
                      ; - java.lang.ClassLoader::postDefineClass@2 (line 924)
                      ; - java.lang.ClassLoader::defineClass@37 (line 1018)
                      ; - java.security.SecureClassLoader::defineClass@12 (line 150)
  0x000001eb4020ff78: 8469 84ff | ba45 ffff | ff48 8b6c | 2440 4c8b | 5424 384c | 8954 2430 | 4c8b 5424 | 484c 8954 
  0x000001eb4020ff98: 2440 448b | 5c24 5044 | 895c 2448 | 448b 5424 | 5444 8954 | 244c 6690 

  0x000001eb4020ffb0: ;   {runtime_call UncommonTrapBlob}
  0x000001eb4020ffb0: c5f8 77e8 

  0x000001eb4020ffb4: ; ImmutableOopMap {rbp=Oop [48]=Oop [64]=Oop [152]=Oop }
                      ;*ifnull {reexecute=1 rethrow=0 return_oop=0}
                      ; - (reexecute) java.lang.ClassLoader::checkName@1 (line 1145)
                      ; - java.lang.ClassLoader::preDefineClass@1 (line 890)
                      ; - java.lang.ClassLoader::defineClass@4 (line 1015)
                      ; - java.security.SecureClassLoader::defineClass@12 (line 150)
  0x000001eb4020ffb4: 4869 84ff | ba45 ffff | ff48 8b6c | 2440 4c8b | 5424 484c | 8954 2430 | 448b 5c24 | 5044 895c 
  0x000001eb4020ffd4: 2440 448b | 5424 5444 | 8954 2444 | 4889 5c24 | 4848 8974 | 2458 4489 | 7424 5490 

  0x000001eb4020fff0: ;   {runtime_call UncommonTrapBlob}
  0x000001eb4020fff0: c5f8 77e8 

  0x000001eb4020fff4: ; ImmutableOopMap {rbp=Oop [48]=Oop [56]=Oop [72]=Oop [84]=NarrowOop [88]=Oop [152]=Oop }
                      ;*ifnull {reexecute=1 rethrow=0 return_oop=0}
                      ; - (reexecute) java.lang.ClassLoader::checkCerts@30 (line 1157)
                      ; - java.lang.ClassLoader::preDefineClass@113 (line 907)
                      ; - java.lang.ClassLoader::defineClass@4 (line 1015)
                      ; - java.security.SecureClassLoader::defineClass@12 (line 150)
  0x000001eb4020fff4: 0869 84ff | ba45 ffff | ff48 8b6c | 2440 4c8b | 5424 384c | 8954 2428 | 4489 4c24 | 4466 6690 
  0x000001eb40210014: ;   {runtime_call UncommonTrapBlob}
  0x000001eb40210014: c5f8 77e8 

  0x000001eb40210018: ; ImmutableOopMap {rbp=Oop [40]=Oop [68]=NarrowOop [72]=Oop [152]=Oop }
                      ;*ifnull {reexecute=1 rethrow=0 return_oop=0}
                      ; - (reexecute) java.lang.ClassLoader::defineClassSourceLocation@8 (line 916)
                      ; - java.lang.ClassLoader::defineClass@12 (line 1016)
                      ; - java.security.SecureClassLoader::defineClass@12 (line 150)
  0x000001eb40210018: e468 84ff | ba45 ffff | ff4c 8b54 | 2440 4c89 | 5424 204c | 8b54 2438 | 4c89 5424 | 304c 8b54 
  0x000001eb40210038: 2448 4c89 | 5424 3844 | 894c 2448 

  0x000001eb40210044: ;   {runtime_call UncommonTrapBlob}
  0x000001eb40210044: c5f8 77e8 

  0x000001eb40210048: ; ImmutableOopMap {rbp=NarrowOop [32]=Oop [48]=Oop [56]=Oop [72]=NarrowOop [152]=Oop }
                      ;*ifnull {reexecute=1 rethrow=0 return_oop=0}
                      ; - (reexecute) java.lang.ClassLoader::defineClassSourceLocation@15 (line 916)
                      ; - java.lang.ClassLoader::defineClass@12 (line 1016)
                      ; - java.security.SecureClassLoader::defineClass@12 (line 150)
  0x000001eb40210048: b468 84ff | baf6 ffff | ff66 6690 

  0x000001eb40210054: ;   {runtime_call UncommonTrapBlob}
  0x000001eb40210054: c5f8 77e8 

  0x000001eb40210058: ; ImmutableOopMap {}
                      ;*arraylength {reexecute=0 rethrow=0 return_oop=0}
                      ; - java.lang.String::isEmpty@4 (line 1494)
                      ; - java.lang.NamedPackage::<init>@5 (line 48)
                      ; - java.lang.ClassLoader::getNamedPackage@22 (line 342)
                      ; - java.lang.ClassLoader::postDefineClass@9 (line 924)
                      ; - java.lang.ClassLoader::defineClass@37 (line 1018)
                      ; - java.security.SecureClassLoader::defineClass@12 (line 150)
  0x000001eb40210058: a468 84ff | ba45 ffff | ff44 895c | 2438 6690 

  0x000001eb40210068: ;   {runtime_call UncommonTrapBlob}
  0x000001eb40210068: c5f8 77e8 

  0x000001eb4021006c: ; ImmutableOopMap {[56]=NarrowOop [64]=Oop [72]=Oop [88]=Oop }
                      ;*ifnull {reexecute=1 rethrow=0 return_oop=0}
                      ; - (reexecute) java.lang.ClassLoader::postDefineClass@17 (line 926)
                      ; - java.lang.ClassLoader::defineClass@37 (line 1018)
                      ; - java.security.SecureClassLoader::defineClass@12 (line 150)
  0x000001eb4021006c: 9068 84ff | baf6 ffff | ff66 6690 

  0x000001eb40210078: ;   {runtime_call UncommonTrapBlob}
  0x000001eb40210078: c5f8 77e8 

  0x000001eb4021007c: ; ImmutableOopMap {}
                      ;*arraylength {reexecute=0 rethrow=0 return_oop=0}
                      ; - java.lang.StringLatin1::hashCode@5 (line 196)
                      ; - java.lang.String::hashCode@27 (line 2344)
                      ; - java.util.concurrent.ConcurrentHashMap::get@1 (line 936)
                      ; - java.lang.ClassLoader::getNamedPackage@5 (line 340)
                      ; - java.lang.ClassLoader::postDefineClass@9 (line 924)
                      ; - java.lang.ClassLoader::defineClass@37 (line 1018)
                      ; - java.security.SecureClassLoader::defineClass@12 (line 150)
  0x000001eb4021007c: 8068 84ff | ba45 ffff | ff48 8b6c | 2448 4c8b | 4424 584c | 8944 2430 | 4c8b 4424 | 404c 8944 
  0x000001eb4021009c: 2438 448b | 4424 5044 | 8944 2448 | 4c89 7424 | 5044 894c | 244c 4489 | 5424 5c44 | 895c 2460 
  0x000001eb402100bc: ;   {runtime_call UncommonTrapBlob}
  0x000001eb402100bc: c5f8 77e8 

  0x000001eb402100c0: ; ImmutableOopMap {rbp=Oop [48]=Oop [56]=Oop [72]=NarrowOop [76]=NarrowOop [80]=Oop [96]=NarrowOop }
                      ;*ifnull {reexecute=1 rethrow=0 return_oop=0}
                      ; - (reexecute) java.util.concurrent.ConcurrentHashMap::get@67 (line 940)
                      ; - java.lang.ClassLoader::getNamedPackage@5 (line 340)
                      ; - java.lang.ClassLoader::postDefineClass@9 (line 924)
                      ; - java.lang.ClassLoader::defineClass@37 (line 1018)
                      ; - java.security.SecureClassLoader::defineClass@12 (line 150)
  0x000001eb402100c0: 3c68 84ff | ba45 ffff | ff48 8b6c | 2448 4c8b | 4424 584c | 8944 2430 | 4c8b 4424 | 404c 8944 
  0x000001eb402100e0: 2438 448b | 4c24 5044 | 894c 2448 | 4c89 7424 | 504c 895c | 2458 4489 | 5424 6089 | 4c24 6490 
  0x000001eb40210100: ;   {runtime_call UncommonTrapBlob}
  0x000001eb40210100: c5f8 77e8 

  0x000001eb40210104: ; ImmutableOopMap {rbp=Oop [48]=Oop [56]=Oop [72]=NarrowOop [80]=Oop [88]=Oop [100]=NarrowOop }
                      ;*ifnull {reexecute=1 rethrow=0 return_oop=0}
                      ; - (reexecute) java.util.concurrent.ConcurrentHashMap::get@143 (line 946)
                      ; - java.lang.ClassLoader::getNamedPackage@5 (line 340)
                      ; - java.lang.ClassLoader::postDefineClass@9 (line 924)
                      ; - java.lang.ClassLoader::defineClass@37 (line 1018)
                      ; - java.security.SecureClassLoader::defineClass@12 (line 150)
  0x000001eb40210104: f867 84ff | e93e 0000 | 00e9 3900 | 0000 e934 | 0000 00e9 | 2f00 0000 | 0f1f 4000 | e926 0000 
  0x000001eb40210124: 00e9 2100 | 0000 e913 | 0000 00eb | 11e9 1500 | 0000 e910 | 0000 00eb | 0eeb 0c90 | eb09 488b 
  0x000001eb40210144: d0eb 07eb | 02eb 0048 | 8bd0 c5f8 | 7748 81c4 | c000 0000 

  0x000001eb40210158: ;   {runtime_call _rethrow_Java}
  0x000001eb40210158: 5de9 a2ea 

  0x000001eb4021015c: ;   {internal_word}
  0x000001eb4021015c: 8eff 49ba | 3aec 2040 | eb01 0000 | 4d89 9768 

  0x000001eb4021016c: ;   {runtime_call SafepointBlob}
  0x000001eb4021016c: 0300 00e9 | 8c78 84ff | f4f4 f4f4 | f4f4 f4f4 | f4f4 f4f4 
[Stub Code]
  0x000001eb40210180: ;   {no_reloc}
  0x000001eb40210180: 48bb 0000 | 0000 0000 

  0x000001eb40210188: ;   {runtime_call}
  0x000001eb40210188: 0000 e9fb 

  0x000001eb4021018c: ;   {static_stub}
  0x000001eb4021018c: ffff ff48 | bb00 0000 | 0000 0000 

  0x000001eb40210198: ;   {runtime_call}
  0x000001eb40210198: 00e9 fbff 

  0x000001eb4021019c: ;   {static_stub}
  0x000001eb4021019c: ffff 48bb | 0000 0000 | 0000 0000 

  0x000001eb402101a8: ;   {runtime_call}
  0x000001eb402101a8: e9fb ffff 

  0x000001eb402101ac: ;   {static_stub}
  0x000001eb402101ac: ff48 bb00 | 0000 0000 

  0x000001eb402101b4: ;   {runtime_call}
  0x000001eb402101b4: 0000 00e9 | fbff ffff 

  0x000001eb402101bc: ;   {static_stub}
  0x000001eb402101bc: 48bb 0000 | 0000 0000 

  0x000001eb402101c4: ;   {runtime_call}
  0x000001eb402101c4: 0000 e9fb 

  0x000001eb402101c8: ;   {static_stub}
  0x000001eb402101c8: ffff ff48 | bb00 0000 | 0000 0000 

  0x000001eb402101d4: ;   {runtime_call}
  0x000001eb402101d4: 00e9 fbff 

  0x000001eb402101d8: ;   {static_stub}
  0x000001eb402101d8: ffff 48bb | 0000 0000 | 0000 0000 

  0x000001eb402101e4: ;   {runtime_call}
  0x000001eb402101e4: e9fb ffff 

  0x000001eb402101e8: ;   {static_stub}
  0x000001eb402101e8: ff48 bb00 | 0000 0000 

  0x000001eb402101f0: ;   {runtime_call}
  0x000001eb402101f0: 0000 00e9 | fbff ffff 

  0x000001eb402101f8: ;   {static_stub}
  0x000001eb402101f8: 48bb 0000 | 0000 0000 

  0x000001eb40210200: ;   {runtime_call}
  0x000001eb40210200: 0000 e9fb 

  0x000001eb40210204: ;   {static_stub}
  0x000001eb40210204: ffff ff48 | bb00 0000 | 0000 0000 

  0x000001eb40210210: ;   {runtime_call}
  0x000001eb40210210: 00e9 fbff 

  0x000001eb40210214: ;   {runtime_call ExceptionBlob}
  0x000001eb40210214: ffff e9e5 | 5b85 ffe8 | 0000 0000 | 4883 2c24 

  0x000001eb40210224: ;   {runtime_call DeoptimizationBlob}
  0x000001eb40210224: 05e9 766a | 84ff f4f4 | f4f4 f4f4 
[/MachCode]


Compiled method (c2)  127032 3848   !   4       java.net.URLClassLoader$1::run (81 bytes)
 total in heap  [0x000001eb401c2f10,0x000001eb401cf850] = 51520
 relocation     [0x000001eb401c3068,0x000001eb401c3570] = 1288
 main code      [0x000001eb401c3580,0x000001eb401cb140] = 31680
 stub code      [0x000001eb401cb140,0x000001eb401cb3a0] = 608
 oops           [0x000001eb401cb3a0,0x000001eb401cb3d0] = 48
 metadata       [0x000001eb401cb3d0,0x000001eb401cb820] = 1104
 scopes data    [0x000001eb401cb820,0x000001eb401ce128] = 10504
 scopes pcs     [0x000001eb401ce128,0x000001eb401cee68] = 3392
 dependencies   [0x000001eb401cee68,0x000001eb401cef18] = 176
 handler table  [0x000001eb401cef18,0x000001eb401cf770] = 2136
 nul chk table  [0x000001eb401cf770,0x000001eb401cf850] = 224

[Constant Pool (empty)]

[MachCode]
[Entry Point]
  # {method} {0x000001eb90092c50} 'run' '()Ljava/lang/Class;' in 'java/net/URLClassLoader$1'
  #           [sp+0x100]  (sp of caller)
  0x000001eb401c3580: 448b 5208 | 49bb 0000 | 004f eb01 | 0000 4d03 | d349 3bc2 

  0x000001eb401c3594: ;   {runtime_call ic_miss_stub}
  0x000001eb401c3594: 0f85 e6da | 88ff 6690 | 0f1f 4000 
[Verified Entry Point]
  0x000001eb401c35a0: 8984 2400 | 90ff ff55 | 4881 ecf0 | 0000 0048 | 8954 2450 | 8b7a 0c66 | 0f1f 8400 | 0000 0000 
  0x000001eb401c35c0: ; implicit exception: dispatches to 0x000001eb401ca2b4
  0x000001eb401c35c0: 440f be57 | 1045 85d2 | 0f85 c957 | 0000 8b4f | 148b 710c | 4c8b d7c4 | c1f9 6ec2 | 0f1f 4000 
  0x000001eb401c35e0: 85f6 0f86 | 3404 0000 | 8bc6 ffc8 | 3bc6 0f83 | c452 0000 | 448b ee41 | 83c5 fd4c | 8bf1 6690 
  0x000001eb401c3600: 8079 102e | 0f84 1e38 | 0000 4183 | fd01 0f8e | 7c53 0000 | 41b8 0100 | 0000 bb01 | 0000 0044 
  0x000001eb401c3620: 8bde 452b | d841 83c3 | fd45 33d2 | 453b e845 | 0f4c da41 | 81fb a00f | 0000 41ba | a00f 0000 
  0x000001eb401c3640: 450f 47da | 4503 d866 | 0f1f 8400 | 0000 0000 | 4d63 d046 | 0fbe 4c11 | 100f 1f80 | 0000 0000 
  0x000001eb401c3660: 4183 f92e | 0f84 a000 | 0000 420f | be54 1111 | 83fa 2e0f | 8496 0000 | 0046 0fbe | 4c11 1290 
  0x000001eb401c3680: 4183 f92e | 0f84 7c00 | 0000 460f | be54 1113 | 418b e883 | c503 4183 | fa2e 660f | 1f44 0000 
  0x000001eb401c36a0: 0f84 6e00 | 0000 4183 | c004 453b | c37c a14d | 8b9f 5803 | 0000 4c8b 

  0x000001eb401c36b8: ; ImmutableOopMap {r9=Oop rcx=NarrowOop rdi=NarrowOop r14=Oop xmm0=Oop [80]=Oop }
                      ;*if_icmpne {reexecute=1 rethrow=0 return_oop=0}
                      ; - (reexecute) java.lang.StringLatin1::replace@28 (line 307)
                      ; - java.lang.String::replace@18 (line 2808)
                      ; - java.net.URLClassLoader$1::run@8 (line 423)
                      ;   {poll}
  0x000001eb401c36b8: 4c24 5041 | 8503 6690 | 453b c50f | 8c56 ffff | ff44 3bc6 | 0f8d 4f03 | 0000 6690 | 460f be54 
  0x000001eb401c36d8: 0110 660f | 1f44 0000 | 4183 fa2e | 0f84 3f4d | 0000 41ff | c044 3bc6 | 7ce2 e92a | 0300 00c4 
  0x000001eb401c36f8: c179 7ed5 | c4c1 f97e | cae9 c600 | 0000 4183 | c002 418b | e8eb 0541 | 8be8 ffc5 | 3bee 0f8d 
  0x000001eb401c3718: 0503 0000 | 0f1f 4000 | 81fe 0000 | 1000 0f87 | cb3e 0000 | 4d8b 9708 | 0100 004c | 63de 4983 
  0x000001eb401c3738: c317 4983 | e3f8 4d8b | c24d 03c3 | 4d3b 8718 | 0100 000f | 83a6 3e00 | 004d 8987 | 0801 0000 
  0x000001eb401c3758: 410f 0d88 | c000 0000 | 49c7 0201 | 0000 0041 | 0f0d 8800 

  0x000001eb401c376c: ;   {metadata({type array byte})}
  0x000001eb401c376c: 0100 0041 | c742 0838 | 6700 0041 | 8972 0c41 | 0f0d 8840 | 0100 0041 | 0f0d 8880 | 0100 0085 
  0x000001eb401c378c: ed0f 8ed3 | 0000 0044 | 8bc5 41ff | c844 3bc6 | 0f1f 4000 | 0f83 8a56 | 0000 85f6 | 0f86 8256 
  0x000001eb401c37ac: 0000 440f | be49 1045 | 884a 1041 | 83f8 010f | 1f44 0000 | 0f8e 8a56 | 0000 41b9 | 0100 0000 
  0x000001eb401c37cc: 8bd5 412b | d1ff ca45 | 33db 453b | c141 0f4c | d381 fad0 | 0700 0041 | bbd0 0700 | 0041 0f47 
  0x000001eb401c37ec: d341 03d1 | c4c1 796e | d5c4 c1f9 | 6eca 660f | 1f44 0000 | 4d63 e946 | 0fbe 5429 | 10c4 c1f9 
  0x000001eb401c380c: 7ecb 4788 | 542b 1046 | 0fbe 5c29 | 11c4 c1f9 | 7eca 4788 | 5c2a 1141 | 83c1 0244 | 3bca 7cd4 
  0x000001eb401c382c: 4d8b 9758 

  0x000001eb401c3830: ; ImmutableOopMap {rcx=NarrowOop rdi=NarrowOop r14=Oop xmm0=Oop xmm1=Oop [80]=Oop }
                      ;*goto {reexecute=1 rethrow=0 return_oop=0}
                      ; - (reexecute) java.lang.StringLatin1::replace@76 (line 314)
                      ; - java.lang.String::replace@18 (line 2808)
                      ; - java.net.URLClassLoader$1::run@8 (line 423)
                      ;   {poll}
  0x000001eb401c3830: 0300 0041 | 8502 453b | c80f 8cb8 | feff ffc4 | c179 7ed5 | c4c1 f97e | ca44 3bcd | 7d18 6690 
  0x000001eb401c3850: 4d63 c146 | 0fbe 5c01 | 1047 885c | 0210 41ff | c144 3bcd | 7cea 3bee | 0f8d 5c01 | 0000 3bee 
  0x000001eb401c3870: 0f83 ba53 | 0000 3bc6 | 0f83 b253 | 0000 448b | dd41 ffc3 | 4c63 c546 | 0fbe 4c01 | 1041 83f9 
  0x000001eb401c3890: 2e0f 841a | 1d00 0047 | 884c 0210 | ffc5 6690 | 413b eb7c | df41 3bed | 0f8d f700 | 0000 e99e 
  0x000001eb401c38b0: 0000 00bf | 2f00 0000 | 0f1f 8400 | 0000 0000 | 4388 7c1a | 1383 c504 | 413b e90f | 8d71 0000 
  0x000001eb401c38d0: 004c 63dd | 460f be44 | 1910 660f | 1f44 0000 | 4183 f82e | 0f84 4c00 | 0000 4788 | 441a 1042 
  0x000001eb401c38f0: 0fbe 7c19 | 1183 ff2e | 0f84 3100 | 0000 4388 | 7c1a 1146 | 0fbe 4419 | 1241 83f8 | 2e74 1847 
  0x000001eb401c3910: 8844 1a12 | 420f be7c | 1913 660f | 1f44 0000 | 83ff 2e75 | 9beb 8c41 | b82f 0000 | 00eb e0bf 
  0x000001eb401c3930: 2f00 0000 | ebc8 41b8 | 2f00 0000 | 0f1f 4000 | eba8 4d8b | 9f58 0300 

  0x000001eb401c3948: ; ImmutableOopMap {r10=Oop rcx=NarrowOop r14=Oop xmm0=Oop [80]=Oop }
                      ;*goto {reexecute=1 rethrow=0 return_oop=0}
                      ; - (reexecute) java.lang.StringLatin1::replace@113 (line 321)
                      ; - java.lang.String::replace@18 (line 2808)
                      ; - java.net.URLClassLoader$1::run@8 (line 423)
                      ;   {poll}
  0x000001eb401c3948: 0041 8503 | 413b ed7d | 5444 8bce | 442b cd41 | 83c1 fd45 | 33c0 443b | ed45 0f4c | c841 81f9 
  0x000001eb401c3968: a00f 0000 | 41bb a00f | 0000 450f | 47cb 4403 | cde9 53ff | ffff c644 | 0f10 2ec6 | 440f 1163 
  0x000001eb401c3988: c644 0f12 | 6cc6 440f | 1361 c644 | 0f14 73c6 | 440f 1573 | 0f1f 4000 | e998 0100 | 003b ee7d 
  0x000001eb401c39a8: 2166 6690 | 4c63 dd46 | 0fbe 4c19 | 1041 83f9 | 2e0f 84d8 | 3200 0047 | 884c 1a10 | ffc5 3bee 
  0x000001eb401c39c8: 7ce2 4d8b | 9f08 0100 | 004d 8bc3 | 4983 c018 | 0f1f 8400 | 0000 0000 | 4d3b 8718 | 0100 000f 
  0x000001eb401c39e8: 837b 3c00 | 004d 8987 | 0801 0000 | 410f 0d88 | c000 0000 | 49c7 0301 

  0x000001eb401c3a00: ;   {metadata('java/lang/String')}
  0x000001eb401c3a00: 0000 0041 | c743 08f0 | e900 0045 | 8963 0c4d | 8963 104d | 8bca 4589 | 4b14 eb0d | bb01 0000 
  0x000001eb401c3a20: 004c 8bd1 | c4c1 f97e | c341 8b72 | 0c85 f60f | 8687 1b00 | 0045 0fbe | 7310 448b | ce41 8bce 
  0x000001eb401c3a40: 41d3 f949 | 63c1 4183 | fe01 0f84 | 4856 0000 | 4585 c90f | 8cdf 5500 | 0048 8be8 | 4883 c506 
  0x000001eb401c3a60: 448b c545 | 85c0 0f8c | f055 0000 | 488b cd48 | c1f9 208b | c941 d3e0 | 4585 c00f | 1f44 0000 
  0x000001eb401c3a80: 0f8c 3656 | 0000 4181 | f800 0010 | 000f 8712 | 5100 0049 | 63c8 6666 | 0f1f 8400 | 0000 0000 
  0x000001eb401c3aa0: 4181 f800 | 0010 000f | 877b 3900 | 0049 8bbf | 0801 0000 | 4883 c117 | 4883 e1f8 | 488b d748 
  0x000001eb401c3ac0: 03d1 493b | 9718 0100 | 000f 8359 | 3900 0049 | 8997 0801 | 0000 0f0d | 8ac0 0000 | 0048 c707 
  0x000001eb401c3ae0: 0100 0000 | 0f0d 8a00 

  0x000001eb401c3ae8: ;   {metadata({type array byte})}
  0x000001eb401c3ae8: 0100 00c7 | 4708 3867 | 0000 4489 | 470c 0f0d | 8a40 0100 | 000f 0d8a | 8001 0000 | 418b d183 
  0x000001eb401c3b08: c206 443b | c20f 82d5 | 5000 0049 | 63c9 4585 | c90f 8e5f | feff ffc6 | 440f 1573 | c644 0f14 
  0x000001eb401c3b28: 73c6 440f | 1361 c644 | 0f12 6cc6 | 440f 1163 | c644 0f10 | 2e66 6690 | 4585 f60f | 852b 5500 
  0x000001eb401c3b48: 0044 3bc6 | 0f82 be50 | 0000 85f6 | 7621 488b | d748 83c2 | 1049 83c2 | 104c 63c6 | 498b cac5 
  0x000001eb401c3b68: f877 49ba | 607f a33f | eb01 0000 | 41ff d249 | 8b87 0801 | 0000 4c8b | d049 83c2 | 184d 3b97 
  0x000001eb401c3b88: 1801 0000 | 0f83 0b39 | 0000 4d89 | 9708 0100 | 0041 0f0d | 8ac0 0000 | 0048 c700 | 0100 0000 
  0x000001eb401c3ba8: ;   {metadata('java/lang/String')}
  0x000001eb401c3ba8: c740 08f0 | e900 0044 | 8960 0c44 | 8960 104c | 8bd7 4489 | 5014 4889 | 4424 304c | 8b54 2450 
  0x000001eb401c3bc8: 458b 5210 

  0x000001eb401c3bcc: ; implicit exception: dispatches to 0x000001eb401ca2dc
  0x000001eb401c3bcc: 458b 5254 | 4585 d20f | 84cc 4c00 | 0089 5c24 | 284d 8bda | 4c89 5c24 | 2044 8954 | 242c 498b 
  0x000001eb401c3bec: d345 33c0 

  0x000001eb401c3bf0: ;   {optimized virtual_call}
  0x000001eb401c3bf0: c5f8 77e8 

  0x000001eb401c3bf4: ; ImmutableOopMap {[32]=Oop [44]=NarrowOop [48]=Oop [80]=Oop }
                      ;*invokevirtual getLoader {reexecute=0 rethrow=0 return_oop=1}
                      ; - jdk.internal.loader.URLClassPath::getResource@42 (line 318)
                      ; - java.net.URLClassLoader$1::run@26 (line 424)
  0x000001eb401c3bf4: c8f3 faff | 4885 c00f | 1f44 0000 | 0f84 2e32 | 0000 49b9 | 0000 b047 | eb01 0000 | 4533 d244 
  0x000001eb401c3c14: 8b58 0866 | 0f1f 8400 | 0000 0000 

  0x000001eb401c3c20: ;   {metadata('jdk/internal/loader/URLClassPath$JarLoader')}
  0x000001eb401c3c20: 4181 fb90 | ac19 000f | 8578 4d00 | 0048 8bc8 | 8b69 184c | 8bc1 85ed | 0f84 0a31 | 0000 8b5d 
  0x000001eb401c3c40: ;   {metadata('java/util/jar/JarFile')}
  0x000001eb401c3c40: 0881 fbc0 | d518 000f | 857f 4d00 | 0044 8944 | 2444 4889 | 4c24 4844 | 8954 2440 | 4c89 4c24 
  0x000001eb401c3c60: 3848 8bd5 | 4c8b 4424 | 3066 6690 

  0x000001eb401c3c6c: ;   {optimized virtual_call}
  0x000001eb401c3c6c: c5f8 77e8 

  0x000001eb401c3c70: ; ImmutableOopMap {[32]=Oop [44]=NarrowOop [48]=Oop [68]=NarrowOop [72]=Oop [80]=Oop }
                      ;*invokevirtual getEntry {reexecute=0 rethrow=0 return_oop=1}
                      ; - java.util.jar.JarFile::getJarEntry@2 (line 472)
                      ; - jdk.internal.loader.URLClassPath$JarLoader::getResource@22 (line 954)
                      ; - jdk.internal.loader.URLClassPath::getResource@53 (line 319)
                      ; - java.net.URLClassLoader$1::run@26 (line 424)
  0x000001eb401c3c70: 2cf1 e8ff | 4885 c00f | 84fd 3200 | 0044 8b58 

  0x000001eb401c3c80: ;   {metadata('java/util/jar/JarFile$JarFileEntry')}
  0x000001eb401c3c80: 0841 81fb | 9807 1900 | 0f85 2663 | 0000 4c8b | 5c24 4841 | 8b6b 1866 | 0f1f 8400 | 0000 0000 
  0x000001eb401c3ca0: ; implicit exception: dispatches to 0x000001eb401ca2f0
  0x000001eb401c3ca0: 440f b645 | 1345 85c0 | 0f85 9c1a | 0000 4889 | 4424 5848 | 8bd5 4889 | 5424 6890 

  0x000001eb401c3cbc: ;   {optimized virtual_call}
  0x000001eb401c3cbc: c5f8 77e8 

  0x000001eb401c3cc0: ; ImmutableOopMap {rbp=NarrowOop [32]=Oop [44]=NarrowOop [48]=Oop [68]=NarrowOop [72]=Oop [80]=Oop [88]=Oop [104]=Oop }
                      ;*invokevirtual checkForSpecialAttributes {reexecute=0 rethrow=0 return_oop=0}
                      ; - java.util.jar.JarFile::isMultiRelease@16 (line 388)
                      ; - jdk.internal.loader.URLClassPath$JarLoader::checkResource@4 (line 855)
                      ; - jdk.internal.loader.URLClassPath$JarLoader::getResource@34 (line 956)
                      ; - jdk.internal.loader.URLClassPath::getResource@53 (line 319)
                      ; - java.net.URLClassLoader$1::run@26 (line 424)
  0x000001eb401c3cc0: 5cde e7ff | 440f b655 | 1348 8b44 | 2458 448b | 583c 4889 | 4424 5849 | 8b87 0801 | 0000 4c8b 
  0x000001eb401c3ce0: c049 83c0 | 4045 85d2 | 4c8b 5424 | 304d 0f45 | d34c 8954 | 2460 6666 | 0f1f 8400 | 0000 0000 
  0x000001eb401c3d00: 4d3b 8718 | 0100 000f | 832b 3600 | 004d 8987 | 0801 0000 | 410f 0d88 | c000 0000 | 48c7 0001 
  0x000001eb401c3d20: ;   {metadata('java/net/URL')}
  0x000001eb401c3d20: 0000 00c7 | 4008 0895 | 0600 4489 | 600c 4c89 | 6010 4c89 | 6018 4c89 | 6020 4c89 | 6028 4c89 
  0x000001eb401c3d40: 6030 4c89 | 6038 4889 | 4424 684c | 8b54 2448 | 418b 6a0c | 488b 5424 | 6045 33c0 

  0x000001eb401c3d5c: ;   {static_call}
  0x000001eb401c3d5c: c5f8 77e8 

  0x000001eb401c3d60: ; ImmutableOopMap {rbp=NarrowOop [32]=Oop [44]=NarrowOop [48]=Oop [68]=NarrowOop [72]=Oop [80]=Oop [88]=Oop [104]=Oop }
                      ;*invokestatic encodePath {reexecute=0 rethrow=0 return_oop=1}
                      ; - jdk.internal.loader.URLClassPath$JarLoader::checkResource@33 (line 860)
                      ; - jdk.internal.loader.URLClassPath$JarLoader::getResource@34 (line 956)
                      ; - jdk.internal.loader.URLClassPath::getResource@53 (line 319)
                      ; - java.net.URLClassLoader$1::run@26 (line 424)
  0x000001eb401c3d60: 3cf6 0200 | 4c8b c548 | 8b54 2468 | 4c8b c833 | ff66 6690 

  0x000001eb401c3d74: ;   {optimized virtual_call}
  0x000001eb401c3d74: c5f8 77e8 

  0x000001eb401c3d78: ; ImmutableOopMap {[32]=Oop [44]=NarrowOop [48]=Oop [68]=NarrowOop [72]=Oop [80]=Oop [88]=Oop [104]=Oop }
                      ;*invokespecial <init> {reexecute=0 rethrow=0 return_oop=0}
                      ; - java.net.URL::<init>@4 (line 569)
                      ; - jdk.internal.loader.URLClassPath$JarLoader::checkResource@36 (line 860)
                      ; - jdk.internal.loader.URLClassPath$JarLoader::getResource@34 (line 956)
                      ; - jdk.internal.loader.URLClassPath::getResource@53 (line 319)
                      ; - java.net.URLClassLoader$1::run@26 (line 424)
  0x000001eb401c3d78: e421 baf8 | 498b bf08 | 0100 004c | 8bd7 4983 | c228 4d3b | 9718 0100 | 000f 83be | 3500 004d 
  0x000001eb401c3d98: 8997 0801 | 0000 410f | 0d8a c000 | 0000 48c7 | 0701 0000 

  0x000001eb401c3dac: ;   {metadata('jdk/internal/loader/URLClassPath$JarLoader$2')}
  0x000001eb401c3dac: 00c7 4708 | 80a5 1900 | 4489 670c | 4c89 6710 | 4489 671c | 4c89 6720 | 4c8b 5424 | 304c 8b5c 
  0x000001eb401c3dcc: 2468 4489 | 5f18 4489 | 5714 448b | 5c24 4444 | 895f 204c | 8b54 2458 | 4489 571c | 4c8b 5424 
  0x000001eb401c3dec: 5045 8b6a | 1041 8b5a | 0c45 85ed | 0f84 da4a | 0000 6690 | c5f8 7749 | ba40 89ce | a1fb 7f00 
  0x000001eb401c3e0c: 0041 ffd2 | 4889 4424 | 408b 7314 

  0x000001eb401c3e18: ; implicit exception: dispatches to 0x000001eb401ca338
  0x000001eb401c3e18: 8b6e 0c0f | be4b 1044 | 8bcd 41d3 | f945 8bd1 | 41ff ca85 | c90f 8585 | 4f00 0044 | 8bdd 41ff 
  0x000001eb401c3e38: cb45 3bd3 | 450f 4cda | 488b c649 | 8bcd 488b | d345 85db | 0f8c 1d31 | 0000 85ed | 0f86 024b 
  0x000001eb401c3e58: 0000 660f | 1f44 0000 | 443b dd0f | 83f3 4a00 | 0045 85db | 0f8e 8a4c | 0000 458b | d341 ffca 
  0x000001eb401c3e78: 460f be44 | 1e10 6690 | 4183 f82e | 0f84 f400 | 0000 41ff | cb45 3bda | 7fe6 4183 | fb02 0f8e 
  0x000001eb401c3e98: ae30 0000 | 458b d341 | 83c2 fe41 | 81fa a00f | 0000 41b8 | a00f 0000 | 450f 47d0 | 458b c345 
  0x000001eb401c3eb8: 2bc2 448b | d6c4 c179 | 6ec1 4c8b | f1c4 e1f9 | 6eca 660f | 1f44 0000 | 458b cb4d | 63db 430f 
  0x000001eb401c3ed8: be4c 1a10 | 0f1f 4000 | 83f9 2e0f | 8465 0000 | 0043 0fbe | 541a 0f83 | fa2e 0f84 | 6700 0000 
  0x000001eb401c3ef8: 430f be4c | 1a0e 6690 | 83f9 2e0f | 844a 0000 | 0041 8bf2 | 470f be5c | 1a0d 4183 | fb2e 0f84 
  0x000001eb401c3f18: 4e00 0000 | 458b d941 | 83c3 fc45 | 3bd8 7fa8 | 4d8b 8758 

  0x000001eb401c3f2c: ; ImmutableOopMap {rbx=NarrowOop rdi=Oop rsi=NarrowOop rax=Oop r13=NarrowOop r14=Oop xmm1=Oop [80]=Oop }
                      ;*goto {reexecute=1 rethrow=0 return_oop=0}
                      ; - (reexecute) java.lang.StringLatin1::lastIndexOf@35 (line 294)
                      ; - java.lang.String::lastIndexOf@13 (line 2489)
                      ; - java.lang.String::lastIndexOf@8 (line 2451)
                      ; - java.net.URLClassLoader::defineClass@7 (line 486)
                      ; - java.net.URLClassLoader$1::run@43 (line 427)
                      ;   {poll}
  0x000001eb401c3f2c: 0300 0041 | 8500 4183 | fb02 0f8e | 0130 0000 | c4c1 797e | c149 8bce | c4e1 f97e | cae9 4eff 
  0x000001eb401c3f4c: ffff 458b | d9eb 0745 | 8bd9 4183 | c3fe 418b | f2eb 1245 | 8bd9 41ff | cb41 8bf2 | eb07 458b 
  0x000001eb401c3f6c: d941 83c3 | fdc4 c179 | 7ec1 498b | cec4 e1f9 | 7eca 448b 

  0x000001eb401c3f80: ;   {metadata('jdk/internal/loader/URLClassPath$JarLoader$2')}
  0x000001eb401c3f80: 5708 4181 | fa80 a519 | 000f 8561 | 4a00 004c | 8bc7 458b | 5020 458b | 521c 660f | 1f44 0000 
  0x000001eb401c3fa0: 4183 fbff | 0f84 0e4f | 0000 4585 | db0f 8c39 | 4e00 0045 | 3bd9 0f8f | 384f 0000 | 0f1f 4000 
  0x000001eb401c3fc0: 453b d90f | 848c 1700 | 0045 85db | 0f84 fc34 | 0000 89ac | 2480 0000 | 0049 8baf | 0801 0000 
  0x000001eb401c3fe0: 4c8b cd49 | 83c1 184d | 3b8f 1801 | 0000 0f83 | 9933 0000 | 4d89 8f08 | 0100 0041 | 0f0d 89c0 
  0x000001eb401c4000: 0000 0048 | c745 0001 

  0x000001eb401c4008: ;   {metadata('java/lang/String')}
  0x000001eb401c4008: 0000 00c7 | 4508 f0e9 | 0000 4489 | 650c 4c89 | 6510 660f | 1f44 0000 | 4181 fb00 | 0010 000f 
  0x000001eb401c4028: 8703 4b00 | 004d 63cb | 4889 6c24 | 7844 8954 | 2464 4c89 | 4424 7048 | 8954 2468 | 4889 4c24 
  0x000001eb401c4048: 3048 8944 | 2420 8974 | 2460 895c | 245c 4489 | 6c24 5848 | 897c 2448 | 448b 8424 | 8000 0000 
  0x000001eb401c4068: 453b c341 | 8beb 410f | 4ce8 443b | c50f 8232 | 4b00 000f | 1f44 0000 | 443b dd0f | 8224 4b00 
  0x000001eb401c4088: 0044 895c | 242c 4d8b | d149 83c2 | 174c 8994 | 2480 0000 | 0049 83e2 | f84c 8994 | 2488 0000 
  0x000001eb401c40a8: 0041 81fb | 0000 1000 | 0f87 5333 | 0000 498b | 9f08 0100 | 004c 8bdb | 4d03 da4d | 3b9f 1801 
  0x000001eb401c40c8: 0000 0f83 | 3933 0000 | 4d89 9f08 | 0100 0041 | 0f0d 8bc0 | 0000 0048 | c703 0100 | 0000 410f 
  0x000001eb401c40e8: 0d8b 0001 

  0x000001eb401c40ec: ;   {metadata({type array byte})}
  0x000001eb401c40ec: 0000 c743 | 0838 6700 | 0044 8b54 | 242c 4489 | 530c 410f | 0d8b 4001 | 0000 410f | 0d8b 8001 
  0x000001eb401c410c: 0000 4c8b | d349 83c2 | 1049 8bd2 | 4c8b 9424 | 8000 0000 | 49c1 ea03 | 488b f385 | ed0f 8409 
  0x000001eb401c412c: 4a00 0044 | 8b5c 2460 | 4d8d 5b10 | 0f1f 8400 | 0000 0000 | 3b6c 242c | 0f8c bb2e | 0000 4c8b 
  0x000001eb401c414c: 8424 8800 | 0000 4983 | c0f0 49c1 | e803 498b | cb66 6690 | c5f8 7749 | ba60 86a3 | 3feb 0100 
  0x000001eb401c416c: 0041 ffd2 | 488b 6c24 | 7889 7514 | 4c8b dd4c | 8bd3 4d33 | d349 c1ea | 144d 85d2 | 741f 49c1 
  0x000001eb401c418c: eb09 48b9 | 0000 b047 | eb01 0000 | 4903 cb0f | 1f44 0000 | 8039 040f | 85f2 2e00 | 0044 8865 
  0x000001eb401c41ac: 1048 8b7c | 2448 448b | 6c24 588b | 5c24 5c48 | 8b4c 2430 | 488b 5424 | 684c 8b44 | 2470 448b 
  0x000001eb401c41cc: 5424 6448 | 89ac 24c8 

  0x000001eb401c41d4: ;   {oop(a 'java/lang/Class'{0x000000008006df28} = 'jdk/internal/access/SharedSecrets')}
  0x000001eb401c41d4: 0000 0049 | bb28 df06 | 8000 0000 | 0045 8b8b | c800 0000 

  0x000001eb401c41e8: ; implicit exception: dispatches to 0x000001eb401ca4e0
  0x000001eb401c41e8: 418b 7108 | 458b 5820 

  0x000001eb401c41f0: ; implicit exception: dispatches to 0x000001eb401ca38c
  0x000001eb401c41f0: 458b 5b18 | 0f1f 8400 | 0000 0000 | 6666 6690 

  0x000001eb401c4200: ;   {metadata('java/util/jar/JavaUtilJarAccessImpl')}
  0x000001eb401c4200: 81fe 0063 | 1900 0f85 | 1848 0000 | 4585 db0f | 84df 4600 | 0044 8954 | 2470 4c89 | 4424 6848 
  0x000001eb401c4220: 8954 2460 | 4889 4c24 | 3089 9c24 | 9400 0000 | 4489 6c24 | 5848 897c | 2448 4d8b | d34c 8954 
  0x000001eb401c4240: 2420 418b | eb4c 8b44 | 2420 488d | 9c24 e000 | 0000 498b | 0048 f7c0 | 0200 0000 | 7524 4883 
  0x000001eb401c4260: c801 4889 | 03f0 490f | b118 0f84 | 3e00 0000 | 482b c448 | 81e0 07f0 | ffff 4889 | 03e9 2c00 
  0x000001eb401c4280: 0000 4c8b | d848 33c0 | f04d 0fb1 | 7b3e 48c7 | 0303 0000 | 000f 8413 | 0000 004c | 3bf8 0f85 
  0x000001eb401c42a0: 0a00 0000 | 49ff 8386 | 0000 0048 | 33c0 0f85 | b047 0000 | 448b c541 | 8b68 3085 | ed66 6690 
  0x000001eb401c42c0: 0f85 764c | 0000 450f | b650 1245 | 85d2 0f85 | f129 0000 | 4c8b 5c24 | 2048 8d84 | 24e0 0000 
  0x000001eb401c42e0: 0048 8138 | 0000 0000 | 0f84 8300 | 0000 4d8b | 1349 f7c2 | 0200 0000 | 746f 4981 | ba86 0000 
  0x000001eb401c4300: 0000 0000 | 0074 0949 | ff8a 8600 | 0000 eb51 | 498b 8296 | 0000 0049 | 0b82 8e00 | 0000 750a 
  0x000001eb401c4320: 49c7 423e | 0000 0000 | eb47 4981 | ba9e 0000 | 0000 0000 | 0074 2548 | 33c0 49c7 | 423e 0000 
  0x000001eb401c4340: 0000 f083 | 0424 0049 | 81ba 9e00 | 0000 0000 | 0000 750d | f04d 0fb1 | 7a3e 7505 | 83c8 01eb 
  0x000001eb401c4360: 10f7 c000 | 0000 00eb | 084c 8b10 | f04d 0fb1 | 130f 8506 | 4700 0048 | 8b7c 2468 | 448b 5f20 
  0x000001eb401c4380: ; implicit exception: dispatches to 0x000001eb401ca3c0
  0x000001eb401c4380: 418b 6b18 

  0x000001eb401c4384: ; implicit exception: dispatches to 0x000001eb401ca3e8
  0x000001eb401c4384: 448b 5508 

  0x000001eb401c4388: ;   {metadata('java/util/jar/JarFile')}
  0x000001eb401c4388: 4181 fac0 | d518 000f | 8510 4700 | 004c 8bd5 | 4d8b c241 | 8b48 2890 | 85c9 0f84 | c713 0000 
  0x000001eb401c43a8: 8b69 0c41 | 807f 3800 | 0f85 0f2c | 0000 448b | 4d08 4c8b 

  0x000001eb401c43bc: ;   {oop(a 'java/lang/Class'{0x0000000080074578} = 'java/lang/ref/SoftReference')}
  0x000001eb401c43bc: 5120 49bb | 7845 0780 | 0000 0000 | 4d8b 5b70 | 4d3b d30f | 8570 2a00 | 0066 6666 | 0f1f 8400 
  0x000001eb401c43dc: 0000 0000 

  0x000001eb401c43e0: ;   {metadata('java/util/jar/Manifest')}
  0x000001eb401c43e0: 4181 f9c0 | c006 000f | 858b 5e00 | 004c 8bc5 | 8b74 2458 | 8b6e 3885 | ed0f 8429 | 4500 004c 
  0x000001eb401c4400: 8b8c 24c8 | 0000 0041 | 8b41 0c85 | c00f 845a | 1000 0044 | 8b55 2844 | 8b5c 2470 | 498b d390 
  0x000001eb401c4420: 4585 d20f | 84bc 0e00 | 0041 8b5a | 0c8b c8c1 | e910 33c8 | 81e1 ffff | ff7f 85db | 0f1f 4000 
  0x000001eb401c4440: 0f86 154a | 0000 ffcb | 23d9 4863 | db45 8b54 | 9a10 4585 | d20f 848a | 0e00 0041 | 8b6a 0c90 
  0x000001eb401c4460: 3be9 0f84 | c101 0000 | 85ed 0f8c | 5a51 0000 | 458b 5218 | 4585 d20f | 8468 0e00 | 0049 8bc2 
  0x000001eb401c4480: 8b58 0c4d | 8b97 5803 

  0x000001eb401c4488: ; ImmutableOopMap {r11=NarrowOop r8=Oop r9=Oop rdi=Oop rdx=Oop rsi=NarrowOop rax=Oop [48]=Oop [72]=Oop [80]=Oop [96]=Oop [148]=NarrowOop }
                      ;*if_icmpne {reexecute=1 rethrow=0 return_oop=0}
                      ; - (reexecute) java.util.concurrent.ConcurrentHashMap::get@127 (line 946)
                      ; - java.lang.ClassLoader::getDefinedPackage@13 (line 2239)
                      ; - java.net.URLClassLoader::getAndVerifyPackage@2 (line 457)
                      ; - java.net.URLClassLoader::defineClass@46 (line 492)
                      ; - java.net.URLClassLoader$1::run@43 (line 427)
                      ;   {poll}
  0x000001eb401c4488: 0000 4185 | 023b d974 | 118b 5818 | 85db 0f84 | 490e 0000 | 488b c390 | ebde 8b58 | 104c 8bd3 
  0x000001eb401c44a8: 4d3b d10f | 845f 0100 | 0044 8b53 | 08c4 e1f9 | 6ec8 c5f9 | 6ed1 c4c1 | f96e c04d | 8be9 458b 
  0x000001eb401c44c8: f34c 8bcf | 448b c64c | 8bdb 4d3b | eb0f 8473 | 2900 000f | 1f44 0000 

  0x000001eb401c44e0: ;   {metadata('java/lang/String')}
  0x000001eb401c44e0: 4181 faf0 | e900 000f | 858f 5b00 | 004d 8bd3 | 450f be5d | 1041 8bdb | 410f be6a | 1066 6690 
  0x000001eb401c4500: 443b dd0f | 8574 5400 | 0045 8b52 | 1441 8b5d | 1445 8b5a | 0c8b 4b0c | 413b cb0f | 1f44 0000 
  0x000001eb401c4520: 0f85 b251 | 0000 4d8b | da49 8d72 | 104c 8bd3 | 488d 7b10 | 85c9 0f84 | a500 0000 | 8bc1 83e0 
  0x000001eb401c4540: 1f83 e1e0 | 0f84 4b00 | 0000 488d | 3c0f 488d | 340e 48f7 | d9c5 fe6f | 240f c5fe | 6f1c 0ec5 
  0x000001eb401c4560: ddef e3c4 | e27d 17e4 | 0f85 7a00 | 0000 4883 | c120 75e1 | 85c0 0f84 | 6500 0000 | c5fe 6f64 
  0x000001eb401c4580: 07e0 c5fe | 6f5c 06e0 | c5dd efe3 | c4e2 7d17 | e475 55eb | 4c8b c883 | e1fc 7419 | 488d 3c0f 
  0x000001eb401c45a0: 488d 340e | 48f7 d98b | 1c0f 3b1c | 0e75 3948 | 83c1 0475 | f2f7 c002 | 0000 0074 | 120f b71f 
  0x000001eb401c45c0: 0fb7 0e3b | d975 2148 | 8d7f 0248 | 8d76 02f7 | c001 0000 | 0074 0a0f | b61f 0fb6 | 0e3b d975 
  0x000001eb401c45e0: 07b8 0100 | 0000 eb02 | 33c0 c5dd | efe4 c5e5 | efdb 85c0 | 0f84 e250 | 0000 418b | f049 8bf9 
  0x000001eb401c4600: 458b de4d | 8bcd c4c1 | f97e c0c4 | e1f9 7ec8 | 8b68 1485 | ed0f 84ca | 0c00 0045 | 0fb6 5111 
  0x000001eb401c4620: 418b 410c | e97c 0100 | 0041 8b5a | 1048 8bc3 | 493b c10f | 8457 0100 | 008b 4308 | c4c1 796e 
  0x000001eb401c4640: cac5 f96e | d1c4 c1f9 | 6ec0 4d8b | e945 8bf3 | 4c8b c744 | 8bce 4c8b | db4d 3beb | 0f1f 4000 
  0x000001eb401c4660: 0f84 4a26 

  0x000001eb401c4664: ;   {metadata('java/lang/String')}
  0x000001eb401c4664: 0000 81f8 | f0e9 0000 | 0f85 7e5a | 0000 450f | be55 1041 | 0fbe 6b10 | 0f1f 4000 | 443b d50f 
  0x000001eb401c4684: 854e 4e00 | 0045 8b53 | 1441 8b5d | 1445 8b5a | 0c8b 4b0c | 413b cb0f | 1f44 0000 | 0f85 3f2b 
  0x000001eb401c46a4: 0000 4d8b | da49 8d72 | 104c 8bd3 | 488d 7b10 | 85c9 0f84 | a500 0000 | 8bc1 83e0 | 1f83 e1e0 
  0x000001eb401c46c4: 0f84 4b00 | 0000 488d | 3c0f 488d | 340e 48f7 | d9c5 fe6f | 240f c5fe | 6f1c 0ec5 | ddef e3c4 
  0x000001eb401c46e4: e27d 17e4 | 0f85 7a00 | 0000 4883 | c120 75e1 | 85c0 0f84 | 6500 0000 | c5fe 6f64 | 07e0 c5fe 
  0x000001eb401c4704: 6f5c 06e0 | c5dd efe3 | c4e2 7d17 | e475 55eb | 4c8b c883 | e1fc 7419 | 488d 3c0f | 488d 340e 
  0x000001eb401c4724: 48f7 d98b | 1c0f 3b1c | 0e75 3948 | 83c1 0475 | f2f7 c002 | 0000 0074 | 120f b71f | 0fb7 0e3b 
  0x000001eb401c4744: d975 2148 | 8d7f 0248 | 8d76 02f7 | c001 0000 | 0074 0a0f | b61f 0fb6 | 0e3b d975 | 07b8 0100 
  0x000001eb401c4764: 0000 eb02 | 33c0 c5dd | efe4 c5e5 | efdb 85c0 | 0f84 952b | 0000 418b | f149 8bf8 | 458b de4d 
  0x000001eb401c4784: 8bcd c4c1 | f97e c0c4 | c179 7eca | 418b 6a14 | 85ed 0f84 | 490b 0000 | 418b 410c | 450f b651 
  0x000001eb401c47a4: 118b 4d08 

  0x000001eb401c47a8: ;   {metadata('java/lang/Package')}
  0x000001eb401c47a8: 81f9 4004 | 0200 0f85 | 5157 0000 | 4889 5424 | 584c 8944 | 2470 4489 | 5c24 6848 | 897c 2438 
  0x000001eb401c47c8: 89b4 2498 | 0000 0041 | 8b49 144c | 894c 2478 

  0x000001eb401c47d8: ; implicit exception: dispatches to 0x000001eb401ca424
  0x000001eb401c47d8: 8b59 0c4c | 8bdd 458b | 5b10 4489 | 9c24 8000 | 0000 85db | 0f86 f644 | 0000 8b6e | 3885 ed0f 
  0x000001eb401c47f8: 8453 4400 | 0066 6690 | 85c0 0f84 | 3a0e 0000 | 4d8b c144 | 8b5d 2845 | 85db 0f84 | 8203 0000 
  0x000001eb401c4818: 4c89 4424 | 7845 8b53 | 0c44 8be8 | 41c1 ed10 | 4433 e841 | 81e5 ffff | ff7f 4585 | d20f 865d 
  0x000001eb401c4838: 4900 0041 | ffca 4523 | d54d 63d2 | 478b 4493 | 1045 85c0 | 0f84 4303 | 0000 418b | 680c 413b 
  0x000001eb401c4858: ed0f 84b4 | 0100 0090 | 85ed 0f8c | e04e 0000 | 458b 5018 | 4585 d275 | 0a4c 8b44 | 2478 e91f 
  0x000001eb401c4878: 0300 004d | 8bc2 458b | 580c 4d8b | 9758 0300 

  0x000001eb401c4888: ; ImmutableOopMap {r8=Oop [48]=Oop [56]=Oop [72]=Oop [80]=Oop [88]=Oop [96]=Oop [104]=NarrowOop [112]=Oop [120]=Oop [128]=NarrowOop [148]=NarrowOop [152]=NarrowOop }
                      ;*if_icmpne {reexecute=1 rethrow=0 return_oop=0}
                      ; - (reexecute) java.util.concurrent.ConcurrentHashMap::get@127 (line 946)
                      ; - java.lang.ClassLoader::definePackage@47 (line 2101)
                      ; - java.lang.ClassLoader::getDefinedPackage@32 (line 2243)
                      ; - java.net.URLClassLoader::getAndVerifyPackage@2 (line 457)
                      ; - java.net.URLClassLoader::defineClass@46 (line 492)
                      ; - java.net.URLClassLoader$1::run@43 (line 427)
                      ;   {poll}
  0x000001eb401c4888: 0041 8502 | 453b dd74 | 1945 8b50 | 1845 85d2 | 750b 4c8b | 4424 7890 | e9f5 0200 | 004d 8bc2 
  0x000001eb401c48a8: ebd4 458b | 4810 4d8b | d14c 8b5c | 2478 4d3b | d30f 843e | 0100 0090 

  0x000001eb401c48c0: ; implicit exception: dispatches to 0x000001eb401ca7c0
  0x000001eb401c48c0: 458b 5908 | 4d8b d148 | 8b4c 2478 | 493b ca0f | 8428 0100 | 0066 6666 | 0f1f 8400 | 0000 0000 
  0x000001eb401c48e0: ;   {metadata('java/lang/String')}
  0x000001eb401c48e0: 4181 fbf0 | e900 000f | 85f3 5600 | 004d 8bca | 440f be59 | 1041 8bdb | 4d8b d141 | 0fbe 6a10 
  0x000001eb401c4900: 443b dd0f | 85ac 5300 | 004d 8bd1 | 458b 5214 | 448b 4914 | 458b 5a0c | 418b 490c | 0f1f 4000 
  0x000001eb401c4920: 413b cb0f | 853f 4f00 | 004d 8bda | 498d 7210 | 4d8b d149 | 8d79 1085 | c90f 84a5 | 0000 008b 
  0x000001eb401c4940: c183 e01f | 83e1 e00f | 844b 0000 | 0048 8d3c | 0f48 8d34 | 0e48 f7d9 | c5fe 6f04 | 0fc5 fe6f 
  0x000001eb401c4960: 0c0e c5fd | efc1 c4e2 | 7d17 c00f | 857a 0000 | 0048 83c1 | 2075 e185 | c00f 8465 | 0000 00c5 
  0x000001eb401c4980: fe6f 4407 | e0c5 fe6f | 4c06 e0c5 | fdef c1c4 | e27d 17c0 | 7555 eb4c | 8bc8 83e1 | fc74 1948 
  0x000001eb401c49a0: 8d3c 0f48 | 8d34 0e48 | f7d9 8b1c | 0f3b 1c0e | 7539 4883 | c104 75f2 | f7c0 0200 | 0000 7412 
  0x000001eb401c49c0: 0fb7 1f0f | b70e 3bd9 | 7521 488d | 7f02 488d | 7602 f7c0 | 0100 0000 | 740a 0fb6 | 1f0f b60e 
  0x000001eb401c49e0: 3bd9 7507 | b801 0000 | 00eb 0233 | c0c5 fdef | c0c5 f5ef | c985 c00f | 846f 4e00 | 0041 8b68 
  0x000001eb401c4a00: 1485 ed0f | 8565 0100 | 004c 8b44 | 2478 e987 | 0100 0041 | 8b48 10c4 | c179 6ec0 | 4c8b d14c 
  0x000001eb401c4a20: 8b5c 2478 | 4d3b d30f | 8430 0100 | 0044 8b59 | 084c 8bc9 | 4c8b 5424 | 784d 3bd1 | 0f1f 4000 
  0x000001eb401c4a40: 0f84 1701 

  0x000001eb401c4a44: ;   {metadata('java/lang/String')}
  0x000001eb401c4a44: 0000 4181 | fbf0 e900 | 000f 8511 | 5700 0045 | 0fbe 5210 | 410f be69 | 1066 6690 | 443b d50f 
  0x000001eb401c4a64: 85c3 4b00 | 0045 8b51 | 144c 8b5c | 2478 458b | 4314 458b | 5a0c 418b | 480c 6690 | 413b cb0f 
  0x000001eb401c4a84: 857c 2700 | 004d 8bda | 498d 7210 | 4d8b d049 | 8d78 1085 | c90f 84a5 | 0000 008b | c183 e01f 
  0x000001eb401c4aa4: 83e1 e00f | 844b 0000 | 0048 8d3c | 0f48 8d34 | 0e48 f7d9 | c5fe 6f14 | 0fc5 fe6f | 0c0e c5ed 
  0x000001eb401c4ac4: efd1 c4e2 | 7d17 d20f | 857a 0000 | 0048 83c1 | 2075 e185 | c00f 8465 | 0000 00c5 | fe6f 5407 
  0x000001eb401c4ae4: e0c5 fe6f | 4c06 e0c5 | edef d1c4 | e27d 17d2 | 7555 eb4c | 8bc8 83e1 | fc74 1948 | 8d3c 0f48 
  0x000001eb401c4b04: 8d34 0e48 | f7d9 8b1c | 0f3b 1c0e | 7539 4883 | c104 75f2 | f7c0 0200 | 0000 7412 | 0fb7 1f0f 
  0x000001eb401c4b24: b70e 3bd9 | 7521 488d | 7f02 488d | 7602 f7c0 | 0100 0000 | 740a 0fb6 | 1f0f b60e | 3bd9 7507 
  0x000001eb401c4b44: b801 0000 | 00eb 0233 | c0c5 edef | d2c5 f5ef | c985 c00f | 84d1 2700 | 00c4 c179 | 7ec2 418b 
  0x000001eb401c4b64: 6a14 85ed | 0f84 5726 | 0000 448b | 5d08 6666 | 0f1f 8400 | 0000 0000 | 6666 6690 

  0x000001eb401c4b80: ;   {metadata('java/lang/Package')}
  0x000001eb401c4b80: 4181 fb40 | 0402 000f | 8573 5600 | 0048 8bc5 | e9a8 0000 | 004c 8b44 | 2478 8b9c | 2498 0000 
  0x000001eb401c4ba0: 008b 6b38 | 4d8b 8f08 | 0100 004d | 8bd1 4983 | c218 6666 | 0f1f 8400 | 0000 0000 | 6666 6690 
  0x000001eb401c4bc0: 4d3b 9718 | 0100 000f | 8323 3800 | 004d 8997 | 0801 0000 | 410f 0d8a | c000 0000 | 49c7 0101 
  0x000001eb401c4be0: ;   {metadata('java/lang/ClassLoader$$Lambda$46+0x000001eb50063a80')}
  0x000001eb401c4be0: 0000 0041 | c741 0880 | 3a06 0145 | 8961 0c4d | 8961 1041 | 8959 0c44 | 8b9c 2480 | 0000 0045 
  0x000001eb401c4c00: 8959 1085 | ed0f 84b9 | 4700 004c | 8944 2478 | 899c 2498 | 0000 0048 | 8bd5 4c89 | 4424 208b 
  0x000001eb401c4c20: 6c24 6890 

  0x000001eb401c4c24: ;   {optimized virtual_call}
  0x000001eb401c4c24: c5f8 77e8 

  0x000001eb401c4c28: ; ImmutableOopMap {rbp=NarrowOop [32]=Oop [48]=Oop [56]=Oop [72]=Oop [80]=Oop [88]=Oop [96]=Oop [104]=NarrowOop [112]=Oop [120]=Oop [148]=NarrowOop [152]=NarrowOop }
                      ;*invokevirtual compute {reexecute=0 rethrow=0 return_oop=1}
                      ; - java.lang.ClassLoader::definePackage@78 (line 2105)
                      ; - java.lang.ClassLoader::getDefinedPackage@32 (line 2243)
                      ; - java.net.URLClassLoader::getAndVerifyPackage@2 (line 457)
                      ; - java.net.URLClassLoader::defineClass@46 (line 492)
                      ; - java.net.URLClassLoader$1::run@43 (line 427)
  0x000001eb401c4c28: 54c7 88ff 

  0x000001eb401c4c2c: ; implicit exception: dispatches to 0x000001eb401ca5b4
  0x000001eb401c4c2c: 448b 5808 

  0x000001eb401c4c30: ;   {metadata('java/lang/Package')}
  0x000001eb401c4c30: 4181 fb40 | 0402 000f | 8517 5300 | 0044 8b58 | 1045 8b53 | 1c45 85d2 | 0f85 8644 | 0000 448b 
  0x000001eb401c4c50: 5014 418b | 6a24 85ed | 0f85 4e46 | 0000 4c8b | 4424 704d | 85c0 0f84 | 9846 0000 

  0x000001eb401c4c6c: ;   {oop(a 'java/lang/Class'{0x000000008006df28} = 'jdk/internal/access/SharedSecrets')}
  0x000001eb401c4c6c: 49ba 28df | 0680 0000 | 0000 418b | 9ac8 0000 | 0066 6690 

  0x000001eb401c4c80: ; implicit exception: dispatches to 0x000001eb401ca55c
  0x000001eb401c4c80: 448b 5b08 | 4c8b 4c24 | 7841 0fbe | 4910 85c9 | 0f85 a244 | 0000 418b | 4914 660f | 1f44 0000 
  0x000001eb401c4ca0: ; implicit exception: dispatches to 0x000001eb401ca4b0
  0x000001eb401c4ca0: 448b 510c | 488b fb45 | 85d2 0f86 | 6c05 0000 | 4889 7c24 | 2044 8994 | 2490 0000 | 0089 8c24 
  0x000001eb401c4cc0: 8800 0000 | 4489 5c24 | 2c89 9c24 | 9c00 0000 | 4889 8424 | 8000 0000 | 458b da41 | ffcb 4489 
  0x000001eb401c4ce0: 5c24 6c44 | 3b9c 2490 | 0000 000f | 838f 3f00 | 0044 8b94 | 2490 0000 | 0041 83c2 | fd44 8994 
  0x000001eb401c4d00: 248c 0000 | 004c 8bd1 | 4c89 9424 | a000 0000 | 8079 102e | 0f84 2121 | 0000 448b | 9c24 8c00 
  0x000001eb401c4d20: 0000 4183 | fb01 0f8e | 6040 0000 | 41bb 0100 | 0000 448b | 8424 9000 | 0000 452b | c341 83c0 
  0x000001eb401c4d40: fd44 8b8c | 248c 0000 | 0045 33d2 | 453b cb45 | 0f4c c241 | 81f8 a00f | 0000 41ba | a00f 0000 
  0x000001eb401c4d60: 450f 47c2 | 4503 c366 | 0f1f 8400 | 0000 0000 | 4d63 d344 | 8b8c 2488 | 0000 0043 | 0fbe 4c11 
  0x000001eb401c4d80: 1083 f92e | 0f84 f400 | 0000 418b | c946 0fbe | 4c11 1141 | 83f9 2e0f | 84e6 0000 | 0042 0fbe 
  0x000001eb401c4da0: 4c11 1283 | f92e 0f84 | ce00 0000 | 448b 8c24 | 8800 0000 | 470f be54 | 1113 418b | eb83 c503 
  0x000001eb401c4dc0: 4183 fa2e | 0f84 be00 | 0000 4183 | c304 453b | d87c 9d4d | 8b87 5803 

  0x000001eb401c4dd8: ; ImmutableOopMap {[32]=Oop [48]=Oop [56]=Oop [72]=Oop [80]=Oop [88]=Oop [96]=Oop [104]=NarrowOop [112]=Oop [120]=Oop [128]=Oop [136]=NarrowOop [148]=NarrowOop [152]=NarrowOop [156]=NarrowOop [160]=Oop }
                      ;*if_icmpne {reexecute=1 rethrow=0 return_oop=0}
                      ; - (reexecute) java.lang.StringLatin1::replace@28 (line 307)
                      ; - java.lang.String::replace@18 (line 2808)
                      ; - java.net.URLClassLoader::isSealed@9 (line 601)
                      ; - java.net.URLClassLoader::getAndVerifyPackage@68 (line 469)
                      ; - java.net.URLClassLoader::defineClass@46 (line 492)
                      ; - java.net.URLClassLoader$1::run@43 (line 427)
                      ;   {poll}
  0x000001eb401c4dd8: 0000 4185 | 0066 6690 | 443b 9c24 | 8c00 0000 | 0f8c 44ff | ffff 443b | 9c24 9000 | 0000 0f8d 
  0x000001eb401c4df8: 5600 0000 | 448b 8424 | 8800 0000 | 470f be54 | 1810 4183 | fa2e 0f84 | 4136 0000 | 41ff c366 
  0x000001eb401c4e18: 0f1f 8400 | 0000 0000 | 443b 9c24 | 9000 0000 | 7cd2 4c8b | 4c24 784c | 8b44 2470 | 488b 8424 
  0x000001eb401c4e38: 8000 0000 | 8b9c 249c | 0000 0044 | 8b5c 242c | 488b 7c24 | 20e9 ca03 | 0000 4c8b | 4c24 784c 
  0x000001eb401c4e58: 8b44 2470 | 488b 8424 | 8000 0000 | 8b9c 249c | 0000 0044 | 8b5c 242c | 488b 7c24 | 20e9 a203 
  0x000001eb401c4e78: 0000 4183 | c302 418b | ebeb 0541 | 8beb ffc5 | 3bac 2490 | 0000 000f | 8d64 0300 | 0044 8b94 
  0x000001eb401c4e98: 2490 0000 | 0066 6690 | 4181 fa00 | 0010 000f | 871a 3300 | 004d 8b87 | 0801 0000 | 4d63 d249 
  0x000001eb401c4eb8: 83c2 1749 | 83e2 f84d | 8bd8 4d03 | da4d 3b9f | 1801 0000 | 0f83 f532 | 0000 4d89 | 9f08 0100 
  0x000001eb401c4ed8: 0041 0f0d | 8bc0 0000 | 0049 c700 | 0100 0000 | 410f 0d8b | 0001 0000 

  0x000001eb401c4ef0: ;   {metadata({type array byte})}
  0x000001eb401c4ef0: 41c7 4008 | 3867 0000 | 448b 8c24 | 9000 0000 | 4589 480c | 410f 0d8b | 4001 0000 | 410f 0d8b 
  0x000001eb401c4f10: 8001 0000 | 85ed 0f8e | d800 0000 | 8bdd ffcb | 3b9c 2490 | 0000 000f | 83f3 4200 | 0044 8b94 
  0x000001eb401c4f30: 2490 0000 | 0045 85d2 | 0f86 e242 | 0000 448b | 9c24 8800 | 0000 450f | be53 1045 | 8850 1083 
  0x000001eb401c4f50: fb01 0f8e | 7000 0000 | 448b d544 | 2b54 2428 | 41ff ca45 | 33db 3b5c | 2428 450f | 4cd3 4181 
  0x000001eb401c4f70: fad0 0700 | 0041 bbd0 | 0700 0045 | 0f47 d344 | 0354 2428 | 4c63 5c24 | 288b 8c24 | 8800 0000 
  0x000001eb401c4f90: 460f be4c | 1910 4788 | 4c18 1042 | 0fbe 4c19 | 1143 884c | 1811 448b | 4c24 2841 | 83c1 0244 
  0x000001eb401c4fb0: 894c 2428 | 453b ca7c | cb4d 8b97 

  0x000001eb401c4fbc: ; ImmutableOopMap {r8=Oop [32]=Oop [48]=Oop [56]=Oop [72]=Oop [80]=Oop [88]=Oop [96]=Oop [104]=NarrowOop [112]=Oop [120]=Oop [128]=Oop [136]=NarrowOop [148]=NarrowOop [152]=NarrowOop [156]=NarrowOop [160]=Oop }
                      ;*goto {reexecute=1 rethrow=0 return_oop=0}
                      ; - (reexecute) java.lang.StringLatin1::replace@76 (line 314)
                      ; - java.lang.String::replace@18 (line 2808)
                      ; - java.net.URLClassLoader::isSealed@9 (line 601)
                      ; - java.net.URLClassLoader::getAndVerifyPackage@68 (line 469)
                      ; - java.net.URLClassLoader::defineClass@46 (line 492)
                      ; - java.net.URLClassLoader$1::run@43 (line 427)
  0x000001eb401c4fbc: 5803 0000 

  0x000001eb401c4fc0: ;   {poll}
  0x000001eb401c4fc0: 4185 0244 | 3bcb 7c90 | 448b 5424 | 2844 3bd5 | 7d22 8b4c | 2428 6690 | 4c63 d144 | 8b9c 2488 
  0x000001eb401c4fe0: 0000 0047 | 0fbe 4c13 | 1047 884c | 1010 ffc1 | 3bcd 7ce4 | 0f1f 8400 | 0000 0000 | 6666 6690 
  0x000001eb401c5000: 3bac 2490 | 0000 000f | 8d7c 0100 | 003b ac24 | 9000 0000 | 0f83 9a3f | 0000 448b | 5c24 6c90 
  0x000001eb401c5020: 443b 9c24 | 9000 0000 | 0f83 863f | 0000 448b | dd41 ffc3 | 4c63 d544 | 8b8c 2488 | 0000 0043 
  0x000001eb401c5040: 0fbe 4c11 | 1083 f92e | 0f84 1707 | 0000 4388 | 4c10 10ff | c541 3beb | 7cda 660f | 1f44 0000 
  0x000001eb401c5060: 3bac 248c | 0000 000f | 8ddf 0000 | 00e9 a500 | 0000 41ba | 2f00 0000 | 0f1f 8400 | 0000 0000 
  0x000001eb401c5080: 4788 5408 | 1147 0fbe | 540b 1241 | 83fa 2e0f | 845f 0000 | 0047 8854 | 0812 470f | be54 0b13 
  0x000001eb401c50a0: 4183 fa2e | 0f84 5200 | 0000 4788 | 5408 1383 | c504 3be9 | 0f8d 4a00 | 0000 4c63 | cd44 8b94 
  0x000001eb401c50c0: 2488 0000 | 0047 0fbe | 540a 1041 | 83fa 2e74 | 1b47 8854 | 0810 448b | 9c24 8800 | 0000 470f 
  0x000001eb401c50e0: be54 0b11 | 4183 fa2e | 7596 eb86 | 41ba 2f00 | 0000 ebdd | 41ba 2f00 | 0000 eb99 | 41ba 2f00 
  0x000001eb401c5100: 0000 eba6 | 4d8b 9758 

  0x000001eb401c5108: ; ImmutableOopMap {r8=Oop [32]=Oop [48]=Oop [56]=Oop [72]=Oop [80]=Oop [88]=Oop [96]=Oop [104]=NarrowOop [112]=Oop [120]=Oop [128]=Oop [136]=NarrowOop [148]=NarrowOop [152]=NarrowOop [156]=NarrowOop [160]=Oop }
                      ;*goto {reexecute=1 rethrow=0 return_oop=0}
                      ; - (reexecute) java.lang.StringLatin1::replace@113 (line 321)
                      ; - java.lang.String::replace@18 (line 2808)
                      ; - java.net.URLClassLoader::isSealed@9 (line 601)
                      ; - java.net.URLClassLoader::getAndVerifyPackage@68 (line 469)
                      ; - java.net.URLClassLoader::defineClass@46 (line 492)
                      ; - java.net.URLClassLoader$1::run@43 (line 427)
                      ;   {poll}
  0x000001eb401c5108: 0300 0041 | 8502 3bac | 248c 0000 | 007d 358b | 8c24 9000 | 0000 2bcd | 83c1 fd44 | 8b9c 248c 
  0x000001eb401c5128: 0000 0045 | 33d2 443b | dd41 0f4c | ca81 f9a0 | 0f00 0041 | baa0 0f00 | 0041 0f47 | ca03 cde9 
  0x000001eb401c5148: 6eff ffff | 3bac 2490 | 0000 007d | 3466 6690 | 4c63 d544 | 8b9c 2488 | 0000 0047 | 0fbe 4c13 
  0x000001eb401c5168: 1041 83f9 | 2e0f 8432 | 1b00 0047 | 884c 1010 | ffc5 660f | 1f44 0000 | 3bac 2490 | 0000 007c 
  0x000001eb401c5188: cf49 8b87 | 0801 0000 | 4c8b d049 | 83c2 1866 | 0f1f 8400 | 0000 0000 | 4d3b 9718 | 0100 000f 
  0x000001eb401c51a8: 833f 3000 | 004d 8997 | 0801 0000 | 410f 0d8a | c000 0000 | 48c7 0001 

  0x000001eb401c51c0: ;   {metadata('java/lang/String')}
  0x000001eb401c51c0: 0000 00c7 | 4008 f0e9 | 0000 4489 | 600c 4c89 | 6010 4c89 | 8424 8800 | 0000 488b | e848 8bd5 
  0x000001eb401c51e0: 4c8b 8424 | 8800 0000 | 4533 c990 

  0x000001eb401c51ec: ;   {optimized virtual_call}
  0x000001eb401c51ec: c5f8 77e8 

  0x000001eb401c51f0: ; ImmutableOopMap {rbp=Oop [32]=Oop [48]=Oop [56]=Oop [72]=Oop [80]=Oop [88]=Oop [96]=Oop [104]=NarrowOop [112]=Oop [120]=Oop [128]=Oop [148]=NarrowOop [152]=NarrowOop [156]=NarrowOop }
                      ;*invokespecial <init> {reexecute=0 rethrow=0 return_oop=0}
                      ; - java.lang.StringLatin1::replace@123 (line 322)
                      ; - java.lang.String::replace@18 (line 2808)
                      ; - java.net.URLClassLoader::isSealed@9 (line 601)
                      ; - java.net.URLClassLoader::getAndVerifyPackage@68 (line 469)
                      ; - java.net.URLClassLoader::defineClass@46 (line 492)
                      ; - java.net.URLClassLoader$1::run@43 (line 427)
  0x000001eb401c51f0: ac27 f4ff | 488b d5eb | 494c 8b4c | 2478 4c8b | 4424 7048 | 8b84 2480 | 0000 008b | 9c24 9c00 
  0x000001eb401c5210: 0000 448b | 5c24 2c48 | 8b7c 2420 | 498b d14c | 894c 2478 | 4c89 4424 | 7048 8984 | 2480 0000 
  0x000001eb401c5230: 0089 9c24 | 9c00 0000 | 4489 5c24 | 2c48 897c 

  0x000001eb401c5240: ;   {oop("/"{0x0000000080019320})}
  0x000001eb401c5240: 2420 49b8 | 2093 0180 | 0000 0000 

  0x000001eb401c524c: ;   {optimized virtual_call}
  0x000001eb401c524c: c5f8 77e8 

  0x000001eb401c5250: ; ImmutableOopMap {[32]=Oop [48]=Oop [56]=Oop [72]=Oop [80]=Oop [88]=Oop [96]=Oop [104]=NarrowOop [112]=Oop [120]=Oop [128]=Oop [148]=NarrowOop [152]=NarrowOop [156]=NarrowOop }
                      ;*invokevirtual concat {reexecute=0 rethrow=0 return_oop=1}
                      ; - java.net.URLClassLoader::isSealed@15 (line 601)
                      ; - java.net.URLClassLoader::getAndVerifyPackage@68 (line 469)
                      ; - java.net.URLClassLoader::defineClass@46 (line 492)
                      ; - java.net.URLClassLoader$1::run@43 (line 427)
  0x000001eb401c5250: 0c08 0400 | 448b 5424 | 2c0f 1f80 | 0000 0000 

  0x000001eb401c5260: ;   {metadata('java/util/jar/JavaUtilJarAccessImpl')}
  0x000001eb401c5260: 4181 fa00 | 6319 000f | 85c7 3a00 | 004c 8b54 | 2470 4c89 | 9424 8800 | 0000 498b | d24c 8bc0 
  0x000001eb401c5280: ;   {optimized virtual_call}
  0x000001eb401c5280: c5f8 77e8 

  0x000001eb401c5284: ; ImmutableOopMap {[48]=Oop [56]=Oop [72]=Oop [80]=Oop [88]=Oop [96]=Oop [104]=NarrowOop [112]=Oop [120]=Oop [128]=Oop [136]=Oop [148]=NarrowOop [152]=NarrowOop }
                      ;*invokevirtual getTrustedAttributes {reexecute=0 rethrow=0 return_oop=1}
                      ; - java.util.jar.JavaUtilJarAccessImpl::getTrustedAttributes@2 (line 68)
                      ; - java.net.URLClassLoader::isSealed@18 (line 601)
                      ; - java.net.URLClassLoader::getAndVerifyPackage@68 (line 469)
                      ; - java.net.URLClassLoader::defineClass@46 (line 492)
                      ; - java.net.URLClassLoader$1::run@43 (line 427)
  0x000001eb401c5284: 7824 0400 | 4885 c00f | 85b4 1e00 | 004c 8b94 | 2488 0000 | 0041 8b6a | 0c66 6690 | 85ed 0f84 
  0x000001eb401c52a4: a840 0000 

  0x000001eb401c52a8: ;   {oop(a 'java/util/jar/Attributes$Name'{0x0000000080024758})}
  0x000001eb401c52a8: 488b d549 | b858 4702 | 8000 0000 | 0066 6690 

  0x000001eb401c52b8: ;   {optimized virtual_call}
  0x000001eb401c52b8: c5f8 77e8 

  0x000001eb401c52bc: ; ImmutableOopMap {[48]=Oop [56]=Oop [72]=Oop [80]=Oop [88]=Oop [96]=Oop [104]=NarrowOop [112]=Oop [120]=Oop [128]=Oop [148]=NarrowOop [152]=NarrowOop }
                      ;*invokevirtual getValue {reexecute=0 rethrow=0 return_oop=1}
                      ; - java.net.URLClassLoader::isSealed@58 (line 608)
                      ; - java.net.URLClassLoader::getAndVerifyPackage@68 (line 469)
                      ; - java.net.URLClassLoader::defineClass@46 (line 492)
                      ; - java.net.URLClassLoader$1::run@43 (line 427)
  0x000001eb401c52bc: a060 f5ff 

  0x000001eb401c52c0: ;   {oop("true"{0x0000000080088de8})}
  0x000001eb401c52c0: 48ba e88d | 0880 0000 | 0000 4c8b | c066 6690 

  0x000001eb401c52d0: ;   {optimized virtual_call}
  0x000001eb401c52d0: c5f8 77e8 

  0x000001eb401c52d4: ; ImmutableOopMap {[48]=Oop [56]=Oop [72]=Oop [80]=Oop [88]=Oop [96]=Oop [104]=NarrowOop [112]=Oop [120]=Oop [128]=Oop [148]=NarrowOop [152]=NarrowOop }
                      ;*invokevirtual equalsIgnoreCase {reexecute=0 rethrow=0 return_oop=0}
                      ; - java.net.URLClassLoader::isSealed@68 (line 611)
                      ; - java.net.URLClassLoader::getAndVerifyPackage@68 (line 469)
                      ; - java.net.URLClassLoader::defineClass@46 (line 492)
                      ; - java.net.URLClassLoader$1::run@43 (line 427)
  0x000001eb401c52d4: 88dc f5ff | 85c0 7458 | 0f1f 4000 | e9ab 4000 

  0x000001eb401c52e4: ;   {metadata('java/lang/IllegalArgumentException')}
  0x000001eb401c52e4: 0048 bd30 | 3a06 4feb | 0100 004d | 85c0 0f84 | ef1d 0000 | 4889 5424 | 584c 8944 | 2420 4c89 
  0x000001eb401c5304: 4c24 2844 | 895c 2468 | 4889 7c24 | 3889 b424 | 9800 0000 | 488b 5424 | 304d 8bc1 | 4c8b 4c24 
  0x000001eb401c5324: 2048 8b7c | 2458 6690 

  0x000001eb401c532c: ;   {optimized virtual_call}
  0x000001eb401c532c: c5f8 77e8 

  0x000001eb401c5330: ; ImmutableOopMap {[32]=Oop [40]=Oop [48]=Oop [56]=Oop [72]=Oop [80]=Oop [88]=Oop [96]=Oop [104]=NarrowOop [148]=NarrowOop [152]=NarrowOop }
                      ;*invokevirtual definePackage {reexecute=0 rethrow=0 return_oop=1}
                      ; - java.net.URLClassLoader::defineClass@64 (line 495)
                      ; - java.net.URLClassLoader$1::run@43 (line 427)
  0x000001eb401c5330: 0ca1 5cf8 | 4c8b 5424 | 384c 8954 | 2438 498b | d266 6690 

  0x000001eb401c5344: ;   {optimized virtual_call}
  0x000001eb401c5344: c5f8 77e8 

  0x000001eb401c5348: ; ImmutableOopMap {[48]=Oop [56]=Oop [72]=Oop [80]=Oop [88]=Oop [96]=Oop [104]=NarrowOop [148]=NarrowOop [152]=NarrowOop }
                      ;*invokevirtual getByteBuffer {reexecute=0 rethrow=0 return_oop=1}
                      ; - java.net.URLClassLoader::defineClass@132 (line 511)
                      ; - java.net.URLClassLoader$1::run@43 (line 427)
  0x000001eb401c5348: 14c9 0400 | 4885 c00f | 8533 3c00 | 004c 8b44 | 2438 458b | 5008 6690 

  0x000001eb401c5360: ;   {metadata('jdk/internal/loader/URLClassPath$JarLoader$2')}
  0x000001eb401c5360: 4181 fa80 | a519 000f | 8563 3700 | 0049 8be8 | 498b d090 

  0x000001eb401c5374: ;   {optimized virtual_call}
  0x000001eb401c5374: c5f8 77e8 

  0x000001eb401c5378: ; ImmutableOopMap {rbp=Oop [48]=Oop [72]=Oop [80]=Oop [88]=Oop [96]=Oop [104]=NarrowOop [148]=NarrowOop [152]=NarrowOop }
                      ;*invokevirtual getBytes {reexecute=0 rethrow=0 return_oop=1}
                      ; - java.net.URLClassLoader::defineClass@179 (line 519)
                      ; - java.net.URLClassLoader$1::run@43 (line 427)
  0x000001eb401c5378: c4ee 0400 | 4889 4424 | 2048 8bd5 

  0x000001eb401c5384: ;   {optimized virtual_call}
  0x000001eb401c5384: c5f8 77e8 

  0x000001eb401c5388: ; ImmutableOopMap {[32]=Oop [48]=Oop [72]=Oop [80]=Oop [88]=Oop [96]=Oop [104]=NarrowOop [148]=NarrowOop [152]=NarrowOop }
                      ;*invokevirtual getCodeSigners {reexecute=0 rethrow=0 return_oop=1}
                      ; - java.net.URLClassLoader::defineClass@185 (line 521)
                      ; - java.net.URLClassLoader$1::run@43 (line 427)
  0x000001eb401c5388: 34e8 0400 | 4889 4424 | 2849 8b87 | 0801 0000 | 4c8b d049 | 83c2 2890 | 4d3b 9718 | 0100 000f 
  0x000001eb401c53a8: 83c7 1f00 | 004d 8997 | 0801 0000 | 410f 0d8a | c000 0000 | 48c7 0001 

  0x000001eb401c53c0: ;   {metadata('java/security/CodeSource')}
  0x000001eb401c53c0: 0000 00c7 | 4008 b0ee | 0000 4489 | 600c 4c89 | 6010 4c89 | 6018 4c89 | 6020 4889 | 4424 3848 
  0x000001eb401c53e0: 8bd0 4c8b | 4424 584c | 8b4c 2428 

  0x000001eb401c53ec: ;   {optimized virtual_call}
  0x000001eb401c53ec: c5f8 77e8 

  0x000001eb401c53f0: ; ImmutableOopMap {[32]=Oop [48]=Oop [56]=Oop [72]=Oop [80]=Oop [96]=Oop [148]=NarrowOop [152]=NarrowOop }
                      ;*invokespecial <init> {reexecute=0 rethrow=0 return_oop=0}
                      ; - java.net.URLClassLoader::defineClass@198 (line 522)
                      ; - java.net.URLClassLoader$1::run@43 (line 427)
  0x000001eb401c53f0: 4c19 0400 

  0x000001eb401c53f4: ;   {oop(a 'jdk/internal/perf/PerfCounter'{0x0000000080023e90})}
  0x000001eb401c53f4: 48ba 903e | 0280 0000 | 0000 4c8b | 4424 4090 

  0x000001eb401c5404: ;   {optimized virtual_call}
  0x000001eb401c5404: c5f8 77e8 

  0x000001eb401c5408: ; ImmutableOopMap {[32]=Oop [48]=Oop [56]=Oop [72]=Oop [80]=Oop [96]=Oop [148]=NarrowOop [152]=NarrowOop }
                      ;*invokevirtual addElapsedTimeFrom {reexecute=0 rethrow=0 return_oop=0}
                      ; - java.net.URLClassLoader::defineClass@207 (line 523)
                      ; - java.net.URLClassLoader$1::run@43 (line 427)
  0x000001eb401c5408: 94ef f1ff | 4c8b 4c24 | 2041 8b71 | 0c48 8b54 | 2430 4c8b | 4424 6033 | ff48 8b4c | 2438 6690 
  0x000001eb401c5428: ;   {optimized virtual_call}
  0x000001eb401c5428: c5f8 77e8 

  0x000001eb401c542c: ; ImmutableOopMap {[72]=Oop [80]=Oop }
                      ;*invokevirtual defineClass {reexecute=0 rethrow=0 return_oop=1}
                      ; - java.net.URLClassLoader::defineClass@220 (line 524)
                      ; - java.net.URLClassLoader$1::run@43 (line 427)
  0x000001eb401c542c: d088 0400 | c5f8 7748 | 81c4 f000 

  0x000001eb401c5438: ;   {poll_return}
  0x000001eb401c5438: 0000 5d49 | 3ba7 5003 | 0000 0f87 | e05c 0000 | c345 0fb6 | 4c0b 1041 | 8bc2 c1e0 | 0541 2bc2 
  0x000001eb401c5458: 4103 c1ff | c166 6690 | 3bcb 0f8d | 2101 0000 | 448b d0eb | dc45 0fb6 | 5111 4585 | d20f 8583 
  0x000001eb401c5478: 1d00 0045 | 8b59 144c | 8bed 4180 | 7910 000f | 8524 2200 | 0041 8b5b | 0c85 db0f | 8682 1a00 
  0x000001eb401c5498: 00c4 c1f9 | 6ed8 c5fb | 1094 24c8 | 0000 00c4 | e1f9 6ec7 | c5f9 6ece | 448b c341 | ffc8 443b 
  0x000001eb401c54b8: c30f 8345 | 3f00 0045 | 0fb6 5310 | 448b c341 | 83c0 fd41 | 83f8 010f | 8e9f 3f00 | 0049 8bfb 
  0x000001eb401c54d8: 458b ca41 | c1e1 0545 | 2bca b901 | 0000 008b | c32b c183 | c0fd 33d2 | 443b c10f | 4cc2 81f8 
  0x000001eb401c54f8: a00f 0000 | 41ba a00f | 0000 410f | 47c2 03c1 | 0f1f 8400 | 0000 0000 | 4c63 f147 | 0fb6 5433 
  0x000001eb401c5518: 1043 0fb6 | 5433 1343 | 0fb6 7433 | 1147 0fb6 | 7433 1245 | 03ca 458b | d141 c1e2 | 0545 2bd1 
  0x000001eb401c5538: 4403 d645 | 8bca 41c1 | e105 452b | ca45 03ce | 458b d141 | c1e2 0545 | 2bd1 4403 | d245 8bca 
  0x000001eb401c5558: 41c1 e105 | 452b ca83 | c104 3bc8 | 7caa 498b | 9758 0300 

  0x000001eb401c556c: ; ImmutableOopMap {r11=NarrowOop rdi=Oop rbp=NarrowOop r13=Oop xmm0=Oop xmm1=NarrowOop xmm2=Oop xmm3=Oop [48]=Oop [72]=Oop [80]=Oop [96]=Oop [112]=NarrowOop [148]=NarrowOop }
                      ;*goto {reexecute=1 rethrow=0 return_oop=0}
                      ; - (reexecute) java.lang.StringLatin1::hashCode@37 (line 196)
                      ; - java.lang.String::hashCode@27 (line 2344)
                      ; - java.util.concurrent.ConcurrentHashMap::get@1 (line 936)
                      ; - java.lang.ClassLoader::getDefinedPackage@13 (line 2239)
                      ; - java.net.URLClassLoader::getAndVerifyPackage@2 (line 457)
                      ; - java.net.URLClassLoader::defineClass@46 (line 492)
                      ; - java.net.URLClassLoader$1::run@43 (line 427)
                      ;   {poll}
  0x000001eb401c556c: 0085 0241 | 3bc8 0f8c | 6fff ffff | 3bcb 660f | 1f44 0000 | 0f8c c3fe | ffff 418b | c2c5 f97e 
  0x000001eb401c558c: cec4 e1f9 | 7ec7 c4c1 | f97e d1c4 | c1f9 7ed8 | 0f1f 4000 | 85c0 0f84 | fd20 0000 | 4189 410c 
  0x000001eb401c55ac: e962 eeff | ff41 b92f | 0000 00e9 | dbe2 ffff | 498b 8708 | 0100 004c | 8bd0 4983 | c218 4d3b 
  0x000001eb401c55cc: 9718 0100 | 000f 835a | 2e00 004d | 8997 0801 | 0000 410f | 0d8a c000 | 0000 48c7 | 0001 0000 
  0x000001eb401c55ec: ;   {metadata('java/lang/String')}
  0x000001eb401c55ec: 00c7 4008 | f0e9 0000 | 4489 600c | 4489 6010 

  0x000001eb401c55fc: ;   {oop([B{0x0000000080019308})}
  0x000001eb401c55fc: c740 1408 

  0x000001eb401c5600: ;   {oop(".class"{0x00000000800192f0})}
  0x000001eb401c5600: 9301 8049 | baf0 9201 | 8000 0000 | 0045 8b5a | 0c44 8958 | 0c48 8944 | 2430 e9a4 | e5ff ff44 
  0x000001eb401c5620: 0fb6 5c11 | 1041 8bc2 | c1e0 0541 | 2bc2 4103 | c3ff c23b | d30f 8df9 | 0000 0044 | 8bd0 6690 
  0x000001eb401c5640: ebdd 4585 | d20f 85ba | 1c00 004c | 8bed 4180 | 7910 000f | 85cc 2b00 | 0044 8bdb | 41ff cb90 
  0x000001eb401c5660: 443b db0f | 83f3 3e00 | 0044 0fb6 | 5110 448b | cb41 83c1 | fd41 83f9 | 010f 8e41 | 3f00 004c 
  0x000001eb401c5680: 8bd9 418b | fac1 e705 | 412b faba | 0100 0000 | 8bc3 2bc2 | 83c0 fd45 | 33c0 443b | ca41 0f4c 
  0x000001eb401c56a0: c081 f8a0 | 0f00 0041 | baa0 0f00 | 0041 0f47 | c203 c266 | 0f1f 8400 | 0000 0000 | 6666 6690 
  0x000001eb401c56c0: 4c63 f246 | 0fb6 5431 | 1042 0fb6 | 7431 1346 | 0fb6 4431 | 1146 0fb6 | 7431 1241 | 03fa 448b 
  0x000001eb401c56e0: d741 c1e2 | 0544 2bd7 | 4503 d041 | 8bfa c1e7 | 0541 2bfa | 4103 fe44 | 8bd7 41c1 | e205 442b 
  0x000001eb401c5700: d744 03d6 | 418b fac1 | e705 412b | fa83 c204 | 3bd0 7cac | 4d8b 8758 

  0x000001eb401c5718: ; ImmutableOopMap {r11=Oop rcx=NarrowOop rbp=NarrowOop r13=Oop [48]=Oop [56]=Oop [72]=Oop [80]=Oop [88]=Oop [96]=Oop [104]=NarrowOop [112]=Oop [120]=Oop [128]=NarrowOop [148]=NarrowOop [152]=NarrowOop }
                      ;*goto {reexecute=1 rethrow=0 return_oop=0}
                      ; - (reexecute) java.lang.StringLatin1::hashCode@37 (line 196)
                      ; - java.lang.String::hashCode@27 (line 2344)
                      ; - java.util.concurrent.ConcurrentHashMap::get@1 (line 936)
                      ; - java.lang.ClassLoader::definePackage@47 (line 2101)
                      ; - java.lang.ClassLoader::getDefinedPackage@32 (line 2243)
                      ; - java.net.URLClassLoader::getAndVerifyPackage@2 (line 457)
                      ; - java.net.URLClassLoader::defineClass@46 (line 492)
                      ; - java.net.URLClassLoader$1::run@43 (line 427)
                      ;   {poll}
  0x000001eb401c5718: 0300 0041 | 8500 6690 | 413b d10f | 8c67 ffff | ff3b d30f | 8cee feff | ff41 8bc2 | 85c0 0f84 
  0x000001eb401c5738: d52a 0000 | 4c8b 4424 | 7841 8940 | 0ce9 c1f0 | ffff 41ba | 0100 0000 | e979 e5ff | ff48 8994 
  0x000001eb401c5758: 24c8 0000 | 0066 6690 | e972 eaff | ffb9 2f00 | 0000 e9df | f8ff ff45 | 3b60 2c0f | 84e5 1600 
  0x000001eb401c5778: 0045 8b50 | 2c66 6690 | 4585 d20f | 842f 1a00 | 0048 897c | 2468 450f | b648 124c | 8944 2478 
  0x000001eb401c5798: 4d8b da4c | 899c 2480 | 0000 0044 | 8954 245c | 4585 c90f | 85bc 0200 | 0049 8bd0 | 4d8b c348 
  0x000001eb401c57b8: 8b6c 2450 

  0x000001eb401c57bc: ;   {optimized virtual_call}
  0x000001eb401c57bc: c5f8 77e8 

  0x000001eb401c57c0: ; ImmutableOopMap {rbp=Oop [48]=Oop [72]=Oop [80]=Oop [88]=NarrowOop [96]=Oop [104]=Oop [112]=NarrowOop [120]=Oop [148]=NarrowOop [200]=Oop }
                      ;*invokespecial getInputStream {reexecute=0 rethrow=0 return_oop=1}
                      ; - java.util.jar.JarFile::getManifestFromReference@130 (line 431)
                      ; - java.util.jar.JarFile::getManifest@1 (line 406)
                      ; - jdk.internal.loader.URLClassPath$JarLoader$2::getManifest@22 (line 884)
                      ; - java.net.URLClassLoader::defineClass@34 (line 491)
                      ; - java.net.URLClassLoader$1::run@43 (line 427)
  0x000001eb401c57c0: bcbb 88ff | 4889 4424 | 2049 8b87 | 0801 0000 | 4c8b d049 | 83c2 1866 | 0f1f 8400 | 0000 0000 
  0x000001eb401c57e0: 4d3b 9718 | 0100 000f | 8310 3000 | 004d 8997 | 0801 0000 | 410f 0d8a | c000 0000 | 48c7 0001 
  0x000001eb401c5800: ;   {metadata('java/util/jar/Manifest')}
  0x000001eb401c5800: 0000 00c7 | 4008 c0c0 | 0600 4489 | 600c 4c89 | 6010 4c8b | d04c 8994 | 2480 0000 | 004c 8b54 
  0x000001eb401c5820: 2478 418b | 6a14 4d8b | 9708 0100 | 004d 8bda | 4983 c310 | 0f1f 8400 | 0000 0000 | 6666 6690 
  0x000001eb401c5840: 4d3b 9f18 | 0100 000f | 83c8 2f00 | 004d 899f | 0801 0000 | 410f 0d8b | c000 0000 | 49c7 0201 
  0x000001eb401c5860: ;   {metadata('java/util/jar/Attributes')}
  0x000001eb401c5860: 0000 0041 | c742 0830 | a218 0045 | 8962 0c4c | 8994 2488 | 0000 0049 | 8b87 0801 | 0000 4c8b 
  0x000001eb401c5880: d049 83c2 | 384d 3b97 | 1801 0000 | 0f83 542f | 0000 4d89 | 9708 0100 | 0041 0f0d | 8ac0 0000 
  0x000001eb401c58a0: 0048 c700 | 0100 0000 

  0x000001eb401c58a8: ;   {metadata('java/util/LinkedHashMap')}
  0x000001eb401c58a8: c740 0868 | 5e0b 0044 | 8960 0c4c | 8960 104c | 8960 284c | 8960 3049 | ba00 0000 | 0010 0000 
  0x000001eb401c58c8: 004c 8950 | 1848 c740 | 2000 0040 | 3f44 8860 | 2c4c 8bd5 | 4c89 9424 | 9800 0000 | 4c8b d04c 
  0x000001eb401c58e8: 8b9c 2488 | 0000 004d | 33d3 4c8b | c84c 8b84 | 2488 0000 | 0045 8948 | 0c49 c1ea | 1449 8bf8 
  0x000001eb401c5908: 4d85 d274 | 1c49 c1eb | 0948 b900 | 00b0 47eb | 0100 0049 | 03cb 6690 | 8039 040f | 857e 2a00 
  0x000001eb401c5928: 0041 807f | 3800 0f85 | 4b29 0000 | 4c8b 9424 | 8000 0000 | 4189 7a0c | 4c8b 9424 | 8800 0000 
  0x000001eb401c5948: 4c8b 9c24 | 8000 0000 | 4d33 d349 | c1ea 144d | 85d2 741a | 49c1 eb09 | 48b9 0000 | b047 eb01 
  0x000001eb401c5968: 0000 4903 | cb80 3904 | 0f85 d929 | 0000 4d8b | 9708 0100 | 004d 8bda | 4983 c330 | 4d3b 9f18 
  0x000001eb401c5988: 0100 000f | 839f 2e00 | 004d 899f | 0801 0000 | 410f 0d8b | c000 0000 | 49c7 0201 

  0x000001eb401c59a4: ;   {metadata('java/util/HashMap')}
  0x000001eb401c59a4: 0000 0041 | c742 0868 | 5a0b 0045 | 8962 0c4d | 8962 104d | 8962 184d | 8962 2849 | c742 2000 
  0x000001eb401c59c4: 0040 3f41 | 807f 3800 | 0f85 6b28 | 0000 4d8b | c24c 8b9c | 2480 0000 | 0045 8943 | 104d 33d3 
  0x000001eb401c59e4: 49c1 ea14 | 4d85 d274 | 1c49 c1eb | 0948 b900 | 00b0 47eb | 0100 0049 | 03cb 6690 | 8039 040f 
  0x000001eb401c5a04: 85fc 2800 | 0048 8b94 | 2480 0000 | 004c 8b44 | 2420 4c8b | 8c24 9800 | 0000 488b | 6c24 5090 
  0x000001eb401c5a24: ;   {optimized virtual_call}
  0x000001eb401c5a24: c5f8 77e8 

  0x000001eb401c5a28: ; ImmutableOopMap {rbp=Oop [32]=Oop [48]=Oop [72]=Oop [80]=Oop [88]=NarrowOop [96]=Oop [104]=Oop [112]=NarrowOop [120]=Oop [128]=Oop [148]=NarrowOop [200]=Oop }
                      ;*invokevirtual read {reexecute=0 rethrow=0 return_oop=0}
                      ; - java.util.jar.Manifest::<init>@29 (line 100)
                      ; - java.util.jar.Manifest::<init>@4 (line 87)
                      ; - java.util.jar.JarFile::getManifestFromReference@143 (line 432)
                      ; - java.util.jar.JarFile::getManifest@1 (line 406)
                      ; - jdk.internal.loader.URLClassPath$JarLoader$2::getManifest@22 (line 884)
                      ; - java.net.URLClassLoader::defineClass@34 (line 491)
                      ; - java.net.URLClassLoader$1::run@43 (line 427)
  0x000001eb401c5a28: 54b9 88ff | 4180 7f38 | 000f 8588 | 2800 004c | 8b84 2480 | 0000 0045 | 8960 144c | 8b4c 2420 
  0x000001eb401c5a48: ; implicit exception: dispatches to 0x000001eb401ca858
  0x000001eb401c5a48: 458b 5908 

  0x000001eb401c5a4c: ;   {metadata('java/util/zip/ZipFile$ZipFileInflaterInputStream')}
  0x000001eb401c5a4c: 4181 fba8 | e41b 000f | 85a7 3f00 | 0049 8be8 | 498b d190 

  0x000001eb401c5a60: ;   {optimized virtual_call}
  0x000001eb401c5a60: c5f8 77e8 

  0x000001eb401c5a64: ; ImmutableOopMap {rbp=Oop [48]=Oop [72]=Oop [80]=Oop [88]=NarrowOop [96]=Oop [104]=Oop [112]=NarrowOop [120]=Oop [148]=NarrowOop [200]=Oop }
                      ;*invokevirtual close {reexecute=0 rethrow=0 return_oop=0}
                      ; - java.util.jar.JarFile::getManifestFromReference@152 (line 433)
                      ; - java.util.jar.JarFile::getManifest@1 (line 406)
                      ; - jdk.internal.loader.URLClassPath$JarLoader$2::getManifest@22 (line 884)
                      ; - java.net.URLClassLoader::defineClass@34 (line 491)
                      ; - java.net.URLClassLoader$1::run@43 (line 427)
  0x000001eb401c5a64: 18b9 88ff | e91a 1100 | 0049 8bd0 | 4d8b c348 | 8b6c 2450 

  0x000001eb401c5a78: ;   {optimized virtual_call}
  0x000001eb401c5a78: c5f8 77e8 

  0x000001eb401c5a7c: ; ImmutableOopMap {rbp=Oop [48]=Oop [72]=Oop [80]=Oop [88]=NarrowOop [92]=NarrowOop [96]=Oop [104]=Oop [112]=NarrowOop [120]=Oop [128]=Oop [148]=NarrowOop [200]=Oop }
                      ;*invokespecial getInputStream {reexecute=0 rethrow=0 return_oop=1}
                      ; - java.util.jar.JarFile::getBytes@2 (line 800)
                      ; - java.util.jar.JarFile::getManifestFromReference@44 (line 419)
                      ; - java.util.jar.JarFile::getManifest@1 (line 406)
                      ; - jdk.internal.loader.URLClassPath$JarLoader$2::getManifest@22 (line 884)
                      ; - java.net.URLClassLoader::defineClass@34 (line 491)
                      ; - java.net.URLClassLoader$1::run@43 (line 427)
  0x000001eb401c5a7c: 00b9 88ff | 4889 8424 | 8800 0000 | 448b 5424 | 5c49 8b6a | 2048 81fd | 0024 f400 | 0f8f 323d 
  0x000001eb401c5a9c: 0000 448b | dd41 83fb | ff0f 847a | 1400 0045 | 8bd3 4181 | fbff ff00 | 000f 8f37 | 0100 000f 
  0x000001eb401c5abc: 1f44 0000 | 4181 fb00 | 0010 000f | 87bb 4200 | 0041 8beb | 4963 cb81 | fd00 0010 | 000f 87a8 
  0x000001eb401c5adc: 2d00 004d | 8b97 0801 | 0000 4883 | c117 4c8b | d949 83e3 | f84d 8bc2 | 4d03 c366 | 0f1f 8400 
  0x000001eb401c5afc: 0000 0000 | 4d3b 8718 | 0100 000f | 837a 2d00 | 004d 8987 | 0801 0000 | 410f 0d88 | c000 0000 
  0x000001eb401c5b1c: 49c7 0201 | 0000 0041 | 0f0d 8800 

  0x000001eb401c5b28: ;   {metadata({type array byte})}
  0x000001eb401c5b28: 0100 0041 | c742 0838 | 6700 0041 | 896a 0c41 | 0f0d 8840 | 0100 0049 | 8bfa 4883 | c710 410f 
  0x000001eb401c5b48: 0d88 8001 | 0000 48c1 | e903 4883 | c1fe 4833 | c048 83f9 | 087f 1048 | ffc9 784f | 4889 04cf 
  0x000001eb401c5b68: 48ff c97d | f7eb 44c5 | fdef c0e9 | 0d00 0000 | c5fe 7f07 | c5fe 7f47 | 2048 83c7 | 4048 83e9 
  0x000001eb401c5b88: 087d ed48 | 83c1 047c | 0cc5 fe7f | 0748 83c7 | 2048 83e9 | 0448 83c1 | 047e 1048 | ffc9 c5f9 
  0x000001eb401c5ba8: d607 4883 | c708 48ff | c97d f34c | 8954 2420 | 448b dd41 | 8beb 488b | 9424 8800 | 0000 4c8b 
  0x000001eb401c5bc8: 4424 2045 | 33c9 418b | fb90 c5f8 | 7748 b8ff | ffff ffff 

  0x000001eb401c5bdc: ;   {virtual_call}
  0x000001eb401c5bdc: ffff ffe8 

  0x000001eb401c5be0: ; ImmutableOopMap {[32]=Oop [48]=Oop [72]=Oop [80]=Oop [88]=NarrowOop [92]=NarrowOop [96]=Oop [104]=Oop [112]=NarrowOop [120]=Oop [128]=Oop [136]=Oop [148]=NarrowOop [200]=Oop }
                      ;*invokevirtual readNBytes {reexecute=0 rethrow=0 return_oop=0}
                      ; - java.util.jar.JarFile::getBytes@109 (line 816)
                      ; - java.util.jar.JarFile::getManifestFromReference@44 (line 419)
                      ; - java.util.jar.JarFile::getManifest@1 (line 406)
                      ; - jdk.internal.loader.URLClassPath$JarLoader$2::getManifest@22 (line 884)
                      ; - java.net.URLClassLoader::defineClass@34 (line 491)
                      ; - java.net.URLClassLoader$1::run@43 (line 427)
  0x000001eb401c5be0: 9cba 88ff | 448b c848 | 8b44 2420 | 896c 2474 | eb38 4489 | 5424 7448 | 8bd0 488b | 6c24 5066 
  0x000001eb401c5c00: 6690 c5f8 | 7748 b8ff | ffff ffff 

  0x000001eb401c5c0c: ;   {virtual_call}
  0x000001eb401c5c0c: ffff ffe8 

  0x000001eb401c5c10: ; ImmutableOopMap {rbp=Oop [48]=Oop [72]=Oop [80]=Oop [88]=NarrowOop [92]=NarrowOop [96]=Oop [104]=Oop [112]=NarrowOop [120]=Oop [128]=Oop [136]=Oop [148]=NarrowOop [200]=Oop }
                      ;*invokevirtual readAllBytes {reexecute=0 rethrow=0 return_oop=1}
                      ; - java.util.jar.JarFile::getBytes@118 (line 818)
                      ; - java.util.jar.JarFile::getManifestFromReference@44 (line 419)
                      ; - java.util.jar.JarFile::getManifest@1 (line 406)
                      ; - jdk.internal.loader.URLClassPath$JarLoader$2::getManifest@22 (line 884)
                      ; - java.net.URLClassLoader::defineClass@34 (line 491)
                      ; - java.net.URLClassLoader$1::run@43 (line 427)
  0x000001eb401c5c10: 6cba 88ff 

  0x000001eb401c5c14: ; implicit exception: dispatches to 0x000001eb401ca788
  0x000001eb401c5c14: 448b 580c | 458b cb44 | 8b5c 2474 | 4183 fbff | 0f84 0613 | 0000 448b | 5424 7445 | 3bd1 0f85 
  0x000001eb401c5c34: d03c 0000 | 4889 8424 | d000 0000 | 488b 9424 | 8800 0000 | 488b 6c24 | 5090 c5f8 | 7748 b8ff 
  0x000001eb401c5c54: ffff ffff 

  0x000001eb401c5c58: ;   {virtual_call}
  0x000001eb401c5c58: ffff ffe8 

  0x000001eb401c5c5c: ; ImmutableOopMap {rbp=Oop [48]=Oop [72]=Oop [80]=Oop [88]=NarrowOop [92]=NarrowOop [96]=Oop [104]=Oop [112]=NarrowOop [120]=Oop [128]=Oop [148]=NarrowOop [200]=Oop [208]=Oop }
                      ;*invokevirtual close {reexecute=0 rethrow=0 return_oop=0}
                      ; - java.util.jar.JarFile::getBytes@190 (line 825)
                      ; - java.util.jar.JarFile::getManifestFromReference@44 (line 419)
                      ; - java.util.jar.JarFile::getManifest@1 (line 406)
                      ; - jdk.internal.loader.URLClassPath$JarLoader$2::getManifest@22 (line 884)
                      ; - java.net.URLClassLoader::defineClass@34 (line 491)
                      ; - java.net.URLClassLoader$1::run@43 (line 427)
  0x000001eb401c5c5c: 20ba 88ff | 4c8b 5424 | 7841 0fb6 | 6a11 85ed | 0f85 c63d | 0000 498b | d248 8b6c | 2450 6690 
  0x000001eb401c5c7c: ;   {optimized virtual_call}
  0x000001eb401c5c7c: c5f8 77e8 

  0x000001eb401c5c80: ; ImmutableOopMap {rbp=Oop [48]=Oop [72]=Oop [80]=Oop [88]=NarrowOop [92]=NarrowOop [96]=Oop [104]=Oop [112]=NarrowOop [120]=Oop [128]=Oop [148]=NarrowOop [200]=Oop [208]=Oop }
                      ;*invokevirtual getManifestNum {reexecute=0 rethrow=0 return_oop=0}
                      ; - java.util.zip.ZipFile$1::getManifestNum@1 (line 1120)
                      ; - java.util.jar.JarFile::getManifestFromReference@59 (line 421)
                      ; - java.util.jar.JarFile::getManifest@1 (line 406)
                      ; - jdk.internal.loader.URLClassPath$JarLoader$2::getManifest@22 (line 884)
                      ; - java.net.URLClassLoader::defineClass@34 (line 491)
                      ; - java.net.URLClassLoader$1::run@43 (line 427)
  0x000001eb401c5c80: fcb6 88ff | 83f8 010f | 85eb 3d00 | 004d 8b97 | 0801 0000 | 4d8b da49 | 83c3 600f | 1f44 0000 
  0x000001eb401c5ca0: 4d3b 9f18 | 0100 000f | 8351 2800 | 004d 899f | 0801 0000 | 410f 0d8b | c000 0000 | 49c7 0201 
  0x000001eb401c5cc0: 0000 0049 | 8bfa 4883 

  0x000001eb401c5cc8: ;   {metadata('java/util/jar/JarVerifier')}
  0x000001eb401c5cc8: c710 41c7 | 4208 b0ca | 1800 4589 | 620c b90a | 0000 00c5 | fdef c0e9 | 0d00 0000 | c5fe 7f07 
  0x000001eb401c5ce8: c5fe 7f47 | 2048 83c7 | 4048 83e9 | 087d ed48 | 83c1 047c | 0cc5 fe7f | 0748 83c7 | 2048 83e9 
  0x000001eb401c5d08: 0448 83c1 | 047e 1048 | ffc9 c5f9 | d607 4883 | c708 48ff | c97d f34c | 8994 2488 | 0000 0044 
  0x000001eb401c5d28: 8b54 245c | 458b 5a08 

  0x000001eb401c5d30: ;   {metadata('java/util/jar/JarFile$JarFileEntry')}
  0x000001eb401c5d30: 4181 fb98 | 0719 000f | 85df 3a00 | 004c 8b94 | 2480 0000 | 004c 8b9c | 2488 0000 | 0041 c643 
  0x000001eb401c5d50: 0e01 458b | 5a60 4489 | 5c24 2049 | 8b87 0801 | 0000 4c8b | 9424 8800 | 0000 41c6 | 420d 014c 
  0x000001eb401c5d70: 8bd0 4983 | c210 498b | eb0f 1f80 | 0000 0000 | 4d3b 9718 | 0100 000f | 83fd 2900 | 004d 8997 
  0x000001eb401c5d90: 0801 0000 | 410f 0d8a | c000 0000 | 48c7 0001 

  0x000001eb401c5da0: ;   {metadata('java/lang/Object')}
  0x000001eb401c5da0: 0000 00c7 | 4008 580d | 0000 4489 | 600c 4c8b | 9424 d000 | 0000 458b | 520c 4489 | 5424 244c 
  0x000001eb401c5dc0: 8b94 2488 | 0000 0044 | 8954 245c | 4c8b d04c | 8b9c 2488 | 0000 004d | 33d3 4c8b | c04c 8b8c 
  0x000001eb401c5de0: 2488 0000 | 0045 8941 | 3449 c1ea | 144c 8b84 | 24d0 0000 | 004d 8bc8 | 4489 4c24 | 2c66 6690 
  0x000001eb401c5e00: 4d85 d274 | 1a49 c1eb | 0948 b900 | 00b0 47eb | 0100 0049 | 03cb 8039 | 040f 8571 | 2100 004d 
  0x000001eb401c5e20: 8b97 0801 | 0000 4d8b | da49 83c3 | 304d 3b9f | 1801 0000 | 0f83 6b29 | 0000 4d89 | 9f08 0100 
  0x000001eb401c5e40: 0041 0f0d | 8bc0 0000 | 0049 c702 | 0100 0000 

  0x000001eb401c5e50: ;   {metadata('java/util/HashMap')}
  0x000001eb401c5e50: 41c7 4208 | 685a 0b00 | 4589 620c | 4d89 6210 | 4d89 6218 | 4d89 6228 | 49c7 4220 | 0000 403f 
  0x000001eb401c5e70: 498b da41 | 807f 3800 | 0f85 e71b | 0000 4c8b | d34c 8b9c | 2488 0000 | 0045 8953 | 404d 8bd3 
  0x000001eb401c5e90: 4c8b db4d | 33da 49c1 | eb14 660f | 1f44 0000 | 4d85 db74 | 1a49 c1ea | 0948 b900 | 00b0 47eb 
  0x000001eb401c5eb0: 0100 0049 | 03ca 8039 | 040f 85c8 | 2100 004d | 8b97 0801 | 0000 4d8b | da49 83c3 | 304d 3b9f 
  0x000001eb401c5ed0: 1801 0000 | 0f83 0b28 | 0000 4d89 | 9f08 0100 | 0041 0f0d | 8bc0 0000 | 0049 c702 | 0100 0000 
  0x000001eb401c5ef0: ;   {metadata('java/util/HashMap')}
  0x000001eb401c5ef0: 41c7 4208 | 685a 0b00 | 4589 620c | 4d89 6210 | 4d89 6218 | 4d89 6228 | 49c7 4220 | 0000 403f 
  0x000001eb401c5f10: 498b da41 | 807f 3800 | 0f85 071b | 0000 4c8b | d34c 8b9c | 2488 0000 | 0045 8953 | 444d 8bd3 
  0x000001eb401c5f30: 4c8b db4d | 33da 49c1 | eb14 660f | 1f44 0000 | 4d85 db74 | 1a49 c1ea | 0948 b900 | 00b0 47eb 
  0x000001eb401c5f50: 0100 0049 | 03ca 8039 | 040f 8588 | 2000 004d | 8b97 0801 | 0000 4d8b | da49 83c3 | 104d 3b9f 
  0x000001eb401c5f70: 1801 0000 | 0f83 ce27 | 0000 4d89 | 9f08 0100 | 0041 0f0d | 8bc0 0000 | 0049 c702 | 0100 0000 
  0x000001eb401c5f90: 410f 0d8b | 0001 0000 

  0x000001eb401c5f98: ;   {metadata('java/security/CodeSigner'[])}
  0x000001eb401c5f98: 41c7 4208 | 783c 0401 | 410f 0d8b | 4001 0000 | 4589 620c | 410f 0d8b | 8001 0000 | 498b da66 
  0x000001eb401c5fb8: 0f1f 8400 | 0000 0000 | 4180 7f38 | 000f 851a | 1900 004c | 8bd3 4c8b | 9c24 8800 | 0000 4589 
  0x000001eb401c5fd8: 5350 4d8b | d34c 8bdb | 4d33 da49 | c1eb 144d | 85db 741d | 49c1 ea09 | 48b9 0000 | b047 eb01 
  0x000001eb401c5ff8: 0000 4903 | ca66 6690 | 8039 040f | 85c7 2000 | 0041 807f | 3800 0f85 | 9119 0000 | 4c8b 9424 
  0x000001eb401c6018: 8800 0000 | 448b 4424 | 2045 8942 | 304c 8bd5 | 4c8b 9c24 | 8800 0000 | 4d33 d349 | c1ea 144d 
  0x000001eb401c6038: 85d2 7423 | 0f1f 4000 | 4585 c074 | 1a49 c1eb | 0948 b900 | 00b0 47eb | 0100 0049 | 03cb 8039 
  0x000001eb401c6058: 040f 85c8 | 2000 0090 | 4180 7f38 | 000f 85ba | 1800 004c | 8b94 2488 | 0000 0044 | 8b44 242c 
  0x000001eb401c6078: 4589 422c | 4c8b 9424 | d000 0000 | 4c8b 9c24 | 8800 0000 | 4d33 d349 | c1ea 144d | 85d2 741a 
  0x000001eb401c6098: 49c1 eb09 | 48b9 0000 | b047 eb01 | 0000 4903 | cb80 3904 | 0f85 7e1f | 0000 4d8b | 9708 0100 
  0x000001eb401c60b8: 004d 8bda | 4983 c330 | 4d3b 9f18 | 0100 000f | 8378 2500 | 004d 899f | 0801 0000 | 410f 0d8b 
  0x000001eb401c60d8: c000 0000 | 49c7 0201 

  0x000001eb401c60e0: ;   {metadata('java/util/Hashtable')}
  0x000001eb401c60e0: 0000 0041 | c742 08c8 | 6901 0045 | 8962 0c4d | 8962 184d | 8962 204d | 8962 2849 | bb00 0000 
  0x000001eb401c6100: 0000 0040 | 3f4d 895a | 1049 8bea | 498b 8708 | 0100 004c | 8bd0 4983 | c240 660f | 1f44 0000 
  0x000001eb401c6120: 4d3b 9718 | 0100 000f | 8398 2500 | 004d 8997 | 0801 0000 | 410f 0d8a | c000 0000 | 48c7 0001 
  0x000001eb401c6140: 0000 0041 | 0f0d 8a00 

  0x000001eb401c6148: ;   {metadata('java/util/Hashtable$Entry'[])}
  0x000001eb401c6148: 0100 00c7 | 4008 8802 | 1600 410f | 0d8a 4001 | 0000 c740 | 0c0b 0000 | 0041 0f0d | 8a80 0100 
  0x000001eb401c6168: 004c 8960 | 104c 8960 | 184c 8960 | 204c 8960 | 284c 8960 | 304c 8960 | 384c 8bd5 | 498b da4c 
  0x000001eb401c6188: 8bd0 4489 | 551c 4c8b | d04c 8bdd | 4d33 d349 | c1ea 140f | 1f44 0000 | 4d85 d274 | 1a49 c1eb 
  0x000001eb401c61a8: 0948 b900 | 00b0 47eb | 0100 0049 | 03cb 8039 | 040f 8548 | 1c00 0090 | 4180 7f38 | 000f 859a 
  0x000001eb401c61c8: 1700 004c | 8b94 2488 | 0000 0041 | 895a 144c | 8bd5 41c7 | 4210 0800 | 0000 4c8b | 9c24 8800 
  0x000001eb401c61e8: 0000 4d33 | d349 c1ea | 144d 85d2 | 741a 49c1 | eb09 48b9 | 0000 b047 | eb01 0000 | 4903 cb80 
  0x000001eb401c6208: 3904 0f85 | 371d 0000 | 4d8b 9708 | 0100 004d | 8bda 4983 | c330 6690 | 4d3b 9f18 | 0100 000f 
  0x000001eb401c6228: 83f9 2400 | 004d 899f | 0801 0000 | 410f 0d8b | c000 0000 | 49c7 0201 

  0x000001eb401c6240: ;   {metadata('java/util/Hashtable')}
  0x000001eb401c6240: 0000 0041 | c742 08c8 | 6901 0045 | 8962 0c4d | 8962 184d | 8962 204d | 8962 2849 | bb00 0000 
  0x000001eb401c6260: 0000 0040 | 3f4d 895a | 1049 8bea | 498b 8708 | 0100 004c | 8bd0 4983 | c240 660f | 1f44 0000 
  0x000001eb401c6280: 4d3b 9718 | 0100 000f | 83d8 2300 | 004d 8997 | 0801 0000 | 410f 0d8a | c000 0000 | 48c7 0001 
  0x000001eb401c62a0: 0000 0041 | 0f0d 8a00 

  0x000001eb401c62a8: ;   {metadata('java/util/Hashtable$Entry'[])}
  0x000001eb401c62a8: 0100 00c7 | 4008 8802 | 1600 410f | 0d8a 4001 | 0000 c740 | 0c0b 0000 | 0041 0f0d | 8a80 0100 
  0x000001eb401c62c8: 004c 8960 | 104c 8960 | 184c 8960 | 204c 8960 | 284c 8960 | 304c 8960 | 384c 8bd5 | 498b fa4c 
  0x000001eb401c62e8: 8bd8 4589 | 5a1c 4c8b | d04c 8bdd | 4d33 d349 | c1ea 140f | 1f44 0000 | 4d85 d274 | 1a49 c1eb 
  0x000001eb401c6308: 0948 b900 | 00b0 47eb | 0100 0049 | 03cb 8039 | 040f 8548 | 1a00 0090 | 4180 7f38 | 000f 85ba 
  0x000001eb401c6328: 1600 004c | 8b94 2488 | 0000 0041 | 897a 104c | 8bd5 41c7 | 4210 0800 | 0000 4c8b | 9c24 8800 
  0x000001eb401c6348: 0000 4d33 | d349 c1ea | 144d 85d2 | 741a 49c1 | eb09 48b9 | 0000 b047 | eb01 0000 | 4903 cb80 
  0x000001eb401c6368: 3904 0f85 | 401a 0000 | 4d8b 9708 | 0100 004d | 8bda 4983 | c330 6690 | 4d3b 9f18 | 0100 000f 
  0x000001eb401c6388: 83f8 2200 | 004d 899f | 0801 0000 | 410f 0d8b | c000 0000 | 49c7 0201 

  0x000001eb401c63a0: ;   {metadata('java/util/Hashtable')}
  0x000001eb401c63a0: 0000 0041 | c742 08c8 | 6901 0045 | 8962 0c4d | 8962 184d | 8962 204d | 8962 2849 | bb00 0000 
  0x000001eb401c63c0: 0000 0040 | 3f4d 895a | 1049 8bea | 498b 8708 | 0100 004c | 8bd0 4983 | c240 660f | 1f44 0000 
  0x000001eb401c63e0: 4d3b 9718 | 0100 000f | 83b8 2200 | 004d 8997 | 0801 0000 | 410f 0d8a | c000 0000 | 48c7 0001 
  0x000001eb401c6400: 0000 0041 | 0f0d 8a00 

  0x000001eb401c6408: ;   {metadata('java/util/Hashtable$Entry'[])}
  0x000001eb401c6408: 0100 00c7 | 4008 8802 | 1600 410f | 0d8a 4001 | 0000 c740 | 0c0b 0000 | 0041 0f0d | 8a80 0100 
  0x000001eb401c6428: 004c 8960 | 104c 8960 | 184c 8960 | 204c 8960 | 284c 8960 | 304c 8960 | 384c 8bd5 | 498b da4c 
  0x000001eb401c6448: 8bd0 4489 | 551c 4c8b | d04c 8bdd | 4d33 d349 | c1ea 140f | 1f44 0000 | 4d85 d274 | 1a49 c1eb 
  0x000001eb401c6468: 0948 b900 | 00b0 47eb | 0100 0049 | 03cb 8039 | 040f 8571 | 1a00 0090 | 4180 7f38 | 000f 851a 
  0x000001eb401c6488: 1400 004c | 8b94 2488 | 0000 0041 | 895a 184c | 8bd5 41c7 | 4210 0800 | 0000 4c8b | 9c24 8800 
  0x000001eb401c64a8: 0000 4d33 | d349 c1ea | 144d 85d2 | 741a 49c1 | eb09 48b9 | 0000 b047 | eb01 0000 | 4903 cb80 
  0x000001eb401c64c8: 3904 0f85 | 8019 0000 | 4d8b 9708 | 0100 004d | 8bda 4983 | c318 6690 | 4d3b 9f18 | 0100 000f 
  0x000001eb401c64e8: 83f8 2000 | 004d 899f | 0801 0000 | 410f 0d8b | c000 0000 | 49c7 0201 

  0x000001eb401c6500: ;   {metadata('java/util/ArrayList')}
  0x000001eb401c6500: 0000 0041 | c742 0820 | df00 0045 | 8962 0c45 

  0x000001eb401c6510: ;   {oop(a 'java/lang/Object'[0] {0x00000000800815a8})}
  0x000001eb401c6510: 8962 1041 | c742 14a8 | 1508 8049 | 8bda 6690 | 4180 7f38 | 000f 85ba | 1200 004c | 8bd3 4c8b 
  0x000001eb401c6530: 9c24 8800 | 0000 4589 | 531c 4d8b | d34c 8bdb | 4d33 da49 | c1eb 144d | 85db 741d | 49c1 ea09 
  0x000001eb401c6550: 48b9 0000 | b047 eb01 | 0000 4903 | ca66 6690 | 8039 040f | 853e 1900 | 004d 8b97 | 0801 0000 
  0x000001eb401c6570: 4d8b da49 | 83c3 1866 | 0f1f 8400 | 0000 0000 | 4d3b 9f18 | 0100 000f | 83ff 1f00 | 004d 899f 
  0x000001eb401c6590: 0801 0000 | 410f 0d8b | c000 0000 | 49c7 0201 

  0x000001eb401c65a0: ;   {metadata('java/io/ByteArrayOutputStream')}
  0x000001eb401c65a0: 0000 0041 | c742 0810 | 5719 0045 | 8962 0c4d | 8962 1049 | 8bea 498b | 8708 0100 | 004c 8bd0 
  0x000001eb401c65c0: 4983 c230 | 4d3b 9718 | 0100 000f | 8334 2000 | 004d 8997 | 0801 0000 | 410f 0d8a | c000 0000 
  0x000001eb401c65e0: 48c7 0001 | 0000 0041 | 0f0d 8a00 

  0x000001eb401c65ec: ;   {metadata({type array byte})}
  0x000001eb401c65ec: 0100 00c7 | 4008 3867 | 0000 410f | 0d8a 4001 | 0000 c740 | 0c20 0000 | 0041 0f0d | 8a80 0100 
  0x000001eb401c660c: 004c 8960 | 104c 8960 | 184c 8960 | 204c 8960 | 284c 8bd5 | 498b fa4c | 8bd8 4589 | 5a10 4c8b 
  0x000001eb401c662c: d04c 8bdd | 4d33 d349 | c1ea 144d | 85d2 741a | 49c1 eb09 | 48b9 0000 | b047 eb01 | 0000 4903 
  0x000001eb401c664c: cb80 3904 | 0f85 7a15 | 0000 6666 | 0f1f 8400 | 0000 0000 | 4180 7f38 | 000f 853a | 1100 004c 
  0x000001eb401c666c: 8b94 2488 | 0000 0041 | 897a 244c | 8bd5 4c8b | 9c24 8800 | 0000 4d33 | d349 c1ea | 144d 85d2 
  0x000001eb401c668c: 741b 49c1 | eb09 48b9 | 0000 b047 | eb01 0000 | 4903 cb90 | 8039 040f | 85de 1400 | 004d 8b97 
  0x000001eb401c66ac: 0801 0000 | 4d8b da49 | 83c3 1866 | 0f1f 8400 | 0000 0000 | 4d3b 9f18 | 0100 000f | 83f8 1e00 
  0x000001eb401c66cc: 004d 899f | 0801 0000 | 410f 0d8b | c000 0000 | 49c7 0201 

  0x000001eb401c66e0: ;   {metadata('java/util/ArrayList')}
  0x000001eb401c66e0: 0000 0041 | c742 0820 | df00 0045 | 8962 0c45 

  0x000001eb401c66f0: ;   {oop(a 'java/lang/Object'[0] {0x00000000800815a8})}
  0x000001eb401c66f0: 8962 1041 | c742 14a8 | 1508 8049 | 8bda 6690 | 4180 7f38 | 000f 855a | 1100 004c | 8bd3 4d8b 
  0x000001eb401c6710: da4c 8b94 | 2488 0000 | 0045 895a | 384c 8bdb | 4d33 da49 | c1eb 144d | 85db 741d | 49c1 ea09 
  0x000001eb401c6730: 48b9 0000 | b047 eb01 | 0000 4903 | ca66 6690 | 8039 040f | 85de 1400 | 004d 8b97 | 0801 0000 
  0x000001eb401c6750: 4d8b da49 | 83c3 3066 | 0f1f 8400 | 0000 0000 | 4d3b 9f18 | 0100 000f | 83b8 1e00 | 004d 899f 
  0x000001eb401c6770: 0801 0000 | 410f 0d8b | c000 0000 | 49c7 0201 

  0x000001eb401c6780: ;   {metadata('java/util/HashMap')}
  0x000001eb401c6780: 0000 0041 | c742 0868 | 5a0b 0045 | 8962 0c4d | 8962 104d | 8962 184d | 8962 2849 | c742 2000 
  0x000001eb401c67a0: 0040 3f49 | 8bda 4180 | 7f38 000f | 8574 1000 | 004c 8bd3 | 4d8b da4c | 8b94 2488 | 0000 0045 
  0x000001eb401c67c0: 895a 3c4c | 8bdb 4d33 | da49 c1eb | 144d 85db | 741a 49c1 | ea09 48b9 | 0000 b047 | eb01 0000 
  0x000001eb401c67e0: 4903 ca80 | 3904 0f85 | 8414 0000 | 4180 7f38 | 000f 8535 | 0f00 004c | 8b54 2478 | 448b 4424 
  0x000001eb401c6800: 5c45 8942 | 304c 8b94 | 2488 0000 | 004c 8b5c | 2478 4d33 | d349 c1ea | 144d 85d2 | 741a 49c1 
  0x000001eb401c6820: eb09 48b9 | 0000 b047 | eb01 0000 | 4903 cb80 | 3904 0f85 | f712 0000 | 498b 8708 | 0100 004c 
  0x000001eb401c6840: 8bd0 4983 | c218 4d3b | 9718 0100 | 000f 8301 | 1d00 004d | 8997 0801 | 0000 410f | 0d8a c000 
  0x000001eb401c6860: 0000 48c7 | 0001 0000 

  0x000001eb401c6868: ;   {metadata('java/util/jar/Manifest')}
  0x000001eb401c6868: 00c7 4008 | c0c0 0600 | 4489 600c | 4c89 6010 | 4c8b d04c | 8994 2480 | 0000 004c | 8b54 2478 
  0x000001eb401c6888: 458b 5230 | 4489 5424 | 204d 8b97 | 0801 0000 | 4d8b da49 | 83c3 2044 | 8b44 2420 | 4c89 8424 
  0x000001eb401c68a8: 8800 0000 | 4d3b 9f18 | 0100 000f | 837b 1c00 | 004d 899f | 0801 0000 | 410f 0d8b | c000 0000 
  0x000001eb401c68c8: 49c7 0201 

  0x000001eb401c68cc: ;   {metadata('java/io/ByteArrayInputStream')}
  0x000001eb401c68cc: 0000 0041 | c742 0808 | 9d01 0045 | 8962 0c4d | 8962 104d | 8962 184c | 8994 2498 | 0000 0044 
  0x000001eb401c68ec: 8b44 2424 | 4589 4214 | 448b 5c24 | 2c45 895a | 184c 8b54 | 2478 418b | 6a14 4d8b | 9708 0100 
  0x000001eb401c690c: 004d 8bda | 4983 c310 | 0f1f 8400 | 0000 0000 | 6666 6690 | 4d3b 9f18 | 0100 000f | 8344 1c00 
  0x000001eb401c692c: 004d 899f | 0801 0000 | 410f 0d8b | c000 0000 | 49c7 0201 

  0x000001eb401c6940: ;   {metadata('java/util/jar/Attributes')}
  0x000001eb401c6940: 0000 0041 | c742 0830 | a218 0045 | 8962 0c4c | 8994 24a0 | 0000 0049 | 8b87 0801 | 0000 4c8b 
  0x000001eb401c6960: d049 83c2 | 384d 3b97 | 1801 0000 | 0f83 3a1c | 0000 4d89 | 9708 0100 | 0041 0f0d | 8ac0 0000 
  0x000001eb401c6980: 0048 c700 | 0100 0000 

  0x000001eb401c6988: ;   {metadata('java/util/LinkedHashMap')}
  0x000001eb401c6988: c740 0868 | 5e0b 0044 | 8960 0c4c | 8960 104c | 8960 284c | 8960 3049 | ba00 0000 | 0010 0000 
  0x000001eb401c69a8: 004c 8950 | 1848 c740 | 2000 0040 | 3f44 8860 | 2c4c 8b94 | 24a0 0000 | 0049 8bfa | 4c8b d04c 
  0x000001eb401c69c8: 8b9c 24a0 | 0000 004d | 33d3 4c8b | c04c 8b8c | 24a0 0000 | 0045 8941 | 0c49 c1ea | 144c 8bc5 
  0x000001eb401c69e8: 4c89 8424 | a800 0000 | 4d85 d274 | 1a49 c1eb | 0948 b900 | 00b0 47eb | 0100 0049 | 03cb 8039 
  0x000001eb401c6a08: 040f 8501 | 1300 0041 | 807f 3800 | 0f85 4b0d | 0000 4c8b | 9424 8000 | 0000 4189 | 7a0c 4c8b 
  0x000001eb401c6a28: 9424 a000 | 0000 4c8b | 9c24 8000 | 0000 4d33 | d349 c1ea | 1466 6690 | 4d85 d274 | 1a49 c1eb 
  0x000001eb401c6a48: 0948 b900 | 00b0 47eb | 0100 0049 | 03cb 8039 | 040f 8568 | 1200 004d | 8b97 0801 | 0000 4d8b 
  0x000001eb401c6a68: da49 83c3 | 304d 3b9f | 1801 0000 | 0f83 9e1a | 0000 4d89 | 9f08 0100 | 0041 0f0d | 8bc0 0000 
  0x000001eb401c6a88: 0049 c702 | 0100 0000 

  0x000001eb401c6a90: ;   {metadata('java/util/HashMap')}
  0x000001eb401c6a90: 41c7 4208 | 685a 0b00 | 4589 620c | 4d89 6210 | 4d89 6218 | 4d89 6228 | 49c7 4220 | 0000 403f 
  0x000001eb401c6ab0: 498b da41 | 807f 3800 | 0f85 2d0c | 0000 4c8b | d34c 8b9c | 2480 0000 | 0045 8953 | 104d 8bd3 
  0x000001eb401c6ad0: 4c8b db4d | 33da 49c1 | eb14 660f | 1f44 0000 | 4d85 db74 | 1a49 c1ea | 0948 b900 | 00b0 47eb 
  0x000001eb401c6af0: 0100 0049 | 03ca 8039 | 040f 85e6 | 0f00 0048 | 8b94 2480 | 0000 004c | 8b84 2498 | 0000 004c 
  0x000001eb401c6b10: 8b8c 24a8 | 0000 0048 | 8b6c 2450 

  0x000001eb401c6b1c: ;   {optimized virtual_call}
  0x000001eb401c6b1c: c5f8 77e8 

  0x000001eb401c6b20: ; ImmutableOopMap {rbp=Oop [32]=NarrowOop [48]=Oop [72]=Oop [80]=Oop [88]=NarrowOop [96]=Oop [104]=Oop [112]=NarrowOop [120]=Oop [128]=Oop [136]=Oop [148]=NarrowOop [200]=Oop }
                      ;*invokevirtual read {reexecute=0 rethrow=0 return_oop=0}
                      ; - java.util.jar.Manifest::<init>@29 (line 100)
                      ; - java.util.jar.JarFile::getManifestFromReference@121 (line 429)
                      ; - java.util.jar.JarFile::getManifest@1 (line 406)
                      ; - jdk.internal.loader.URLClassPath$JarLoader$2::getManifest@22 (line 884)
                      ; - java.net.URLClassLoader::defineClass@34 (line 491)
                      ; - java.net.URLClassLoader$1::run@43 (line 427)
  0x000001eb401c6b20: 5ca8 88ff | 4180 7f38 | 000f 8576 | 0f00 004c | 8b94 2480 | 0000 0044 | 8b44 2420 | 4589 4214 
  0x000001eb401c6b40: 4c8b 9424 | 8800 0000 | 4c8b 9c24 | 8000 0000 | 4d33 d349 | c1ea 144d | 85d2 7423 | 458b d090 
  0x000001eb401c6b60: 4585 d274 | 1a49 c1eb | 0948 b900 | 00b0 47eb | 0100 0049 | 03cb 8039 | 040f 85f1 | 1500 0048 
  0x000001eb401c6b80: 8bac 2480 | 0000 004d | 8b97 0801 | 0000 4d8b | da49 83c3 | 2866 6666 | 0f1f 8400 | 0000 0000 
  0x000001eb401c6ba0: 4d3b 9f18 | 0100 000f | 83b0 1800 | 004d 899f | 0801 0000 | 410f 0d8b | c000 0000 | 49c7 0201 
  0x000001eb401c6bc0: ;   {metadata('java/lang/ref/SoftReference')}
  0x000001eb401c6bc0: 0000 0041 | c742 08a8 | 7904 0045 | 8962 0c4d | 8962 104d | 8962 184d | 8962 2049 | 8bfa 4c8b 
  0x000001eb401c6be0: dd45 895a | 0c41 807f | 3800 0f85 | 2509 0000 

  0x000001eb401c6bf0: ;   {oop(a 'java/lang/ref/ReferenceQueue$Null'{0x0000000080086bd0})}
  0x000001eb401c6bf0: 4c8b d741 | c742 10d0 | 6b08 8049 

  0x000001eb401c6bfc: ;   {oop(a 'java/lang/ref/ReferenceQueue$Null'{0x0000000080086bd0})}
  0x000001eb401c6bfc: 8bda 49bb | d06b 0880 | 0000 0000 | 4d33 da49 | c1eb 144d | 85db 741a | 49c1 ea09 | 48b9 0000 
  0x000001eb401c6c1c: b047 eb01 | 0000 4903 | ca80 3904 | 0f85 1e09 | 0000 f083 | 4424 c000 | 4180 7f38 | 000f 859e 
  0x000001eb401c6c3c: 0800 004c | 8b54 2478 | 4189 5a28 

  0x000001eb401c6c48: ;   {oop(a 'java/lang/Class'{0x0000000080074578} = 'java/lang/ref/SoftReference')}
  0x000001eb401c6c48: 49ba 7845 | 0780 0000 | 0000 4d8b | 5270 4c89 | 5720 4c8b | 5424 784c | 8bdf 4d33 | da49 c1eb 
  0x000001eb401c6c68: 144d 85db | 741c 49c1 | ea09 4c8b | 4424 384d | 03c2 660f | 1f44 0000 | 4180 3804 | 0f85 1d09 
  0x000001eb401c6c88: 0000 488b | 7c24 684c | 8bc5 e959 | d7ff ff41 | b92f 0000 | 0066 6690 | e91a cdff | ff41 b92f 
  0x000001eb401c6ca8: 0000 00e9 | c3e4 ffff | 458b de4d | 8bcd c4c1 | f97e c0c4 | c179 7eca | e9cb daff | ff44 8944 
  0x000001eb401c6cc8: 245c 488b | 5424 2044 | 8b44 2428 | 4c8b d249 | 8bea 6690 

  0x000001eb401c6cdc: ;   {optimized virtual_call}
  0x000001eb401c6cdc: c5f8 77e8 

  0x000001eb401c6ce0: ; ImmutableOopMap {rbp=Oop [32]=Oop [48]=Oop [72]=Oop [80]=Oop [88]=NarrowOop [92]=NarrowOop [96]=Oop [104]=Oop [112]=NarrowOop [148]=NarrowOop [200]=Oop }
                      ;*invokevirtual getManifestName {reexecute=0 rethrow=0 return_oop=1}
                      ; - java.util.zip.ZipFile$1::getManifestName@2 (line 1124)
                      ; - java.util.jar.JarFile::maybeInstantiateVerifier@20 (line 722)
                      ; - java.util.jar.JarFile::ensureInitialization@1 (line 1030)
                      ; - java.util.jar.JavaUtilJarAccessImpl::ensureInitialization@1 (line 72)
                      ; - jdk.internal.loader.URLClassPath$JarLoader$2::getManifest@10 (line 883)
                      ; - java.net.URLClassLoader::defineClass@34 (line 491)
                      ; - java.net.URLClassLoader$1::run@43 (line 427)
  0x000001eb401c6ce0: 9ca6 88ff | 4885 c00f | 8548 3100 | 0044 8b54 | 245c 4588 | 6212 418b | 6a30 85ed | 0f1f 4000 
  0x000001eb401c6d00: 0f84 ced5 | ffff ba45 | ffff ff4c | 8b5c 2450 | 4c89 5c24 | 204c 8b5c | 2448 4c89 | 5c24 284c 
  0x000001eb401c6d20: 8b5c 2468 | 4c89 5c24 | 304c 8b5c | 2440 4c89 | 5c24 3844 | 8b5c 2458 | 4489 5c24 | 4466 6690 
  0x000001eb401c6d40: ;   {runtime_call UncommonTrapBlob}
  0x000001eb401c6d40: c5f8 77e8 

  0x000001eb401c6d44: ; ImmutableOopMap {rbp=NarrowOop [32]=Oop [40]=Oop [48]=Oop [68]=NarrowOop [92]=NarrowOop [112]=NarrowOop [148]=NarrowOop [200]=Oop }
                      ;*ifnull {reexecute=1 rethrow=0 return_oop=0}
                      ; - (reexecute) java.util.jar.JarFile::ensureInitialization@21 (line 1034)
                      ; - java.util.jar.JavaUtilJarAccessImpl::ensureInitialization@1 (line 72)
                      ; - jdk.internal.loader.URLClassPath$JarLoader$2::getManifest@10 (line 883)
                      ; - java.net.URLClassLoader::defineClass@34 (line 491)
                      ; - java.net.URLClassLoader$1::run@43 (line 427)
  0x000001eb401c6d44: b8fb 88ff | 498b 8708 | 0100 004c | 8bd8 4983 | c310 6666 | 0f1f 8400 | 0000 0000 | 4d3b 9f18 
  0x000001eb401c6d64: 0100 000f | 83df 1a00 | 004d 899f | 0801 0000 | 410f 0d8b | c000 0000 | 48c7 0001 

  0x000001eb401c6d80: ;   {metadata('jdk/internal/loader/URLClassPath$JarLoader$1')}
  0x000001eb401c6d80: 0000 00c7 | 4008 e8a7 | 1900 4489 | 600c 488b | d844 8943 | 0c8b 712c 

  0x000001eb401c6d98: ;   {oop(a 'java/lang/Class'{0x0000000080061ae8} = 'java/lang/System')}
  0x000001eb401c6d98: 49bb e81a | 0680 0000 | 0000 418b | 6b7c 85ed | 0f85 d630 | 0000 85f6 | 0f84 1904 | 0000 4889 
  0x000001eb401c6db8: 5c24 5844 | 8944 243c | 4889 4c24 | 4044 8954 | 2438 4c89 | 4c24 484c | 8bd6 498b | ea49 8bd2 
  0x000001eb401c6dd8: ;   {static_call}
  0x000001eb401c6dd8: c5f8 77e8 

  0x000001eb401c6ddc: ; ImmutableOopMap {rbp=Oop [32]=Oop [44]=NarrowOop [48]=Oop [60]=NarrowOop [64]=Oop [80]=Oop [88]=Oop }
                      ;*invokestatic ensureMaterializedForStackWalk {reexecute=0 rethrow=0 return_oop=0}
                      ; - java.security.AccessController::executePrivileged@5 (line 803)
                      ; - java.security.AccessController::doPrivileged@13 (line 712)
                      ; - jdk.internal.loader.URLClassPath$JarLoader::ensureOpen@19 (line 761)
                      ; - jdk.internal.loader.URLClassPath$JarLoader::getResource@1 (line 950)
                      ; - jdk.internal.loader.URLClassPath::getResource@53 (line 319)
                      ; - java.net.URLClassLoader$1::run@26 (line 424)
  0x000001eb401c6ddc: a0ab 88ff | 448b 5424 | 3848 8b4c | 2440 488b | 5c24 5848 | 894c 2440 | 4489 5424 | 3848 8bd3 
  0x000001eb401c6dfc: ;   {optimized virtual_call}
  0x000001eb401c6dfc: c5f8 77e8 

  0x000001eb401c6e00: ; ImmutableOopMap {rbp=Oop [32]=Oop [44]=NarrowOop [48]=Oop [60]=NarrowOop [64]=Oop [80]=Oop }
                      ;*invokevirtual run {reexecute=0 rethrow=0 return_oop=1}
                      ; - jdk.internal.loader.URLClassPath$JarLoader$1::run@1 (line 762)
                      ; - java.security.AccessController::executePrivileged@29 (line 807)
                      ; - java.security.AccessController::doPrivileged@13 (line 712)
                      ; - jdk.internal.loader.URLClassPath$JarLoader::ensureOpen@19 (line 761)
                      ; - jdk.internal.loader.URLClassPath$JarLoader::getResource@1 (line 950)
                      ; - jdk.internal.loader.URLClassPath::getResource@53 (line 319)
                      ; - java.net.URLClassLoader$1::run@26 (line 424)
  0x000001eb401c6e00: 7ca5 88ff | 488b 4c24 | 408b 6918 | 85ed 0f84 | 482f 0000 | 4c8b 4c24 | 4844 8b54 | 2438 448b 
  0x000001eb401c6e20: 4424 3ce9 | 16ce ffff | 33ed bb01 | 0000 00e9 | e0c8 ffff | 33c0 e9f5 | e5ff ff33 | ed66 6690 
  0x000001eb401c6e40: e943 e0ff | ff4c 8959 | 20e9 87d5 | ffff 458b | de4d 8bcd | c4c1 f97e | c0e9 b2d7 | ffff 4c89 
  0x000001eb401c6e60: 4424 7849 | 8bd0 4533 | c048 8b6c | 2450 6690 

  0x000001eb401c6e70: ;   {optimized virtual_call}
  0x000001eb401c6e70: c5f8 77e8 

  0x000001eb401c6e74: ; ImmutableOopMap {rbp=Oop [48]=Oop [72]=Oop [80]=Oop [88]=NarrowOop [96]=Oop [104]=Oop [112]=NarrowOop [120]=Oop [148]=NarrowOop [200]=Oop }
                      ;*invokevirtual getManifestName {reexecute=0 rethrow=0 return_oop=1}
                      ; - java.util.zip.ZipFile$1::getManifestName@2 (line 1124)
                      ; - java.util.jar.JarFile::getManEntry@12 (line 941)
                      ; - java.util.jar.JarFile::getManifestFromReference@27 (line 414)
                      ; - java.util.jar.JarFile::getManifest@1 (line 406)
                      ; - jdk.internal.loader.URLClassPath$JarLoader$2::getManifest@22 (line 884)
                      ; - java.net.URLClassLoader::defineClass@34 (line 491)
                      ; - java.net.URLClassLoader$1::run@43 (line 427)
  0x000001eb401c6e74: 08a5 88ff | 4885 c00f | 1f44 0000 | 0f84 ab02 | 0000 488b | 5424 784c | 8bc0 6690 

  0x000001eb401c6e90: ;   {optimized virtual_call}
  0x000001eb401c6e90: c5f8 77e8 

  0x000001eb401c6e94: ; ImmutableOopMap {rbp=Oop [48]=Oop [72]=Oop [80]=Oop [88]=NarrowOop [96]=Oop [104]=Oop [112]=NarrowOop [120]=Oop [148]=NarrowOop [200]=Oop }
                      ;*invokespecial getEntry {reexecute=0 rethrow=0 return_oop=1}
                      ; - java.util.jar.JarFile::getManEntry@25 (line 943)
                      ; - java.util.jar.JarFile::getManifestFromReference@27 (line 414)
                      ; - java.util.jar.JarFile::getManifest@1 (line 406)
                      ; - jdk.internal.loader.URLClassPath$JarLoader$2::getManifest@22 (line 884)
                      ; - java.net.URLClassLoader::defineClass@34 (line 491)
                      ; - java.net.URLClassLoader$1::run@43 (line 427)
  0x000001eb401c6e94: e8a4 88ff | 0f1f 8400 | 0000 0000 

  0x000001eb401c6ea0: ; implicit exception: dispatches to 0x000001eb401ca898
  0x000001eb401c6ea0: 448b 5008 

  0x000001eb401c6ea4: ;   {metadata('java/util/jar/JarEntry')}
  0x000001eb401c6ea4: 488b d849 | bba0 0419 | 4feb 0100 | 0049 b800 | 0000 4feb | 0100 004d | 03c2 4d8b | 5040 4d3b 
  0x000001eb401c6ec4: d30f 85ed | 2f00 0041 | 807f 3800 | 0f85 a215 | 0000 4c8b | 4424 784c | 8bcb 4d8b | d04d 8bd9 
  0x000001eb401c6ee4: 4589 582c | 4d8b d94d | 33da 49c1 | eb14 4d85 | db74 1a49 | c1ea 0948 | b900 00b0 | 47eb 0100 
  0x000001eb401c6f04: 0049 03ca | 8039 040f | 85a5 1500 | 0048 8b7c | 2468 e95e | e8ff ff33 | c066 6690 | e977 e6ff 
  0x000001eb401c6f24: ff41 baff | ffff ffe9 | c2ec ffff | 4889 8424 | d000 0000 | e903 edff | ffc4 c179 | 7ec1 498b 
  0x000001eb401c6f44: cec4 e1f9 | 7eca 4183 | fbff 7e1f | 460f be54 | 1e10 4183 | fa2e 660f | 1f44 0000 | 0f84 18d0 
  0x000001eb401c6f64: ffff 41ff | cb41 83fb | ff7f e141 | bbff ffff | ffe9 04d0 | ffff 4c8b | 4424 4890 | 453b 6020 
  0x000001eb401c6f84: 0f85 8502 | 0000 448b | 5424 4045 | 8bda 41ff | c341 8beb | 488b 5424 | 2045 8bc3 

  0x000001eb401c6fa0: ;   {optimized virtual_call}
  0x000001eb401c6fa0: c5f8 77e8 

  0x000001eb401c6fa4: ; ImmutableOopMap {[32]=Oop [44]=NarrowOop [48]=Oop [80]=Oop }
                      ;*invokevirtual getLoader {reexecute=0 rethrow=0 return_oop=1}
                      ; - jdk.internal.loader.URLClassPath::getResource@42 (line 318)
                      ; - java.net.URLClassLoader$1::run@26 (line 424)
  0x000001eb401c6fa4: 18c0 faff | 4885 c00f | 8483 feff | ff44 8bdd | 4c8b 4c24 | 3845 8bd3 | 0f1f 4000 | e94e ccff 
  0x000001eb401c6fc4: ff85 ed0f | 84e9 d3ff | ff44 8bf1 | 498b f04d | 8b57 2048 | 8bcd 660f | 1f44 0000 | 4d85 d20f 
  0x000001eb401c6fe4: 8437 2000 | 004d 8b5f | 304b 894c | 13f8 4983 | c2f8 4d89 | 5720 4c8b | c641 8bce | e9b1 d3ff 
  0x000001eb401c7004: ff4c 63c5 | 4d8b c849 | 83c1 1049 | 8bc9 4883 | e1f8 488b | fb48 03f9 | 49c1 e903 | 4d2b d149 
  0x000001eb401c7024: 8bca 4833 | c048 83f9 | 087f 1048 | ffc9 784f | 4889 04cf | 48ff c97d | f7eb 44c5 | fdef c0e9 
  0x000001eb401c7044: 0d00 0000 | c5fe 7f07 | c5fe 7f47 | 2048 83c7 | 4048 83e9 | 087d ed48 | 83c1 047c | 0cc5 fe7f 
  0x000001eb401c7064: 0748 83c7 | 2048 83e9 | 0448 83c1 | 047e 1048 | ffc9 c5f9 | d607 4883 | c708 48ff | c97d f349 
  0x000001eb401c7084: 8bcb c5f8 | 7749 ba60 | 7fa3 3feb | 0100 0041 | ffd2 e9d5 | d0ff ff4d | 8b57 404d | 8b5f 50f0 
  0x000001eb401c70a4: 8344 24c0 | 0080 3900 | 0f84 f7d0 | ffff 4488 | 214d 85d2 | 751b 498b | d766 6690 | c5f8 7749 
  0x000001eb401c70c4: ba40 4d94 | a1fb 7f00 | 0041 ffd2 | e9d4 d0ff | ff4b 894c | 13f8 4983 | c2f8 4d89 | 5740 e9c2 
  0x000001eb401c70e4: d0ff ff48 | 8954 2458 | 4c89 4c24 | 2844 895c | 2468 4889 | 7c24 3889 | b424 9800 | 0000 488b 
  0x000001eb401c7104: 5424 304d | 8bc1 4533 | c933 ff33 | f633 c945 | 33d2 4c89 | 1424 4c89 | 5424 084c | 8954 2410 
  0x000001eb401c7124: ;   {optimized virtual_call}
  0x000001eb401c7124: c5f8 77e8 

  0x000001eb401c7128: ; ImmutableOopMap {[40]=Oop [48]=Oop [56]=Oop [72]=Oop [80]=Oop [88]=Oop [96]=Oop [104]=NarrowOop [148]=NarrowOop [152]=NarrowOop }
                      ;*invokevirtual definePackage {reexecute=0 rethrow=0 return_oop=1}
                      ; - java.net.URLClassLoader::defineClass@81 (line 497)
                      ; - java.net.URLClassLoader$1::run@43 (line 427)
  0x000001eb401c7128: 54a2 88ff | e903 e2ff | ff48 8b7c | 2468 4c8b | 4424 780f | 1f44 0000 | e934 e6ff | ff48 8bd0 
  0x000001eb401c7148: ;   {oop(a 'java/util/jar/Attributes$Name'{0x0000000080024758})}
  0x000001eb401c7148: 49b8 5847 | 0280 0000 | 0000 488b | 6c24 5090 

  0x000001eb401c7158: ;   {optimized virtual_call}
  0x000001eb401c7158: c5f8 77e8 

  0x000001eb401c715c: ; ImmutableOopMap {rbp=Oop [48]=Oop [56]=Oop [72]=Oop [80]=Oop [88]=Oop [96]=Oop [104]=NarrowOop [112]=Oop [120]=Oop [128]=Oop [136]=Oop [148]=NarrowOop [152]=NarrowOop }
                      ;*invokevirtual getValue {reexecute=0 rethrow=0 return_oop=1}
                      ; - java.net.URLClassLoader::isSealed@35 (line 604)
                      ; - java.net.URLClassLoader::getAndVerifyPackage@68 (line 469)
                      ; - java.net.URLClassLoader::defineClass@46 (line 492)
                      ; - java.net.URLClassLoader$1::run@43 (line 427)
  0x000001eb401c715c: 20a2 88ff | 4885 c00f | 8428 e1ff | ffba 45ff | ffff 4c8b | 5424 484c | 8954 2420 | 4c8b 5424 
  0x000001eb401c717c: 384c 8954 | 2428 4c8b | 5424 404c | 8954 2430 | 448b 5c24 | 6844 895c | 2438 4c8b | 5424 704c 
  0x000001eb401c719c: 8954 2448 | 4c8b 5424 | 784c 8954 | 2450 4889 | 4424 7890 

  0x000001eb401c71b0: ;   {runtime_call UncommonTrapBlob}
  0x000001eb401c71b0: c5f8 77e8 

  0x000001eb401c71b4: ; ImmutableOopMap {rbp=Oop [32]=Oop [40]=Oop [56]=NarrowOop [72]=Oop [80]=Oop [120]=Oop [128]=Oop [136]=Oop [148]=NarrowOop [152]=NarrowOop }
                      ;*ifnonnull {reexecute=1 rethrow=0 return_oop=0}
                      ; - (reexecute) java.net.URLClassLoader::isSealed@42 (line 606)
                      ; - java.net.URLClassLoader::getAndVerifyPackage@68 (line 469)
                      ; - java.net.URLClassLoader::defineClass@46 (line 492)
                      ; - java.net.URLClassLoader$1::run@43 (line 427)
  0x000001eb401c71b4: 48f7 88ff | 4533 c00f | 1f44 0000 | e92b d2ff | ff4c 8b44 | 2478 e9cb | d9ff ff33 | ed4c 894c 
  0x000001eb401c71d4: 2448 4489 | 4424 3c0f | 1f44 0000 | e90a fcff | ff45 8bde | 4d8b cdc4 | c1f9 7ec0 | c5f9 7ed1 
  0x000001eb401c71f4: c4c1 797e | cae9 72d2 | ffff 33c0 | e90e d2ff | ffc4 c179 | 7ec0 e959 | d6ff ff49 | 8b87 0801 
  0x000001eb401c7214: 0000 4c8b | d049 83c2 | 1066 6690 | 4d3b 9718 | 0100 000f | 8390 2b00 | 004d 8997 | 0801 0000 
  0x000001eb401c7234: 410f 0d8a | c000 0000 | 48c7 0001 

  0x000001eb401c7240: ;   {metadata('java/util/HashSet')}
  0x000001eb401c7240: 0000 00c7 | 4008 78cb | 1100 4489 | 600c 4c8b | c849 8b87 | 0801 0000 | 4c8b d049 | 83c2 3090 
  0x000001eb401c7260: 4d3b 9718 | 0100 000f | 8326 2b00 | 004d 8997 | 0801 0000 | 410f 0d8a | c000 0000 | 48c7 0001 
  0x000001eb401c7280: ;   {metadata('java/util/HashMap')}
  0x000001eb401c7280: 0000 00c7 | 4008 685a | 0b00 4489 | 600c 4c89 | 6010 4c89 | 6018 4c89 | 6028 48c7 | 4020 0000 
  0x000001eb401c72a0: 403f 4c8b | d045 8951 | 0c4c 8bd0 | 4d8b d94d | 33d3 49c1 | ea14 4d85 | d274 1a49 | c1eb 0948 
  0x000001eb401c72c0: b900 00b0 | 47eb 0100 | 0049 03cb | 8039 040f | 85a9 2100 | 004d 8bd9 | 498b d04c | 8b44 2430 
  0x000001eb401c72e0: 4533 c949 | 8bfb 488b | 6c24 5090 

  0x000001eb401c72ec: ;   {optimized virtual_call}
  0x000001eb401c72ec: c5f8 77e8 

  0x000001eb401c72f0: ; ImmutableOopMap {rbp=Oop [32]=Oop [44]=NarrowOop [48]=Oop [80]=Oop }
                      ;*invokevirtual getResource {reexecute=0 rethrow=0 return_oop=1}
                      ; - jdk.internal.loader.URLClassPath$JarLoader::getResource@61 (line 962)
                      ; - jdk.internal.loader.URLClassPath::getResource@53 (line 319)
                      ; - java.net.URLClassLoader$1::run@26 (line 424)
  0x000001eb401c72f0: 6c48 ffff | 4885 c00f | 848d fcff | ff48 8bf8 | e9e3 caff | ff33 c04d | 8bc1 e9fc | d4ff ff41 
  0x000001eb401c7310: 8bf1 498b | f845 8bde | 4d8b cdc4 | c1f9 7ec0 | c5f9 7ed1 | c4c1 797e | cae9 42d1 | ffff c4c1 
  0x000001eb401c7330: 797e c0e9 | 30d5 ffff 

  0x000001eb401c7338: ;   {metadata('java/net/URL')}
  0x000001eb401c7338: 48ba 0895 | 064f eb01 | 0000 488b | 6c24 5090 

  0x000001eb401c7348: ;   {runtime_call _new_instance_Java}
  0x000001eb401c7348: c5f8 77e8 

  0x000001eb401c734c: ; ImmutableOopMap {rbp=Oop [32]=Oop [44]=NarrowOop [48]=Oop [68]=NarrowOop [72]=Oop [80]=Oop [88]=Oop [96]=Oop }
                      ;*new {reexecute=0 rethrow=0 return_oop=1}
                      ; - jdk.internal.loader.URLClassPath$JarLoader::checkResource@22 (line 860)
                      ; - jdk.internal.loader.URLClassPath$JarLoader::getResource@34 (line 956)
                      ; - jdk.internal.loader.URLClassPath::getResource@53 (line 319)
                      ; - java.net.URLClassLoader$1::run@26 (line 424)
  0x000001eb401c734c: b057 93ff | e9f1 c9ff 

  0x000001eb401c7354: ;   {metadata('jdk/internal/loader/URLClassPath$JarLoader$2')}
  0x000001eb401c7354: ff48 ba80 | a519 4feb | 0100 0048 | 8b6c 2450 

  0x000001eb401c7364: ;   {runtime_call _new_instance_Java}
  0x000001eb401c7364: c5f8 77e8 

  0x000001eb401c7368: ; ImmutableOopMap {rbp=Oop [44]=NarrowOop [48]=Oop [68]=NarrowOop [72]=Oop [80]=Oop [88]=Oop [104]=Oop }
                      ;*new {reexecute=0 rethrow=0 return_oop=1}
                      ; - jdk.internal.loader.URLClassPath$JarLoader::checkResource@65 (line 873)
                      ; - jdk.internal.loader.URLClassPath$JarLoader::getResource@34 (line 956)
                      ; - jdk.internal.loader.URLClassPath::getResource@53 (line 319)
                      ; - java.net.URLClassLoader$1::run@26 (line 424)
  0x000001eb401c7368: 9457 93ff | 488b f8e9 | 50ca ffff 

  0x000001eb401c7374: ;   {metadata('java/security/CodeSource')}
  0x000001eb401c7374: 48ba b0ee | 004f eb01 | 0000 6690 

  0x000001eb401c7380: ;   {runtime_call _new_instance_Java}
  0x000001eb401c7380: c5f8 77e8 

  0x000001eb401c7384: ; ImmutableOopMap {[32]=Oop [40]=Oop [48]=Oop [72]=Oop [80]=Oop [88]=Oop [96]=Oop [104]=NarrowOop [148]=NarrowOop [152]=NarrowOop }
                      ;*new {reexecute=0 rethrow=0 return_oop=1}
                      ; - java.net.URLClassLoader::defineClass@190 (line 522)
                      ; - java.net.URLClassLoader$1::run@43 (line 427)
  0x000001eb401c7384: 7857 93ff | e94d e0ff | ff44 8954 | 2470 4c89 | 4424 6848 | 8954 2460 | 4889 4c24 | 5848 8944 
  0x000001eb401c73a4: 2430 4489 | 5c24 2c89 | 7424 2489 | 5c24 2041 | 8bed 4889 

  0x000001eb401c73b8: ;   {metadata('java/lang/String')}
  0x000001eb401c73b8: 7c24 4848 | baf0 e900 | 4feb 0100 | 0066 6690 

  0x000001eb401c73c8: ;   {runtime_call _new_instance_Java}
  0x000001eb401c73c8: c5f8 77e8 

  0x000001eb401c73cc: ; ImmutableOopMap {rbp=NarrowOop [32]=NarrowOop [36]=NarrowOop [48]=Oop [72]=Oop [80]=Oop [88]=Oop [96]=Oop [104]=Oop [112]=NarrowOop }
                      ;*new {reexecute=0 rethrow=0 return_oop=1}
                      ; - java.lang.StringLatin1::newString@7 (line 769)
                      ; - java.lang.String::substring@41 (line 2714)
                      ; - java.net.URLClassLoader::defineClass@28 (line 489)
                      ; - java.net.URLClassLoader$1::run@43 (line 427)
  0x000001eb401c73cc: 3057 93ff | 4c8b c848 | 8b7c 2448 | 448b ed8b | 5c24 208b | 7424 2444 | 8b5c 242c | 488b 4424 
  0x000001eb401c73ec: 3048 8b4c | 2458 488b | 5424 604c | 8b44 2468 | 448b 5424 | 7049 8be9 | e911 ccff 

  0x000001eb401c7408: ;   {metadata({type array byte})}
  0x000001eb401c7408: ff48 ba38 | 6700 4feb | 0100 0044 | 8b44 242c 

  0x000001eb401c7418: ;   {runtime_call _new_array_nozero_Java}
  0x000001eb401c7418: c5f8 77e8 

  0x000001eb401c741c: ; ImmutableOopMap {[32]=Oop [48]=Oop [72]=Oop [80]=Oop [88]=NarrowOop [92]=NarrowOop [96]=NarrowOop [100]=NarrowOop [104]=Oop [112]=Oop [120]=Oop }
                      ;*newarray {reexecute=0 rethrow=0 return_oop=1}
                      ; - java.util.Arrays::copyOfRange@41 (line 3822)
                      ; - java.lang.StringLatin1::newString@16 (line 769)
                      ; - java.lang.String::substring@41 (line 2714)
                      ; - java.net.URLClassLoader::defineClass@28 (line 489)
                      ; - java.net.URLClassLoader$1::run@43 (line 427)
  0x000001eb401c741c: e05c 93ff | 488b d8e9 | e6cc ffff | 4489 4424 | 5848 8944 | 2448 4489 | 4c24 4444 | 8974 2440 
  0x000001eb401c743c: 8974 242c | 4c89 5c24 | 384c 8954 | 2430 895c | 2428 4c8b | 5424 504c | 8954 2420 

  0x000001eb401c7458: ;   {metadata({type array byte})}
  0x000001eb401c7458: 48ba 3867 | 004f eb01 | 0000 6690 

  0x000001eb401c7464: ;   {runtime_call _new_array_Java}
  0x000001eb401c7464: c5f8 77e8 

  0x000001eb401c7468: ; ImmutableOopMap {[32]=Oop [48]=Oop [56]=Oop [80]=Oop }
                      ;*invokevirtual allocateUninitializedArray0 {reexecute=0 rethrow=0 return_oop=1}
                      ; - jdk.internal.misc.Unsafe::allocateUninitializedArray@51 (line 1375)
                      ; - java.lang.StringConcatHelper::newArray@33 (line 497)
                      ; - java.lang.StringConcatHelper::simpleConcat@61 (line 421)
                      ; - java.lang.String::concat@11 (line 2774)
                      ; - java.net.URLClassLoader$1::run@13 (line 423)
  0x000001eb401c7468: 9459 93ff | 488b c88b | 5c24 284c | 8b54 2430 | 4c8b 5c24 | 388b 7424 | 2c44 8b74 | 2440 448b 
  0x000001eb401c7488: 4c24 4448 | 8b44 2448 | 448b 4424 | 5848 8bf9 | e967 c6ff | ff48 897c | 2428 895c | 2420 488b 
  0x000001eb401c74a8: ;   {metadata('java/lang/String')}
  0x000001eb401c74a8: 6c24 5048 | baf0 e900 | 4feb 0100 | 0066 6690 

  0x000001eb401c74b8: ;   {runtime_call _new_instance_Java}
  0x000001eb401c74b8: c5f8 77e8 

  0x000001eb401c74bc: ; ImmutableOopMap {rbp=Oop [40]=Oop [80]=Oop }
                      ;*new {reexecute=0 rethrow=0 return_oop=1}
                      ; - java.lang.StringConcatHelper::newString@6 (line 387)
                      ; - java.lang.StringConcatHelper::simpleConcat@90 (line 426)
                      ; - java.lang.String::concat@11 (line 2774)
                      ; - java.net.URLClassLoader$1::run@13 (line 423)
  0x000001eb401c74bc: 4056 93ff | 8b5c 2420 | 488b 7c24 | 28e9 e9c6 

  0x000001eb401c74cc: ;   {oop(""{0x00000000800880a0})}
  0x000001eb401c74cc: ffff 48bd | a080 0880 | 0000 0000 | e9f2 ccff | ff4c 8b54 | 2478 458b | 5228 4585 | d20f 8450 
  0x000001eb401c74ec: f7ff ff4d | 8b5f 2049 | 8bca 4d85 | db0f 8449 | 2400 004d | 8b57 304b | 894c 1af8 | 4983 c3f8 
  0x000001eb401c750c: 4d89 5f20 | e92a f7ff | ff45 8b52 | 1045 85d2 | 0f1f 4000 | 0f84 caf6 | ffff 4d8b | 5f20 498b 
  0x000001eb401c752c: ca4d 85db | 0f84 2f24 | 0000 4d8b | 5730 4b89 | 4c1a f849 | 83c3 f84d | 895f 20e9 | a4f6 ffff 
  0x000001eb401c754c: 4d8b 5750 | 4d8b 5f40 | f083 4424 | c000 660f | 1f44 0000 | 8039 000f | 84c5 f6ff | ff44 8821 
  0x000001eb401c756c: 4d85 db75 | 2449 8bd7 | 0f1f 8400 | 0000 0000 | 6666 6690 | c5f8 7749 | ba40 4d94 | a1fb 7f00 
  0x000001eb401c758c: 0041 ffd2 | e999 f6ff | ff4b 894c | 1af8 4983 | c3f8 4d89 | 5f40 e987 | f6ff ff4d | 8b57 504d 
  0x000001eb401c75ac: 8b5f 40f0 | 8344 24c0 | 0041 8038 | 000f 84cb | f6ff ff45 | 8820 4d85 | db75 1e49 | 8bc8 498b 
  0x000001eb401c75cc: d7c5 f877 | 49ba 404d | 94a1 fb7f | 0000 41ff | d266 6690 | e9a5 f6ff | ff4f 8944 | 1af8 4983 
  0x000001eb401c75ec: c3f8 4d89 | 5f40 e993 | f6ff ff4c | 8974 2448 | 4489 6c24 | 4489 4424 | 4089 5c24 | 34c5 fb11 
  0x000001eb401c760c: 4424 3889 | 7424 3089 | 4c24 2c89 | 7c24 284c | 8b54 2450 | 4c89 5424 

  0x000001eb401c7624: ;   {metadata({type array byte})}
  0x000001eb401c7624: 2048 ba38 | 6700 4feb | 0100 0044 | 8bc6 6690 

  0x000001eb401c7634: ;   {runtime_call _new_array_Java}
  0x000001eb401c7634: c5f8 77e8 

  0x000001eb401c7638: ; ImmutableOopMap {[32]=Oop [40]=NarrowOop [44]=NarrowOop [56]=Oop [72]=Oop [80]=Oop }
                      ;*invokevirtual allocateUninitializedArray0 {reexecute=0 rethrow=0 return_oop=1}
                      ; - jdk.internal.misc.Unsafe::allocateUninitializedArray@51 (line 1375)
                      ; - java.lang.StringConcatHelper::newArray@33 (line 497)
                      ; - java.lang.StringLatin1::replace@49 (line 313)
                      ; - java.lang.String::replace@18 (line 2808)
                      ; - java.net.URLClassLoader$1::run@8 (line 423)
  0x000001eb401c7638: c457 93ff | 4c8b d08b | 7c24 288b | 4c24 2c8b | 7424 30c5 | fb10 4424 | 388b 5c24 | 348b 4424 
  0x000001eb401c7658: 4044 8b6c | 2444 4c8b | 7424 48e9 | 23c1 ffff | 4c89 5424 | 3089 5c24 | 284c 8b54 | 2450 4c89 
  0x000001eb401c7678: ;   {metadata('java/lang/String')}
  0x000001eb401c7678: 5424 2048 | baf0 e900 | 4feb 0100 | 00c4 e1f9 | 7ec5 6690 

  0x000001eb401c768c: ;   {runtime_call _new_instance_Java}
  0x000001eb401c768c: c5f8 77e8 

  0x000001eb401c7690: ; ImmutableOopMap {rbp=Oop [32]=Oop [48]=Oop [80]=Oop }
                      ;*new {reexecute=0 rethrow=0 return_oop=1}
                      ; - java.lang.StringLatin1::replace@116 (line 322)
                      ; - java.lang.String::replace@18 (line 2808)
                      ; - java.net.URLClassLoader$1::run@8 (line 423)
  0x000001eb401c7690: 6c54 93ff | 8b5c 2428 | 4c8b 5424 | 304c 8bd8 | e96e c3ff | ff41 c641 | 1101 33c0 | e962 cdff 
  0x000001eb401c76b0: ff4c 8944 | 2468 4889 | 7c24 3889 | 7424 2c49 | 8bd3 4c89 | 6c24 2090 

  0x000001eb401c76c8: ;   {static_call}
  0x000001eb401c76c8: c5f8 77e8 

  0x000001eb401c76cc: ; ImmutableOopMap {rbp=NarrowOop [32]=Oop [44]=NarrowOop [48]=Oop [56]=Oop [72]=Oop [80]=Oop [96]=Oop [104]=Oop [112]=NarrowOop [148]=NarrowOop [200]=Oop }
                      ;*invokestatic hashCode {reexecute=0 rethrow=0 return_oop=0}
                      ; - java.lang.String::hashCode@37 (line 2345)
                      ; - java.util.concurrent.ConcurrentHashMap::get@1 (line 936)
                      ; - java.lang.ClassLoader::getDefinedPackage@13 (line 2239)
                      ; - java.net.URLClassLoader::getAndVerifyPackage@2 (line 457)
                      ; - java.net.URLClassLoader::defineClass@46 (line 492)
                      ; - java.net.URLClassLoader$1::run@43 (line 427)
  0x000001eb401c76cc: b0a2 88ff | 8b74 242c | 488b 7c24 | 384c 8b8c | 24c8 0000 | 004c 8b44 | 2468 e9b1 | deff ff4c 
  0x000001eb401c76ec: 8b94 2480 | 0000 0045 | 8b5a 1045 | 85db 660f | 1f44 0000 | 0f84 b8f3 | ffff 4d8b | 5720 498b 
  0x000001eb401c770c: cb4d 85d2 | 0f84 bf23 | 0000 4d8b | 5f30 4b89 | 4c13 f849 | 83c2 f84d | 8957 20e9 | 92f3 ffff 
  0x000001eb401c772c: 4c8b 5424 | 7845 8b52 | 3045 85d2 | 0f84 b9f0 | ffff 4d8b | 5f20 498b | ca4d 85db | 0f84 e723 
  0x000001eb401c774c: 0000 4d8b | 5730 4b89 | 4c1a f849 | 83c3 f84d | 895f 2090 | e992 f0ff | ff4c 8b94 | 2480 0000 
  0x000001eb401c776c: 0045 8b5a | 0c45 85db | 0f84 a0f2 | ffff 4d8b | 5720 498b | cb4d 85d2 | 0f84 2a23 | 0000 4d8b 
  0x000001eb401c778c: 5f30 4b89 | 4c13 f849 | 83c2 f84d | 8957 200f | 1f44 0000 | e975 f2ff | ff4c 8b94 | 2488 0000 
  0x000001eb401c77ac: 0045 8b52 | 2445 85d2 | 0f84 b1ee | ffff 4d8b | 5f20 498b | ca4d 85db | 0f84 8b23 | 0000 4d8b 
  0x000001eb401c77cc: 5730 4b89 | 4c1a f849 | 83c3 f84d | 895f 200f | 1f44 0000 | e986 eeff | ff4c 8b94 | 2488 0000 
  0x000001eb401c77ec: 0045 8b5a | 1c45 85db | 0f84 31ed | ffff 4d8b | 5720 498b | cb4d 85d2 | 0f84 0b23 | 0000 4d8b 
  0x000001eb401c780c: 5f30 4b89 | 4c13 f849 | 83c2 f84d | 8957 200f | 1f44 0000 | e906 edff | ff4c 8b94 | 2488 0000 
  0x000001eb401c782c: 0045 8b52 | 3c45 85d2 | 0f84 77ef | ffff 4d8b | 5f20 498b | ca4d 85db | 0f84 ab22 | 0000 4d8b 
  0x000001eb401c784c: 5730 4b89 | 4c1a f849 | 83c3 f84d | 895f 200f | 1f44 0000 | e94c efff | ff4c 8b94 | 2488 0000 
  0x000001eb401c786c: 0045 8b52 | 3845 85d2 | 0f84 91ee | ffff 4d8b | 5f20 498b | ca4d 85db | 0f84 eb22 | 0000 4d8b 
  0x000001eb401c788c: 5730 4b89 | 4c1a f849 | 83c3 f84d | 895f 200f | 1f44 0000 | e966 eeff | ff4c 8b94 | 2488 0000 
  0x000001eb401c78ac: 0045 8b5a | 1845 85db | 0f84 d1eb | ffff 4d8b | 5720 498b | cb4d 85d2 | 0f84 cb22 | 0000 4d8b 
  0x000001eb401c78cc: 5f30 4b89 | 4c13 f849 | 83c2 f84d | 8957 200f | 1f44 0000 | e9a6 ebff | ff4c 8b94 | 2488 0000 
  0x000001eb401c78ec: 0045 8b5a | 5045 85db | 0f84 d1e6 | ffff 4d8b | 5720 498b | cb4d 85d2 | 0f84 6b23 | 0000 4d8b 
  0x000001eb401c790c: 5f30 4b89 | 4c13 f849 | 83c2 f84d | 8957 200f | 1f44 0000 | e9a6 e6ff | ff4c 8b94 | 2488 0000 
  0x000001eb401c792c: 0045 8b52 | 2c45 85d2 | 0f84 31e7 | ffff 4d8b | 5f20 498b | ca4d 85db | 0f84 ab22 | 0000 4d8b 
  0x000001eb401c794c: 5730 4b89 | 4c1a f849 | 83c3 f84d | 895f 200f | 1f44 0000 | e906 e7ff | ff4c 8b94 | 2488 0000 
  0x000001eb401c796c: 0045 8b5a | 1445 85db | 0f84 51e8 | ffff 4d8b | 5720 498b | cb4d 85d2 | 0f84 4b22 | 0000 4d8b 
  0x000001eb401c798c: 5f30 4b89 | 4c13 f849 | 83c2 f84d | 8957 200f | 1f44 0000 | e926 e8ff | ff4c 8b94 | 2488 0000 
  0x000001eb401c79ac: 0045 8b5a | 3045 85db | 0f84 5ae6 | ffff 4d8b | 5720 498b | cb4d 85d2 | 0f84 6b22 | 0000 4d8b 
  0x000001eb401c79cc: 5f30 4b89 | 4c13 f849 | 83c2 f84d | 8957 200f | 1f44 0000 | e92f e6ff | ff4c 8b94 | 2488 0000 
  0x000001eb401c79ec: 0045 8b52 | 1045 85d2 | 0f84 31e9 | ffff 4d8b | 5f20 498b | ca4d 85db | 0f84 ab21 | 0000 4d8b 
  0x000001eb401c7a0c: 5730 4b89 | 4c1a f849 | 83c3 f84d | 895f 200f | 1f44 0000 | e906 e9ff | ff4c 8b94 | 2488 0000 
  0x000001eb401c7a2c: 0045 8b5a | 4445 85db | 0f84 e4e4 | ffff 4d8b | 5720 498b | cb4d 85d2 | 0f84 0b22 | 0000 4d8b 
  0x000001eb401c7a4c: 5f30 4b89 | 4c13 f849 | 83c2 f84d | 8957 200f | 1f44 0000 | e9b9 e4ff | ff4c 8b94 | 2488 0000 
  0x000001eb401c7a6c: 0045 8b5a | 4045 85db | 0f84 04e4 | ffff 4d8b | 5720 498b | cb4d 85d2 | 0f84 8b21 | 0000 4d8b 
  0x000001eb401c7a8c: 5f30 4b89 | 4c13 f849 | 83c2 f84d | 8957 200f | 1f44 0000 | e9d9 e3ff | ff4c 8b94 | 2480 0000 
  0x000001eb401c7aac: 0045 8b5a | 1445 85db | 0f84 75f0 | ffff 4d8b | 5720 498b | cb4d 85d2 | 0f84 cb21 

  0x000001eb401c7ac8: ;   {no_reloc}
  0x000001eb401c7ac8: 0000 4d8b | 5f30 4b89 | 4c13 f849 | 83c2 f84d | 8957 200f | 1f44 0000 | e94a f0ff | ff4d 8b57 
  0x000001eb401c7ae8: 504d 8b5f | 40f0 8344 | 24c0 0080 | 3900 0f84 | 03f0 ffff | 4488 2190 | 4d85 db75 | 1849 8bd7 
  0x000001eb401c7b08: c5f8 7749 | ba40 4d94 | a1fb 7f00 | 0041 ffd2 | e9e2 efff | ff4b 894c | 1af8 4983 | c3f8 4d89 
  0x000001eb401c7b28: 5f40 e9d0 | efff ff4d | 8b57 404d | 8b5f 50f0 | 8344 24c0 | 0066 6690 | 8039 000f | 84ef ecff 
  0x000001eb401c7b48: ff44 8821 | 4d85 d275 | 2449 8bd7 | 0f1f 8400 | 0000 0000 | 6666 6690 | c5f8 7749 | ba40 4d94 
  0x000001eb401c7b68: a1fb 7f00 | 0041 ffd2 | e9c3 ecff | ff4b 894c | 13f8 4983 | c2f8 4d89 | 5740 e9b1 | ecff ff4d 
  0x000001eb401c7b88: 8b57 404d | 8b5f 50f0 | 8344 24c0 | 0080 3900 | 0f84 0beb | ffff 4488 | 214d 85d2 | 7518 498b 
  0x000001eb401c7ba8: d7c5 f877 | 49ba 404d | 94a1 fb7f | 0000 41ff | d2e9 ebea | ffff 4b89 | 4c13 f849 | 83c2 f84d 
  0x000001eb401c7bc8: 8957 40e9 | d9ea ffff | 4d8b 5750 | 4d8b 5f40 | f083 4424 | c000 6690 | 8039 000f | 846d eaff 
  0x000001eb401c7be8: ff44 8821 | 4d85 db75 | 2449 8bd7 | 0f1f 8400 | 0000 0000 | 6666 6690 | c5f8 7749 | ba40 4d94 
  0x000001eb401c7c08: a1fb 7f00 | 0041 ffd2 | e941 eaff | ff4b 894c | 1af8 4983 | c3f8 4d89 | 5f40 e92f | eaff ff4d 
  0x000001eb401c7c28: 8b57 504d | 8b5f 40f0 | 8344 24c0 | 0080 3900 | 0f84 0beb | ffff 4488 | 214d 85db | 7518 498b 
  0x000001eb401c7c48: d7c5 f877 | 49ba 404d | 94a1 fb7f | 0000 41ff | d2e9 ebea | ffff 4b89 | 4c1a f849 | 83c3 f84d 
  0x000001eb401c7c68: 895f 40e9 | d9ea ffff | 4d8b 5750 | 4d8b 5f40 | f083 4424 | c000 6690 | 8039 000f | 8463 ebff 
  0x000001eb401c7c88: ff44 8821 | 4d85 db75 | 2449 8bd7 | 0f1f 8400 | 0000 0000 | 6666 6690 | c5f8 7749 | ba40 4d94 
  0x000001eb401c7ca8: a1fb 7f00 | 0041 ffd2 | e937 ebff | ff4b 894c | 1af8 4983 | c3f8 4d89 | 5f40 e925 | ebff ff4d 
  0x000001eb401c7cc8: 8b57 404d | 8b5f 50f0 | 8344 24c0 | 0080 3900 | 0f84 81ed | ffff 4488 | 214d 85d2 | 7518 498b 
  0x000001eb401c7ce8: d7c5 f877 | 49ba 404d | 94a1 fb7f | 0000 41ff | d2e9 61ed | ffff 4b89 | 4c13 f849 | 83c2 f84d 
  0x000001eb401c7d08: 8957 40e9 | 4fed ffff | 4d8b 5750 | 4d8b 5f40 | f083 4424 | c000 6690 | 8039 000f | 84e6 ecff 
  0x000001eb401c7d28: ff44 8821 | 4d85 db75 | 2449 8bd7 | 0f1f 8400 | 0000 0000 | 6666 6690 | c5f8 7749 | ba40 4d94 
  0x000001eb401c7d48: a1fb 7f00 | 0041 ffd2 | e9ba ecff | ff4b 894c | 1af8 4983 | c3f8 4d89 | 5f40 e9a8 | ecff ff4d 
  0x000001eb401c7d68: 8b57 504d | 8b5f 40f0 | 8344 24c0 | 0080 3900 | 0f84 a1e5 | ffff 4488 | 214d 85db | 7518 498b 
  0x000001eb401c7d88: d7c5 f877 | 49ba 404d | 94a1 fb7f | 0000 41ff | d2e9 81e5 | ffff 4b89 | 4c1a f849 | 83c3 f84d 
  0x000001eb401c7da8: 895f 40e9 | 6fe5 ffff | 4d8b 5740 | 4d8b 5f50 | f083 4424 | c000 6690 | 8039 000f | 84a7 e5ff 
  0x000001eb401c7dc8: ff44 8821 | 4d85 d275 | 2449 8bd7 | 0f1f 8400 | 0000 0000 | 6666 6690 | c5f8 7749 | ba40 4d94 
  0x000001eb401c7de8: a1fb 7f00 | 0041 ffd2 | e97b e5ff | ff4b 894c | 13f8 4983 | c2f8 4d89 | 5740 e969 | e5ff ff4d 
  0x000001eb401c7e08: 8b57 504d | 8b5f 40f0 | 8344 24c0 | 0080 3900 | 0f84 a1e3 | ffff 4488 | 214d 85db | 7518 498b 
  0x000001eb401c7e28: d7c5 f877 | 49ba 404d | 94a1 fb7f | 0000 41ff | d2e9 81e3 | ffff 4b89 | 4c1a f849 | 83c3 f84d 
  0x000001eb401c7e48: 895f 40e9 | 6fe3 ffff | 4d8b 5740 | 4d8b 5f50 | f083 4424 | c000 6690 | 8039 000f | 8467 e6ff 
  0x000001eb401c7e68: ff44 8821 | 4d85 d275 | 2449 8bd7 | 0f1f 8400 | 0000 0000 | 6666 6690 | c5f8 7749 | ba40 4d94 
  0x000001eb401c7e88: a1fb 7f00 | 0041 ffd2 | e93b e6ff | ff4b 894c | 13f8 4983 | c2f8 4d89 | 5740 e929 | e6ff ff4d 
  0x000001eb401c7ea8: 8b57 504d | 8b5f 40f0 | 8344 24c0 | 0080 3900 | 0f84 abe6 | ffff 4488 | 214d 85db | 7518 498b 
  0x000001eb401c7ec8: ;   {no_reloc}
  0x000001eb401c7ec8: d7c5 f877 | 49ba 404d | 94a1 fb7f | 0000 41ff | d2e9 8be6 | ffff 4b89 | 4c1a f849 | 83c3 f84d 
  0x000001eb401c7ee8: 895f 40e9 | 79e6 ffff | 4d8b 5750 | 4d8b 5f40 | f083 4424 | c000 6690 | 8039 000f | 8476 e5ff 
  0x000001eb401c7f08: ff44 8821 | 4d85 db75 | 2449 8bd7 | 0f1f 8400 | 0000 0000 | 6666 6690 | c5f8 7749 | ba40 4d94 
  0x000001eb401c7f28: a1fb 7f00 | 0041 ffd2 | e94a e5ff | ff4b 894c | 1af8 4983 | c3f8 4d89 | 5f40 e938 | e5ff ff4d 
  0x000001eb401c7f48: 8b57 404d | 8b5f 50f0 | 8344 24c0 | 0080 3900 | 0f84 b2e2 | ffff 4488 | 214d 85d2 | 7518 498b 
  0x000001eb401c7f68: d7c5 f877 | 49ba 404d | 94a1 fb7f | 0000 41ff | d2e9 92e2 | ffff 4b89 | 4c13 f849 | 83c2 f84d 
  0x000001eb401c7f88: 8957 40e9 | 80e2 ffff | 4d8b 5750 | 4d8b 5f40 | f083 4424 | c000 6690 | 8039 000f | 8476 deff 
  0x000001eb401c7fa8: ff44 8821 | 4d85 db75 | 2449 8bd7 | 0f1f 8400 | 0000 0000 | 6666 6690 | c5f8 7749 | ba40 4d94 
  0x000001eb401c7fc8: a1fb 7f00 | 0041 ffd2 | e94a deff | ff4b 894c | 1af8 4983 | c3f8 4d89 | 5f40 e938 | deff ff4d 
  0x000001eb401c7fe8: 8b57 504d | 8b5f 40f0 | 8344 24c0 | 0080 3900 | 0f84 61df | ffff 4488 | 214d 85db | 7518 498b 
  0x000001eb401c8008: d7c5 f877 | 49ba 404d | 94a1 fb7f | 0000 41ff | d2e9 41df | ffff 4b89 | 4c1a f849 | 83c3 f84d 
  0x000001eb401c8028: 895f 40e9 | 2fdf ffff | 4d8b 5740 | 4d8b 5f50 | f083 4424 | c000 6690 | 8039 000f | 8469 e0ff 
  0x000001eb401c8048: ff44 8821 | 4d85 d275 | 2449 8bd7 | 0f1f 8400 | 0000 0000 | 6666 6690 | c5f8 7749 | ba40 4d94 
  0x000001eb401c8068: a1fb 7f00 | 0041 ffd2 | e93d e0ff | ff4b 894c | 13f8 4983 | c2f8 4d89 | 5740 e92b | e0ff ff4d 
  0x000001eb401c8088: 8b57 504d | 8b5f 40f0 | 8344 24c0 | 0080 3900 | 0f84 21de | ffff 4488 | 214d 85db | 7518 498b 
  0x000001eb401c80a8: d7c5 f877 | 49ba 404d | 94a1 fb7f | 0000 41ff | d2e9 01de | ffff 4b89 | 4c1a f849 | 83c3 f84d 
  0x000001eb401c80c8: 895f 40e9 | efdd ffff | 4d8b 5750 | 4d8b 5f40 | f083 4424 | c000 6690 | 8039 000f | 8420 dfff 
  0x000001eb401c80e8: ff44 8821 | 4d85 db75 | 2449 8bd7 | 0f1f 8400 | 0000 0000 | 6666 6690 | c5f8 7749 | ba40 4d94 
  0x000001eb401c8108: a1fb 7f00 | 0041 ffd2 | e9f4 deff | ff4b 894c | 1af8 4983 | c3f8 4d89 | 5f40 e9e2 | deff ff4d 
  0x000001eb401c8128: 8b57 404d | 8b5f 50f0 | 8344 24c0 | 0080 3900 | 0f84 21df | ffff 4488 | 214d 85d2 | 7518 498b 
  0x000001eb401c8148: d7c5 f877 | 49ba 404d | 94a1 fb7f | 0000 41ff | d2e9 01df | ffff 4b89 | 4c13 f849 | 83c2 f84d 
  0x000001eb401c8168: 8957 40e9 | efde ffff | 4d8b 5740 | 4d8b 5f50 | f083 4424 | c000 6690 | 8039 000f | 84f6 e9ff 
  0x000001eb401c8188: ff44 8821 | 4d85 d275 | 2449 8bd7 | 0f1f 8400 | 0000 0000 | 6666 6690 | c5f8 7749 | ba40 4d94 
  0x000001eb401c81a8: a1fb 7f00 | 0041 ffd2 | e9ca e9ff | ff4b 894c | 13f8 4983 | c2f8 4d89 | 5740 e9b8 

  0x000001eb401c81c4: ;   {metadata({type array byte})}
  0x000001eb401c81c4: e9ff ff48 | ba38 6700 | 4feb 0100 | 0044 8b84 | 2490 0000 | 0066 6690 

  0x000001eb401c81dc: ;   {runtime_call _new_array_Java}
  0x000001eb401c81dc: c5f8 77e8 

  0x000001eb401c81e0: ; ImmutableOopMap {[32]=Oop [48]=Oop [56]=Oop [72]=Oop [80]=Oop [88]=Oop [96]=Oop [104]=NarrowOop [112]=Oop [120]=Oop [128]=Oop [136]=NarrowOop [148]=NarrowOop [152]=NarrowOop [156]=NarrowOop [160]=Oop }
                      ;*invokevirtual allocateUninitializedArray0 {reexecute=0 rethrow=0 return_oop=1}
                      ; - jdk.internal.misc.Unsafe::allocateUninitializedArray@51 (line 1375)
                      ; - java.lang.StringConcatHelper::newArray@33 (line 497)
                      ; - java.lang.StringLatin1::replace@49 (line 313)
                      ; - java.lang.String::replace@18 (line 2808)
                      ; - java.net.URLClassLoader::isSealed@9 (line 601)
                      ; - java.net.URLClassLoader::getAndVerifyPackage@68 (line 469)
                      ; - java.net.URLClassLoader::defineClass@46 (line 492)
                      ; - java.net.URLClassLoader$1::run@43 (line 427)
  0x000001eb401c81e0: 1c4c 93ff | 4c8b c0e9 | 28cd ffff | 4c89 8424 | 8800 0000 

  0x000001eb401c81f4: ;   {metadata('java/lang/String')}
  0x000001eb401c81f4: 48ba f0e9 | 004f eb01 | 0000 488b | 6c24 5090 

  0x000001eb401c8204: ;   {runtime_call _new_instance_Java}
  0x000001eb401c8204: c5f8 77e8 

  0x000001eb401c8208: ; ImmutableOopMap {rbp=Oop [32]=Oop [48]=Oop [56]=Oop [72]=Oop [80]=Oop [88]=Oop [96]=Oop [104]=NarrowOop [112]=Oop [120]=Oop [128]=Oop [136]=Oop [148]=NarrowOop [152]=NarrowOop [156]=NarrowOop }
                      ;*new {reexecute=0 rethrow=0 return_oop=1}
                      ; - java.lang.StringLatin1::replace@116 (line 322)
                      ; - java.lang.String::replace@18 (line 2808)
                      ; - java.net.URLClassLoader::isSealed@9 (line 601)
                      ; - java.net.URLClassLoader::getAndVerifyPackage@68 (line 469)
                      ; - java.net.URLClassLoader::defineClass@46 (line 492)
                      ; - java.net.URLClassLoader$1::run@43 (line 427)
  0x000001eb401c8208: f448 93ff | e9c9 cfff | ff4c 8b44 | 2478 41c6 | 4011 0133 | c066 6690 | e9e6 c5ff | ff48 8bd1 
  0x000001eb401c8228: 4c89 6c24 | 2066 6690 

  0x000001eb401c8230: ;   {static_call}
  0x000001eb401c8230: c5f8 77e8 

  0x000001eb401c8234: ; ImmutableOopMap {rbp=NarrowOop [32]=Oop [48]=Oop [56]=Oop [72]=Oop [80]=Oop [88]=Oop [96]=Oop [104]=NarrowOop [112]=Oop [120]=Oop [128]=NarrowOop [148]=NarrowOop [152]=NarrowOop }
                      ;*invokestatic hashCode {reexecute=0 rethrow=0 return_oop=0}
                      ; - java.lang.String::hashCode@37 (line 2345)
                      ; - java.util.concurrent.ConcurrentHashMap::get@1 (line 936)
                      ; - java.lang.ClassLoader::definePackage@47 (line 2101)
                      ; - java.lang.ClassLoader::getDefinedPackage@32 (line 2243)
                      ; - java.net.URLClassLoader::getAndVerifyPackage@2 (line 457)
                      ; - java.net.URLClassLoader::defineClass@46 (line 492)
                      ; - java.net.URLClassLoader$1::run@43 (line 427)
  0x000001eb401c8234: 4897 88ff | e9f7 d4ff | ff49 8bda | 4c8b 9424 | 8000 0000 | 458b 5210 | 4585 d274 | 264d 8b5f 
  0x000001eb401c8254: 2049 8bca | 4d85 db0f | 1f44 0000 | 0f84 8f1b | 0000 4d8b | 5730 4b89 | 4c1a f849 | 83c3 f84d 
  0x000001eb401c8274: 895f 204c | 8bd3 e953 | d7ff ff4c | 8b94 2480 | 0000 0045 | 8b52 0c45 | 85d2 0f84 | a0d6 ffff 
  0x000001eb401c8294: 4d8b 5f20 | 498b ca0f | 1f44 0000 | 4d85 db0f | 8433 1b00 | 004d 8b57 | 304b 894c | 1af8 4983 
  0x000001eb401c82b4: c3f8 4d89 | 5f20 e975 | d6ff ff4c | 8b84 2480 | 0000 0045 | 8b50 1445 | 85d2 0f84 | 6bd7 ffff 
  0x000001eb401c82d4: 4d8b 5f20 | 498b ca0f | 1f44 0000 | 4d85 db0f | 842c 1b00 | 0049 8bd8 | 4d8b 5730 | 4b89 4c1a 
  0x000001eb401c82f4: f849 83c3 | f84d 895f | 204c 8bc3 | e93a d7ff | ff4d 8b57 | 504d 8b5f | 40f0 8344 | 24c0 0080 
  0x000001eb401c8314: 3900 0f84 | edd6 ffff | 4488 2190 | 4d85 db75 | 1849 8bd7 | c5f8 7749 | ba40 4d94 | a1fb 7f00 
  0x000001eb401c8334: 0041 ffd2 | e9cc d6ff | ff4b 894c | 1af8 4983 | c3f8 4d89 | 5f40 e9ba | d6ff ff4d | 8b57 404d 
  0x000001eb401c8354: 8b5f 50f0 | 8344 24c0 | 0066 6690 | 8039 000f | 840d d6ff | ff44 8821 | 4d85 d275 | 2449 8bd7 
  0x000001eb401c8374: 0f1f 8400 | 0000 0000 | 6666 6690 | c5f8 7749 | ba40 4d94 | a1fb 7f00 | 0041 ffd2 | e9e1 d5ff 
  0x000001eb401c8394: ff4b 894c | 13f8 4983 | c2f8 4d89 | 5740 e9cf | d5ff ff4d | 8b57 504d | 8b5f 40f0 | 8344 24c0 
  0x000001eb401c83b4: 0080 3900 | 0f84 6bd5 | ffff 4488 | 214d 85db | 7518 498b | d7c5 f877 | 49ba 404d | 94a1 fb7f 
  0x000001eb401c83d4: 0000 41ff | d2e9 4bd5 | ffff 4b89 | 4c1a f849 | 83c3 f84d | 895f 40e9 | 39d5 ffff | 4c89 4424 
  0x000001eb401c83f4: 7889 5c24 

  0x000001eb401c83f8: ;   {metadata('java/lang/ClassLoader$$Lambda$46+0x000001eb50063a80')}
  0x000001eb401c83f8: 2048 ba80 | 3a06 50eb | 0100 0044 | 8b54 2468 | 4489 5424 | 2466 6690 

  0x000001eb401c8410: ;   {runtime_call _new_instance_Java}
  0x000001eb401c8410: c5f8 77e8 

  0x000001eb401c8414: ; ImmutableOopMap {rbp=NarrowOop [32]=NarrowOop [36]=NarrowOop [48]=Oop [56]=Oop [72]=Oop [80]=Oop [88]=Oop [96]=Oop [104]=NarrowOop [112]=Oop [120]=Oop [128]=NarrowOop [148]=NarrowOop }
                      ;*invokevirtual allocateInstance {reexecute=0 rethrow=0 return_oop=1}
                      ; - java.lang.invoke.DirectMethodHandle::allocateInstance@12 (line 520)
                      ; - java.lang.invoke.DirectMethodHandle$Holder::newInvokeSpecial@1
                      ; - java.lang.invoke.Invokers$Holder::linkToTargetMethod@6
                      ; - java.lang.ClassLoader::definePackage@73 (line 2105)
                      ; - java.lang.ClassLoader::getDefinedPackage@32 (line 2243)
                      ; - java.net.URLClassLoader::getAndVerifyPackage@2 (line 457)
                      ; - java.net.URLClassLoader::defineClass@46 (line 492)
                      ; - java.net.URLClassLoader$1::run@43 (line 427)
  0x000001eb401c8414: e846 93ff | 8b5c 2420 | 4c8b 4424 | 784c 8bc8 | e9ca c7ff | ff41 8be8 | e9e3 b2ff | ff89 5c24 
  0x000001eb401c8434: 2048 8b6c 

  0x000001eb401c8438: ;   {metadata('java/lang/String')}
  0x000001eb401c8438: 2450 48ba | f0e9 004f | eb01 0000 

  0x000001eb401c8444: ;   {runtime_call _new_instance_Java}
  0x000001eb401c8444: c5f8 77e8 

  0x000001eb401c8448: ; ImmutableOopMap {rbp=Oop [80]=Oop }
                      ;*new {reexecute=0 rethrow=0 return_oop=1}
                      ; - java.lang.StringConcatHelper::simpleConcat@17 (line 411)
                      ; - java.lang.String::concat@11 (line 2774)
                      ; - java.net.URLClassLoader$1::run@13 (line 423)
  0x000001eb401c8448: b446 93ff | 8b5c 2420 | e9a7 d1ff | ff41 8beb | e92b caff 

  0x000001eb401c845c: ;   {metadata('java/lang/ref/SoftReference')}
  0x000001eb401c845c: ff48 baa8 | 7904 4feb | 0100 0090 

  0x000001eb401c8468: ;   {runtime_call _new_instance_Java}
  0x000001eb401c8468: c5f8 77e8 

  0x000001eb401c846c: ; ImmutableOopMap {rbp=Oop [48]=Oop [72]=Oop [80]=Oop [88]=NarrowOop [96]=Oop [104]=Oop [112]=NarrowOop [120]=Oop [148]=NarrowOop [200]=Oop }
                      ;*new {reexecute=0 rethrow=0 return_oop=1}
                      ; - java.util.jar.JarFile::getManifestFromReference@184 (line 435)
                      ; - java.util.jar.JarFile::getManifest@1 (line 406)
                      ; - jdk.internal.loader.URLClassPath$JarLoader$2::getManifest@22 (line 884)
                      ; - java.net.URLClassLoader::defineClass@34 (line 491)
                      ; - java.net.URLClassLoader$1::run@43 (line 427)
  0x000001eb401c846c: 9046 93ff | 4c8b d0e9 | 63e7 ffff | 4c8b 4424 | 7845 8b58 | 2c45 85db | 0f84 51ea | ffff 4d8b 
  0x000001eb401c848c: 5720 498b | cb4d 85d2 | 0f84 4e1a | 0000 498b | f84d 8b5f | 304b 894c | 13f8 4983 | c2f8 4d89 
  0x000001eb401c84ac: 5720 4c8b | c7e9 25ea | ffff 498b | d84d 8b57 | 404d 8b5f | 50f0 8344 | 24c0 0080 | 3900 742a 
  0x000001eb401c84cc: 4488 214d | 85d2 740f | 4b89 4c13 | f849 83c2 | f84d 8957 | 40eb 1349 | 8bd7 c5f8 | 7749 ba40 
  0x000001eb401c84ec: 4d94 a1fb | 7f00 0041 | ffd2 4c8b | c3e9 13ea 

  0x000001eb401c84fc: ;   {metadata('java/util/jar/JarVerifier')}
  0x000001eb401c84fc: ffff 48ba | b0ca 184f | eb01 0000 

  0x000001eb401c8508: ;   {runtime_call _new_instance_Java}
  0x000001eb401c8508: c5f8 77e8 

  0x000001eb401c850c: ; ImmutableOopMap {rbp=Oop [48]=Oop [72]=Oop [80]=Oop [88]=NarrowOop [92]=NarrowOop [96]=Oop [104]=Oop [112]=NarrowOop [120]=Oop [128]=Oop [148]=NarrowOop [200]=Oop [208]=Oop }
                      ;*new {reexecute=0 rethrow=0 return_oop=1}
                      ; - java.util.jar.JarFile::getManifestFromReference@69 (line 422)
                      ; - java.util.jar.JarFile::getManifest@1 (line 406)
                      ; - jdk.internal.loader.URLClassPath$JarLoader$2::getManifest@22 (line 884)
                      ; - java.net.URLClassLoader::defineClass@34 (line 491)
                      ; - java.net.URLClassLoader$1::run@43 (line 427)
  0x000001eb401c850c: f045 93ff | 4c8b d0e9 | 07d8 ffff 

  0x000001eb401c8518: ;   {metadata('java/util/HashMap')}
  0x000001eb401c8518: 48ba 685a | 0b4f eb01 | 0000 6690 

  0x000001eb401c8524: ;   {runtime_call _new_instance_Java}
  0x000001eb401c8524: c5f8 77e8 

  0x000001eb401c8528: ; ImmutableOopMap {rbp=NarrowOop [32]=NarrowOop [48]=Oop [72]=Oop [80]=Oop [88]=NarrowOop [96]=Oop [104]=Oop [112]=NarrowOop [120]=Oop [128]=Oop [136]=Oop [148]=NarrowOop [152]=Oop [168]=Oop [200]=Oop }
                      ;*new {reexecute=0 rethrow=0 return_oop=1}
                      ; - java.util.jar.Manifest::<init>@16 (line 57)
                      ; - java.util.jar.JarFile::getManifestFromReference@121 (line 429)
                      ; - java.util.jar.JarFile::getManifest@1 (line 406)
                      ; - jdk.internal.loader.URLClassPath$JarLoader$2::getManifest@22 (line 884)
                      ; - java.net.URLClassLoader::defineClass@34 (line 491)
                      ; - java.net.URLClassLoader$1::run@43 (line 427)
  0x000001eb401c8528: d445 93ff | 4c8b d0e9 | 74e5 ffff 

  0x000001eb401c8534: ;   {metadata('java/io/ByteArrayInputStream')}
  0x000001eb401c8534: 48ba 089d | 014f eb01 | 0000 488b | 6c24 5090 

  0x000001eb401c8544: ;   {runtime_call _new_instance_Java}
  0x000001eb401c8544: c5f8 77e8 

  0x000001eb401c8548: ; ImmutableOopMap {rbp=Oop [32]=NarrowOop [44]=NarrowOop [48]=Oop [72]=Oop [80]=Oop [88]=NarrowOop [96]=Oop [104]=Oop [112]=NarrowOop [120]=Oop [128]=Oop [136]=Oop [148]=NarrowOop [200]=Oop [208]=Oop }
                      ;*new {reexecute=0 rethrow=0 return_oop=1}
                      ; - java.util.jar.JarFile::getManifestFromReference@109 (line 429)
                      ; - java.util.jar.JarFile::getManifest@1 (line 406)
                      ; - jdk.internal.loader.URLClassPath$JarLoader$2::getManifest@22 (line 884)
                      ; - java.net.URLClassLoader::defineClass@34 (line 491)
                      ; - java.net.URLClassLoader$1::run@43 (line 427)
  0x000001eb401c8548: b445 93ff | 4c8b d0e9 | 8fe3 ffff 

  0x000001eb401c8554: ;   {metadata('java/util/jar/Manifest')}
  0x000001eb401c8554: 48ba c0c0 | 064f eb01 | 0000 488b | 6c24 5090 

  0x000001eb401c8564: ;   {runtime_call _new_instance_Java}
  0x000001eb401c8564: c5f8 77e8 

  0x000001eb401c8568: ; ImmutableOopMap {rbp=Oop [44]=NarrowOop [48]=Oop [72]=Oop [80]=Oop [88]=NarrowOop [96]=Oop [104]=Oop [112]=NarrowOop [120]=Oop [148]=NarrowOop [200]=Oop [208]=Oop }
                      ;*new {reexecute=0 rethrow=0 return_oop=1}
                      ; - java.util.jar.JarFile::getManifestFromReference@101 (line 429)
                      ; - java.util.jar.JarFile::getManifest@1 (line 406)
                      ; - jdk.internal.loader.URLClassPath$JarLoader$2::getManifest@22 (line 884)
                      ; - java.net.URLClassLoader::defineClass@34 (line 491)
                      ; - java.net.URLClassLoader$1::run@43 (line 427)
  0x000001eb401c8568: 9445 93ff | e907 e3ff 

  0x000001eb401c8570: ;   {metadata('java/util/jar/Attributes')}
  0x000001eb401c8570: ff48 ba30 | a218 4feb | 0100 0090 

  0x000001eb401c857c: ;   {runtime_call _new_instance_Java}
  0x000001eb401c857c: c5f8 77e8 

  0x000001eb401c8580: ; ImmutableOopMap {rbp=NarrowOop [32]=NarrowOop [48]=Oop [72]=Oop [80]=Oop [88]=NarrowOop [96]=Oop [104]=Oop [112]=NarrowOop [120]=Oop [128]=Oop [136]=Oop [148]=NarrowOop [152]=Oop [200]=Oop }
                      ;*new {reexecute=0 rethrow=0 return_oop=1}
                      ; - java.util.jar.Manifest::<init>@5 (line 54)
                      ; - java.util.jar.JarFile::getManifestFromReference@121 (line 429)
                      ; - java.util.jar.JarFile::getManifest@1 (line 406)
                      ; - jdk.internal.loader.URLClassPath$JarLoader$2::getManifest@22 (line 884)
                      ; - java.net.URLClassLoader::defineClass@34 (line 491)
                      ; - java.net.URLClassLoader$1::run@43 (line 427)
  0x000001eb401c8580: 7c45 93ff | 4c8b d0e9 | c3e3 ffff 

  0x000001eb401c858c: ;   {metadata('java/io/ByteArrayOutputStream')}
  0x000001eb401c858c: 48ba 1057 | 194f eb01 | 0000 488b | 6c24 5090 

  0x000001eb401c859c: ;   {runtime_call _new_instance_Java}
  0x000001eb401c859c: c5f8 77e8 

  0x000001eb401c85a0: ; ImmutableOopMap {rbp=Oop [44]=NarrowOop [48]=Oop [72]=Oop [80]=Oop [88]=NarrowOop [92]=NarrowOop [96]=Oop [104]=Oop [112]=NarrowOop [120]=Oop [136]=Oop [148]=NarrowOop [200]=Oop [208]=Oop }
                      ;*new {reexecute=0 rethrow=0 return_oop=1}
                      ; - java.util.jar.JarVerifier::<init>@122 (line 110)
                      ; - java.util.jar.JarFile::getManifestFromReference@78 (line 422)
                      ; - java.util.jar.JarFile::getManifest@1 (line 406)
                      ; - jdk.internal.loader.URLClassPath$JarLoader$2::getManifest@22 (line 884)
                      ; - java.net.URLClassLoader::defineClass@34 (line 491)
                      ; - java.net.URLClassLoader$1::run@43 (line 427)
  0x000001eb401c85a0: 5c45 93ff | 4c8b d0e9 | 07e0 ffff 

  0x000001eb401c85ac: ;   {metadata('java/util/LinkedHashMap')}
  0x000001eb401c85ac: 48ba 685e | 0b4f eb01 | 0000 6690 

  0x000001eb401c85b8: ;   {runtime_call _new_instance_Java}
  0x000001eb401c85b8: c5f8 77e8 

  0x000001eb401c85bc: ; ImmutableOopMap {rbp=NarrowOop [32]=NarrowOop [48]=Oop [72]=Oop [80]=Oop [88]=NarrowOop [96]=Oop [104]=Oop [112]=NarrowOop [120]=Oop [128]=Oop [136]=Oop [148]=NarrowOop [152]=Oop [160]=Oop [200]=Oop }
                      ;*new {reexecute=0 rethrow=0 return_oop=1}
                      ; - java.util.jar.Attributes::<init>@5 (line 82)
                      ; - java.util.jar.Attributes::<init>@3 (line 72)
                      ; - java.util.jar.Manifest::<init>@9 (line 54)
                      ; - java.util.jar.JarFile::getManifestFromReference@121 (line 429)
                      ; - java.util.jar.JarFile::getManifest@1 (line 406)
                      ; - jdk.internal.loader.URLClassPath$JarLoader$2::getManifest@22 (line 884)
                      ; - java.net.URLClassLoader::defineClass@34 (line 491)
                      ; - java.net.URLClassLoader$1::run@43 (line 427)
  0x000001eb401c85bc: 4045 93ff | e9da e3ff 

  0x000001eb401c85c4: ;   {metadata('java/util/ArrayList')}
  0x000001eb401c85c4: ff48 ba20 | df00 4feb | 0100 0048 | 8b6c 2450 

  0x000001eb401c85d4: ;   {runtime_call _new_instance_Java}
  0x000001eb401c85d4: c5f8 77e8 

  0x000001eb401c85d8: ; ImmutableOopMap {rbp=Oop [44]=NarrowOop [48]=Oop [72]=Oop [80]=Oop [88]=NarrowOop [92]=NarrowOop [96]=Oop [104]=Oop [112]=NarrowOop [120]=Oop [136]=Oop [148]=NarrowOop [200]=Oop [208]=Oop }
                      ;*new {reexecute=0 rethrow=0 return_oop=1}
                      ; - java.util.jar.JarVerifier::<init>@133 (line 111)
                      ; - java.util.jar.JarFile::getManifestFromReference@78 (line 422)
                      ; - java.util.jar.JarFile::getManifest@1 (line 406)
                      ; - jdk.internal.loader.URLClassPath$JarLoader$2::getManifest@22 (line 884)
                      ; - java.net.URLClassLoader::defineClass@34 (line 491)
                      ; - java.net.URLClassLoader$1::run@43 (line 427)
  0x000001eb401c85d8: 2445 93ff | 4c8b d090 | e90e e1ff 

  0x000001eb401c85e4: ;   {metadata('java/util/ArrayList')}
  0x000001eb401c85e4: ff48 ba20 | df00 4feb | 0100 0048 | 8b6c 2450 

  0x000001eb401c85f4: ;   {runtime_call _new_instance_Java}
  0x000001eb401c85f4: c5f8 77e8 

  0x000001eb401c85f8: ; ImmutableOopMap {rbp=Oop [44]=NarrowOop [48]=Oop [72]=Oop [80]=Oop [88]=NarrowOop [92]=NarrowOop [96]=Oop [104]=Oop [112]=NarrowOop [120]=Oop [136]=Oop [148]=NarrowOop [200]=Oop [208]=Oop }
                      ;*new {reexecute=0 rethrow=0 return_oop=1}
                      ; - java.util.jar.JarVerifier::<init>@111 (line 109)
                      ; - java.util.jar.JarFile::getManifestFromReference@78 (line 422)
                      ; - java.util.jar.JarFile::getManifest@1 (line 406)
                      ; - jdk.internal.loader.URLClassPath$JarLoader$2::getManifest@22 (line 884)
                      ; - java.net.URLClassLoader::defineClass@34 (line 491)
                      ; - java.net.URLClassLoader$1::run@43 (line 427)
  0x000001eb401c85f8: 0445 93ff | 4c8b d090 | e90e dfff 

  0x000001eb401c8604: ;   {metadata({type array byte})}
  0x000001eb401c8604: ff48 ba38 | 6700 4feb | 0100 0041 | b820 0000 | 0066 6690 

  0x000001eb401c8618: ;   {runtime_call _new_array_Java}
  0x000001eb401c8618: c5f8 77e8 

  0x000001eb401c861c: ; ImmutableOopMap {rbp=Oop [44]=NarrowOop [48]=Oop [72]=Oop [80]=Oop [88]=NarrowOop [92]=NarrowOop [96]=Oop [104]=Oop [112]=NarrowOop [120]=Oop [136]=Oop [148]=NarrowOop [200]=Oop [208]=Oop }
                      ;*newarray {reexecute=0 rethrow=0 return_oop=1}
                      ; - java.io.ByteArrayOutputStream::<init>@37 (line 81)
                      ; - java.io.ByteArrayOutputStream::<init>@3 (line 66)
                      ; - java.util.jar.JarVerifier::<init>@126 (line 110)
                      ; - java.util.jar.JarFile::getManifestFromReference@78 (line 422)
                      ; - java.util.jar.JarFile::getManifest@1 (line 406)
                      ; - jdk.internal.loader.URLClassPath$JarLoader$2::getManifest@22 (line 884)
                      ; - java.net.URLClassLoader::defineClass@34 (line 491)
                      ; - java.net.URLClassLoader$1::run@43 (line 427)
  0x000001eb401c861c: e047 93ff | e9f8 dfff 

  0x000001eb401c8624: ;   {metadata('java/util/HashMap')}
  0x000001eb401c8624: ff48 ba68 | 5a0b 4feb | 0100 0048 | 8b6c 2450 

  0x000001eb401c8634: ;   {runtime_call _new_instance_Java}
  0x000001eb401c8634: c5f8 77e8 

  0x000001eb401c8638: ; ImmutableOopMap {rbp=Oop [44]=NarrowOop [48]=Oop [72]=Oop [80]=Oop [88]=NarrowOop [92]=NarrowOop [96]=Oop [104]=Oop [112]=NarrowOop [120]=Oop [136]=Oop [148]=NarrowOop [200]=Oop [208]=Oop }
                      ;*new {reexecute=0 rethrow=0 return_oop=1}
                      ; - java.util.jar.JarVerifier::<init>@144 (line 112)
                      ; - java.util.jar.JarFile::getManifestFromReference@78 (line 422)
                      ; - java.util.jar.JarFile::getManifest@1 (line 406)
                      ; - jdk.internal.loader.URLClassPath$JarLoader$2::getManifest@22 (line 884)
                      ; - java.net.URLClassLoader::defineClass@34 (line 491)
                      ; - java.net.URLClassLoader$1::run@43 (line 427)
  0x000001eb401c8638: c444 93ff | 4c8b d090 | e956 e1ff 

  0x000001eb401c8644: ;   {metadata('java/util/Hashtable')}
  0x000001eb401c8644: ff48 bac8 | 6901 4feb | 0100 0048 | 8b6c 2450 

  0x000001eb401c8654: ;   {runtime_call _new_instance_Java}
  0x000001eb401c8654: c5f8 77e8 

  0x000001eb401c8658: ; ImmutableOopMap {rbp=Oop [44]=NarrowOop [48]=Oop [72]=Oop [80]=Oop [88]=NarrowOop [92]=NarrowOop [96]=Oop [104]=Oop [112]=NarrowOop [120]=Oop [136]=Oop [148]=NarrowOop [200]=Oop [208]=Oop }
                      ;*new {reexecute=0 rethrow=0 return_oop=1}
                      ; - java.util.jar.JarVerifier::<init>@76 (line 106)
                      ; - java.util.jar.JarFile::getManifestFromReference@78 (line 422)
                      ; - java.util.jar.JarFile::getManifest@1 (line 406)
                      ; - jdk.internal.loader.URLClassPath$JarLoader$2::getManifest@22 (line 884)
                      ; - java.net.URLClassLoader::defineClass@34 (line 491)
                      ; - java.net.URLClassLoader$1::run@43 (line 427)
  0x000001eb401c8658: a444 93ff | 4c8b d090 | e996 daff 

  0x000001eb401c8664: ;   {metadata('java/util/Hashtable$Entry'[])}
  0x000001eb401c8664: ff48 ba88 | 0216 4feb | 0100 0041 | b80b 0000 | 0066 6690 

  0x000001eb401c8678: ;   {runtime_call _new_array_Java}
  0x000001eb401c8678: c5f8 77e8 

  0x000001eb401c867c: ; ImmutableOopMap {rbp=Oop [44]=NarrowOop [48]=Oop [72]=Oop [80]=Oop [88]=NarrowOop [92]=NarrowOop [96]=Oop [104]=Oop [112]=NarrowOop [120]=Oop [136]=Oop [148]=NarrowOop [200]=Oop [208]=Oop }
                      ;*anewarray {reexecute=0 rethrow=0 return_oop=1}
                      ; - java.util.Hashtable::<init>@93 (line 196)
                      ; - java.util.Hashtable::<init>@5 (line 217)
                      ; - java.util.jar.JarVerifier::<init>@91 (line 107)
                      ; - java.util.jar.JarFile::getManifestFromReference@78 (line 422)
                      ; - java.util.jar.JarFile::getManifest@1 (line 406)
                      ; - jdk.internal.loader.URLClassPath$JarLoader$2::getManifest@22 (line 884)
                      ; - java.net.URLClassLoader::defineClass@34 (line 491)
                      ; - java.net.URLClassLoader$1::run@43 (line 427)
  0x000001eb401c867c: 8047 93ff | e95c dcff 

  0x000001eb401c8684: ;   {metadata('java/util/Hashtable')}
  0x000001eb401c8684: ff48 bac8 | 6901 4feb | 0100 0048 | 8b6c 2450 

  0x000001eb401c8694: ;   {runtime_call _new_instance_Java}
  0x000001eb401c8694: c5f8 77e8 

  0x000001eb401c8698: ; ImmutableOopMap {rbp=Oop [44]=NarrowOop [48]=Oop [72]=Oop [80]=Oop [88]=NarrowOop [92]=NarrowOop [96]=Oop [104]=Oop [112]=NarrowOop [120]=Oop [136]=Oop [148]=NarrowOop [200]=Oop [208]=Oop }
                      ;*new {reexecute=0 rethrow=0 return_oop=1}
                      ; - java.util.jar.JarVerifier::<init>@98 (line 108)
                      ; - java.util.jar.JarFile::getManifestFromReference@78 (line 422)
                      ; - java.util.jar.JarFile::getManifest@1 (line 406)
                      ; - jdk.internal.loader.URLClassPath$JarLoader$2::getManifest@22 (line 884)
                      ; - java.net.URLClassLoader::defineClass@34 (line 491)
                      ; - java.net.URLClassLoader$1::run@43 (line 427)
  0x000001eb401c8698: 6444 93ff | 4c8b d090 | e916 ddff 

  0x000001eb401c86a4: ;   {metadata('java/util/Hashtable$Entry'[])}
  0x000001eb401c86a4: ff48 ba88 | 0216 4feb | 0100 0041 | b80b 0000 | 0066 6690 

  0x000001eb401c86b8: ;   {runtime_call _new_array_Java}
  0x000001eb401c86b8: c5f8 77e8 

  0x000001eb401c86bc: ; ImmutableOopMap {rbp=Oop [44]=NarrowOop [48]=Oop [72]=Oop [80]=Oop [88]=NarrowOop [92]=NarrowOop [96]=Oop [104]=Oop [112]=NarrowOop [120]=Oop [136]=Oop [148]=NarrowOop [200]=Oop [208]=Oop }
                      ;*anewarray {reexecute=0 rethrow=0 return_oop=1}
                      ; - java.util.Hashtable::<init>@93 (line 196)
                      ; - java.util.Hashtable::<init>@4 (line 209)
                      ; - java.util.jar.JarVerifier::<init>@104 (line 108)
                      ; - java.util.jar.JarFile::getManifestFromReference@78 (line 422)
                      ; - java.util.jar.JarFile::getManifest@1 (line 406)
                      ; - jdk.internal.loader.URLClassPath$JarLoader$2::getManifest@22 (line 884)
                      ; - java.net.URLClassLoader::defineClass@34 (line 491)
                      ; - java.net.URLClassLoader$1::run@43 (line 427)
  0x000001eb401c86bc: 4047 93ff | e97c ddff 

  0x000001eb401c86c4: ;   {metadata('java/util/Hashtable$Entry'[])}
  0x000001eb401c86c4: ff48 ba88 | 0216 4feb | 0100 0041 | b80b 0000 | 0066 6690 

  0x000001eb401c86d8: ;   {runtime_call _new_array_Java}
  0x000001eb401c86d8: c5f8 77e8 

  0x000001eb401c86dc: ; ImmutableOopMap {rbp=Oop [44]=NarrowOop [48]=Oop [72]=Oop [80]=Oop [88]=NarrowOop [92]=NarrowOop [96]=Oop [104]=Oop [112]=NarrowOop [120]=Oop [136]=Oop [148]=NarrowOop [200]=Oop [208]=Oop }
                      ;*anewarray {reexecute=0 rethrow=0 return_oop=1}
                      ; - java.util.Hashtable::<init>@93 (line 196)
                      ; - java.util.Hashtable::<init>@5 (line 217)
                      ; - java.util.jar.JarVerifier::<init>@80 (line 106)
                      ; - java.util.jar.JarFile::getManifestFromReference@78 (line 422)
                      ; - java.util.jar.JarFile::getManifest@1 (line 406)
                      ; - jdk.internal.loader.URLClassPath$JarLoader$2::getManifest@22 (line 884)
                      ; - java.net.URLClassLoader::defineClass@34 (line 491)
                      ; - java.net.URLClassLoader$1::run@43 (line 427)
  0x000001eb401c86dc: 2047 93ff | e99c daff | ff48 8944 | 24f8 8b44 | 245c 8944 | 2474 488b 

  0x000001eb401c86f4: ;   {metadata('java/util/HashMap')}
  0x000001eb401c86f4: 4424 f848 | ba68 5a0b | 4feb 0100 | 0066 6690 

  0x000001eb401c8704: ;   {runtime_call _new_instance_Java}
  0x000001eb401c8704: c5f8 77e8 

  0x000001eb401c8708: ; ImmutableOopMap {rbp=Oop [32]=NarrowOop [44]=NarrowOop [48]=Oop [72]=Oop [80]=Oop [88]=NarrowOop [96]=Oop [104]=Oop [112]=NarrowOop [116]=NarrowOop [120]=Oop [136]=Oop [148]=NarrowOop [200]=Oop [208]=Oop }
                      ;*new {reexecute=0 rethrow=0 return_oop=1}
                      ; - java.util.jar.JarVerifier::<init>@47 (line 518)
                      ; - java.util.jar.JarFile::getManifestFromReference@78 (line 422)
                      ; - java.util.jar.JarFile::getManifest@1 (line 406)
                      ; - jdk.internal.loader.URLClassPath$JarLoader$2::getManifest@22 (line 884)
                      ; - java.net.URLClassLoader::defineClass@34 (line 491)
                      ; - java.net.URLClassLoader$1::run@43 (line 427)
  0x000001eb401c8708: f443 93ff | 4c8b d048 | 8944 24f8 | 8b44 2474 | 8944 245c | 488b 4424 | f8e9 e2d7 

  0x000001eb401c8724: ;   {metadata('java/util/Hashtable')}
  0x000001eb401c8724: ffff 48ba | c869 014f | eb01 0000 | 488b 6c24 | 5066 6690 

  0x000001eb401c8738: ;   {runtime_call _new_instance_Java}
  0x000001eb401c8738: c5f8 77e8 

  0x000001eb401c873c: ; ImmutableOopMap {rbp=Oop [44]=NarrowOop [48]=Oop [72]=Oop [80]=Oop [88]=NarrowOop [92]=NarrowOop [96]=Oop [104]=Oop [112]=NarrowOop [120]=Oop [136]=Oop [148]=NarrowOop [200]=Oop [208]=Oop }
                      ;*new {reexecute=0 rethrow=0 return_oop=1}
                      ; - java.util.jar.JarVerifier::<init>@87 (line 107)
                      ; - java.util.jar.JarFile::getManifestFromReference@78 (line 422)
                      ; - java.util.jar.JarFile::getManifest@1 (line 406)
                      ; - jdk.internal.loader.URLClassPath$JarLoader$2::getManifest@22 (line 884)
                      ; - java.net.URLClassLoader::defineClass@34 (line 491)
                      ; - java.net.URLClassLoader$1::run@43 (line 427)
  0x000001eb401c873c: c043 93ff | 4c8b d0e9 | 13db ffff | 4889 4424 | f88b 4424 | 5c89 4424 | 7448 8b44 

  0x000001eb401c8758: ;   {metadata('java/security/CodeSigner'[])}
  0x000001eb401c8758: 24f8 48ba | 783c 0450 | eb01 0000 | 4533 c090 

  0x000001eb401c8768: ;   {runtime_call _new_array_Java}
  0x000001eb401c8768: c5f8 77e8 

  0x000001eb401c876c: ; ImmutableOopMap {rbp=Oop [32]=NarrowOop [44]=NarrowOop [48]=Oop [72]=Oop [80]=Oop [88]=NarrowOop [96]=Oop [104]=Oop [112]=NarrowOop [116]=NarrowOop [120]=Oop [136]=Oop [148]=NarrowOop [200]=Oop [208]=Oop }
                      ;*anewarray {reexecute=0 rethrow=0 return_oop=1}
                      ; - java.util.jar.JarVerifier::<init>@59 (line 559)
                      ; - java.util.jar.JarFile::getManifestFromReference@78 (line 422)
                      ; - java.util.jar.JarFile::getManifest@1 (line 406)
                      ; - jdk.internal.loader.URLClassPath$JarLoader$2::getManifest@22 (line 884)
                      ; - java.net.URLClassLoader::defineClass@34 (line 491)
                      ; - java.net.URLClassLoader$1::run@43 (line 427)
  0x000001eb401c876c: 9046 93ff | 4c8b d048 | 8944 24f8 | 8b44 2474 | 8944 245c | 488b 4424 | f8e9 2ad8 

  0x000001eb401c8788: ;   {metadata('java/lang/Object')}
  0x000001eb401c8788: ffff 48ba | 580d 004f | eb01 0000 

  0x000001eb401c8794: ;   {runtime_call _new_instance_Java}
  0x000001eb401c8794: c5f8 77e8 

  0x000001eb401c8798: ; ImmutableOopMap {rbp=Oop [32]=NarrowOop [48]=Oop [72]=Oop [80]=Oop [88]=NarrowOop [96]=Oop [104]=Oop [112]=NarrowOop [120]=Oop [136]=Oop [148]=NarrowOop [200]=Oop [208]=Oop }
                      ;*new {reexecute=0 rethrow=0 return_oop=1}
                      ; - java.util.jar.JarVerifier::<init>@25 (line 94)
                      ; - java.util.jar.JarFile::getManifestFromReference@78 (line 422)
                      ; - java.util.jar.JarFile::getManifest@1 (line 406)
                      ; - jdk.internal.loader.URLClassPath$JarLoader$2::getManifest@22 (line 884)
                      ; - java.net.URLClassLoader::defineClass@34 (line 491)
                      ; - java.net.URLClassLoader$1::run@43 (line 427)
  0x000001eb401c8798: 6443 93ff | 0f1f 4000 | e909 d6ff | ff48 8944 | 24f8 8b44 | 245c 8944 | 2474 488b 

  0x000001eb401c87b4: ;   {metadata('java/util/HashMap')}
  0x000001eb401c87b4: 4424 f848 | ba68 5a0b | 4feb 0100 | 0066 6690 

  0x000001eb401c87c4: ;   {runtime_call _new_instance_Java}
  0x000001eb401c87c4: c5f8 77e8 

  0x000001eb401c87c8: ; ImmutableOopMap {rbp=Oop [32]=NarrowOop [44]=NarrowOop [48]=Oop [72]=Oop [80]=Oop [88]=NarrowOop [96]=Oop [104]=Oop [112]=NarrowOop [116]=NarrowOop [120]=Oop [136]=Oop [148]=NarrowOop [200]=Oop [208]=Oop }
                      ;*new {reexecute=0 rethrow=0 return_oop=1}
                      ; - java.util.jar.JarVerifier::<init>@36 (line 517)
                      ; - java.util.jar.JarFile::getManifestFromReference@78 (line 422)
                      ; - java.util.jar.JarFile::getManifest@1 (line 406)
                      ; - jdk.internal.loader.URLClassPath$JarLoader$2::getManifest@22 (line 884)
                      ; - java.net.URLClassLoader::defineClass@34 (line 491)
                      ; - java.net.URLClassLoader$1::run@43 (line 427)
  0x000001eb401c87c8: 3443 93ff | 4c8b d048 | 8944 24f8 | 8b44 2474 | 8944 245c | 488b 4424 | f8e9 82d6 

  0x000001eb401c87e4: ;   {metadata('java/util/LinkedHashMap')}
  0x000001eb401c87e4: ffff 48ba | 685e 0b4f | eb01 0000 

  0x000001eb401c87f0: ;   {runtime_call _new_instance_Java}
  0x000001eb401c87f0: c5f8 77e8 

  0x000001eb401c87f4: ; ImmutableOopMap {rbp=NarrowOop [32]=Oop [48]=Oop [72]=Oop [80]=Oop [88]=NarrowOop [96]=Oop [104]=Oop [112]=NarrowOop [120]=Oop [128]=Oop [136]=Oop [148]=NarrowOop [200]=Oop }
                      ;*new {reexecute=0 rethrow=0 return_oop=1}
                      ; - java.util.jar.Attributes::<init>@5 (line 82)
                      ; - java.util.jar.Attributes::<init>@3 (line 72)
                      ; - java.util.jar.Manifest::<init>@9 (line 54)
                      ; - java.util.jar.Manifest::<init>@4 (line 87)
                      ; - java.util.jar.JarFile::getManifestFromReference@143 (line 432)
                      ; - java.util.jar.JarFile::getManifest@1 (line 406)
                      ; - jdk.internal.loader.URLClassPath$JarLoader$2::getManifest@22 (line 884)
                      ; - java.net.URLClassLoader::defineClass@34 (line 491)
                      ; - java.net.URLClassLoader$1::run@43 (line 427)
  0x000001eb401c87f4: 0843 93ff | e9c2 d0ff 

  0x000001eb401c87fc: ;   {metadata('java/util/jar/Manifest')}
  0x000001eb401c87fc: ff48 bac0 | c006 4feb | 0100 0090 

  0x000001eb401c8808: ;   {runtime_call _new_instance_Java}
  0x000001eb401c8808: c5f8 77e8 

  0x000001eb401c880c: ; ImmutableOopMap {rbp=Oop [32]=Oop [48]=Oop [72]=Oop [80]=Oop [88]=NarrowOop [96]=Oop [104]=Oop [112]=NarrowOop [120]=Oop [148]=NarrowOop [200]=Oop }
                      ;*new {reexecute=0 rethrow=0 return_oop=1}
                      ; - java.util.jar.JarFile::getManifestFromReference@134 (line 432)
                      ; - java.util.jar.JarFile::getManifest@1 (line 406)
                      ; - jdk.internal.loader.URLClassPath$JarLoader$2::getManifest@22 (line 884)
                      ; - java.net.URLClassLoader::defineClass@34 (line 491)
                      ; - java.net.URLClassLoader$1::run@43 (line 427)
  0x000001eb401c880c: f042 93ff | e9fd cfff 

  0x000001eb401c8814: ;   {metadata('java/util/jar/Attributes')}
  0x000001eb401c8814: ff48 ba30 | a218 4feb | 0100 0090 

  0x000001eb401c8820: ;   {runtime_call _new_instance_Java}
  0x000001eb401c8820: c5f8 77e8 

  0x000001eb401c8824: ; ImmutableOopMap {rbp=NarrowOop [32]=Oop [48]=Oop [72]=Oop [80]=Oop [88]=NarrowOop [96]=Oop [104]=Oop [112]=NarrowOop [120]=Oop [128]=Oop [148]=NarrowOop [200]=Oop }
                      ;*new {reexecute=0 rethrow=0 return_oop=1}
                      ; - java.util.jar.Manifest::<init>@5 (line 54)
                      ; - java.util.jar.Manifest::<init>@4 (line 87)
                      ; - java.util.jar.JarFile::getManifestFromReference@143 (line 432)
                      ; - java.util.jar.JarFile::getManifest@1 (line 406)
                      ; - jdk.internal.loader.URLClassPath$JarLoader$2::getManifest@22 (line 884)
                      ; - java.net.URLClassLoader::defineClass@34 (line 491)
                      ; - java.net.URLClassLoader$1::run@43 (line 427)
  0x000001eb401c8824: d842 93ff | 4c8b d0e9 | 3fd0 ffff 

  0x000001eb401c8830: ;   {metadata('java/util/HashMap')}
  0x000001eb401c8830: 48ba 685a | 0b4f eb01 | 0000 6690 

  0x000001eb401c883c: ;   {runtime_call _new_instance_Java}
  0x000001eb401c883c: c5f8 77e8 

  0x000001eb401c8840: ; ImmutableOopMap {rbp=NarrowOop [32]=Oop [48]=Oop [72]=Oop [80]=Oop [88]=NarrowOop [96]=Oop [104]=Oop [112]=NarrowOop [120]=Oop [128]=Oop [148]=NarrowOop [152]=Oop [200]=Oop }
                      ;*new {reexecute=0 rethrow=0 return_oop=1}
                      ; - java.util.jar.Manifest::<init>@16 (line 57)
                      ; - java.util.jar.Manifest::<init>@4 (line 87)
                      ; - java.util.jar.JarFile::getManifestFromReference@143 (line 432)
                      ; - java.util.jar.JarFile::getManifest@1 (line 406)
                      ; - jdk.internal.loader.URLClassPath$JarLoader$2::getManifest@22 (line 884)
                      ; - java.net.URLClassLoader::defineClass@34 (line 491)
                      ; - java.net.URLClassLoader$1::run@43 (line 427)
  0x000001eb401c8840: bc42 93ff | 4c8b d0e9 | 73d1 ffff | 4489 4424 | 3c48 894c | 2440 4489 | 5424 3849 

  0x000001eb401c885c: ;   {metadata('jdk/internal/loader/URLClassPath$JarLoader$1')}
  0x000001eb401c885c: 8be9 48ba | e8a7 194f | eb01 0000 

  0x000001eb401c8868: ;   {runtime_call _new_instance_Java}
  0x000001eb401c8868: c5f8 77e8 

  0x000001eb401c886c: ; ImmutableOopMap {[32]=Oop [44]=NarrowOop [48]=Oop [60]=NarrowOop [64]=Oop [80]=Oop }
                      ;*new {reexecute=0 rethrow=0 return_oop=1}
                      ; - jdk.internal.loader.URLClassPath$JarLoader::ensureOpen@7 (line 761)
                      ; - jdk.internal.loader.URLClassPath$JarLoader::getResource@1 (line 950)
                      ; - jdk.internal.loader.URLClassPath::getResource@53 (line 319)
                      ; - java.net.URLClassLoader$1::run@26 (line 424)
  0x000001eb401c886c: 9042 93ff | 4c8b cd44 | 8b54 2438 | 488b 4c24 | 4044 8b44 | 243c e907 

  0x000001eb401c8884: ;   {metadata({type array byte})}
  0x000001eb401c8884: e5ff ff48 | ba38 6700 | 4feb 0100 | 0044 8bc5 

  0x000001eb401c8894: ;   {runtime_call _new_array_Java}
  0x000001eb401c8894: c5f8 77e8 

  0x000001eb401c8898: ; ImmutableOopMap {[48]=Oop [72]=Oop [80]=Oop [88]=NarrowOop [92]=NarrowOop [96]=Oop [104]=Oop [112]=NarrowOop [120]=Oop [128]=Oop [136]=Oop [148]=NarrowOop [200]=Oop }
                      ;*newarray {reexecute=0 rethrow=0 return_oop=1}
                      ; - java.util.jar.JarFile::getBytes@99 (line 815)
                      ; - java.util.jar.JarFile::getManifestFromReference@44 (line 419)
                      ; - java.util.jar.JarFile::getManifest@1 (line 406)
                      ; - jdk.internal.loader.URLClassPath$JarLoader$2::getManifest@22 (line 884)
                      ; - java.net.URLClassLoader::defineClass@34 (line 491)
                      ; - java.net.URLClassLoader$1::run@43 (line 427)
  0x000001eb401c8898: 6445 93ff | 4c8b d090 | e90e d3ff | ffba f6ff | ffff 488b | 6c24 5090 

  0x000001eb401c88b0: ;   {runtime_call UncommonTrapBlob}
  0x000001eb401c88b0: c5f8 77e8 

  0x000001eb401c88b4: ; ImmutableOopMap {rbp=Oop [48]=Oop }
                      ;*invokevirtual getResource {reexecute=0 rethrow=0 return_oop=0}
                      ; - java.net.URLClassLoader$1::run@26 (line 424)
  0x000001eb401c88b4: 48e0 88ff | ba76 ffff | ff48 8b6c | 2450 894c | 2420 8974 | 2428 897c | 242c 6690 

  0x000001eb401c88d0: ;   {runtime_call UncommonTrapBlob}
  0x000001eb401c88d0: c5f8 77e8 

  0x000001eb401c88d4: ; ImmutableOopMap {rbp=Oop [32]=NarrowOop [44]=NarrowOop }
                      ;*if_icmpge {reexecute=1 rethrow=0 return_oop=0}
                      ; - (reexecute) java.lang.StringLatin1::replace@19 (line 306)
                      ; - java.lang.String::replace@18 (line 2808)
                      ; - java.net.URLClassLoader$1::run@8 (line 423)
  0x000001eb401c88d4: 28e0 88ff | baf6 ffff | ff49 8bea | 4889 7c24 | 2889 5c24 | 3066 6690 

  0x000001eb401c88ec: ;   {runtime_call UncommonTrapBlob}
  0x000001eb401c88ec: c5f8 77e8 

  0x000001eb401c88f0: ; ImmutableOopMap {rbp=Oop [40]=Oop [48]=NarrowOop }
                      ;*invokevirtual defineClass {reexecute=0 rethrow=0 return_oop=0}
                      ; - java.net.URLClassLoader$1::run@43 (line 427)
  0x000001eb401c88f0: 0ce0 88ff | baf6 ffff | ff48 8b6c | 2450 4889 | 7c24 204c | 8944 2428 | 4c8b 5c24 | 404c 895c 
  0x000001eb401c8910: 2430 4489 | 5424 3844 | 896c 243c | 895c 2448 

  0x000001eb401c8920: ;   {runtime_call UncommonTrapBlob}
  0x000001eb401c8920: c5f8 77e8 

  0x000001eb401c8924: ; ImmutableOopMap {rbp=Oop [32]=Oop [40]=Oop [56]=NarrowOop [60]=NarrowOop [72]=NarrowOop [200]=Oop }
                      ;*invokevirtual ensureInitialization {reexecute=0 rethrow=0 return_oop=0}
                      ; - java.util.jar.JavaUtilJarAccessImpl::ensureInitialization@1 (line 72)
                      ; - jdk.internal.loader.URLClassPath$JarLoader$2::getManifest@10 (line 883)
                      ; - java.net.URLClassLoader::defineClass@34 (line 491)
                      ; - java.net.URLClassLoader$1::run@43 (line 427)
  0x000001eb401c8924: d8df 88ff | baf6 ffff | ff48 8b6c | 2450 4c8b | 5424 484c | 8954 2420 | 4889 7c24 | 284c 8b54 
  0x000001eb401c8944: 2440 4c89 | 5424 304c | 8944 2448 | 8974 243c 

  0x000001eb401c8954: ;   {runtime_call UncommonTrapBlob}
  0x000001eb401c8954: c5f8 77e8 

  0x000001eb401c8958: ; ImmutableOopMap {rbp=Oop [32]=Oop [40]=Oop [60]=NarrowOop [72]=Oop [112]=NarrowOop [148]=NarrowOop [200]=Oop }
                      ;*invokevirtual get {reexecute=0 rethrow=0 return_oop=0}
                      ; - java.lang.ClassLoader::getDefinedPackage@13 (line 2239)
                      ; - java.net.URLClassLoader::getAndVerifyPackage@2 (line 457)
                      ; - java.net.URLClassLoader::defineClass@46 (line 492)
                      ; - java.net.URLClassLoader$1::run@43 (line 427)
  0x000001eb401c8958: a4df 88ff | ba76 ffff | ff48 8b6c | 2450 4889 | 7c24 284c | 8b54 2440 | 4c89 5424 | 3089 7424 
  0x000001eb401c8978: 3844 895c | 2440 4489 | 6c24 4489 | 5c24 4890 

  0x000001eb401c8988: ;   {runtime_call UncommonTrapBlob}
  0x000001eb401c8988: c5f8 77e8 

  0x000001eb401c898c: ; ImmutableOopMap {rbp=Oop [40]=Oop [56]=NarrowOop [68]=NarrowOop [72]=NarrowOop }
                      ;*iflt {reexecute=1 rethrow=0 return_oop=0}
                      ; - (reexecute) java.lang.StringLatin1::lastIndexOf@19 (line 294)
                      ; - java.lang.String::lastIndexOf@13 (line 2489)
                      ; - java.lang.String::lastIndexOf@8 (line 2451)
                      ; - java.net.URLClassLoader::defineClass@7 (line 486)
                      ; - java.net.URLClassLoader$1::run@43 (line 427)
  0x000001eb401c898c: 70df 88ff | 41b8 0100 | 0000 bb01 | 0000 000f | 1f44 0000 | e924 adff | ffba deff | ffff 488b 
  0x000001eb401c89ac: 6c24 5044 | 8b44 242c | 4489 4424 | 2044 8954 | 2424 4889 | 4424 3890 

  0x000001eb401c89c4: ;   {runtime_call UncommonTrapBlob}
  0x000001eb401c89c4: c5f8 77e8 

  0x000001eb401c89c8: ; ImmutableOopMap {rbp=Oop [32]=NarrowOop [48]=Oop [56]=Oop }
                      ;*invokevirtual getResource {reexecute=0 rethrow=0 return_oop=0}
                      ; - jdk.internal.loader.URLClassPath::getResource@53 (line 319)
                      ; - java.net.URLClassLoader$1::run@26 (line 424)
  0x000001eb401c89c8: 34df 88ff | ba66 ffff | ff44 8b44 | 242c 4489 | 4424 2844 | 8954 242c | 4889 4c24 | 4066 6690 
  0x000001eb401c89e8: ;   {runtime_call UncommonTrapBlob}
  0x000001eb401c89e8: c5f8 77e8 

  0x000001eb401c89ec: ; ImmutableOopMap {rbp=NarrowOop [40]=NarrowOop [48]=Oop [64]=Oop [80]=Oop }
                      ;*invokevirtual getEntry {reexecute=0 rethrow=0 return_oop=0}
                      ; - java.util.jar.JarFile::getJarEntry@2 (line 472)
                      ; - jdk.internal.loader.URLClassPath$JarLoader::getResource@22 (line 954)
                      ; - jdk.internal.loader.URLClassPath::getResource@53 (line 319)
                      ; - java.net.URLClassLoader$1::run@26 (line 424)
  0x000001eb401c89ec: 10df 88ff | bade ffff | ff48 8b6c | 2450 4889 | 7c24 284c | 8b54 2440 | 4c89 5424 | 3044 895c 
  0x000001eb401c8a0c: 2438 4889 | 7c24 4044 | 896c 243c | 895c 2448 

  0x000001eb401c8a1c: ;   {runtime_call UncommonTrapBlob}
  0x000001eb401c8a1c: c5f8 77e8 

  0x000001eb401c8a20: ; ImmutableOopMap {rbp=Oop [40]=Oop [60]=NarrowOop [64]=Oop [72]=NarrowOop }
                      ;*invokevirtual getCodeSourceURL {reexecute=0 rethrow=0 return_oop=0}
                      ; - java.net.URLClassLoader::defineClass@13 (line 487)
                      ; - java.net.URLClassLoader$1::run@43 (line 427)
  0x000001eb401c8a20: dcde 88ff | bade ffff | ff48 8b6c | 2450 4889 | 7c24 2048 | 8b4c 2440 | 4889 4c24 | 3044 8954 
  0x000001eb401c8a40: 2438 4c89 | 4424 4844 | 896c 243c | 895c 2450 | 4489 4c24 | 5444 895c | 2458 6690 

  0x000001eb401c8a5c: ;   {runtime_call UncommonTrapBlob}
  0x000001eb401c8a5c: c5f8 77e8 

  0x000001eb401c8a60: ; ImmutableOopMap {rbp=Oop [32]=Oop [56]=NarrowOop [60]=NarrowOop [72]=Oop [80]=NarrowOop [84]=NarrowOop [88]=NarrowOop [200]=Oop }
                      ;*invokeinterface ensureInitialization {reexecute=0 rethrow=0 return_oop=0}
                      ; - jdk.internal.loader.URLClassPath$JarLoader$2::getManifest@10 (line 883)
                      ; - java.net.URLClassLoader::defineClass@34 (line 491)
                      ; - java.net.URLClassLoader$1::run@43 (line 427)
  0x000001eb401c8a60: 9cde 88ff | 498b d04c | 8d84 24e0 | 0000 0090 

  0x000001eb401c8a70: ;   {runtime_call _complete_monitor_locking_Java}
  0x000001eb401c8a70: c5f8 77e8 

  0x000001eb401c8a74: ; ImmutableOopMap {rbp=NarrowOop [32]=Oop [48]=Oop [72]=Oop [80]=Oop [88]=NarrowOop [96]=Oop [104]=Oop [112]=NarrowOop [148]=NarrowOop [200]=Oop }
                      ;*synchronization entry
                      ; - java.util.jar.JarFile::ensureInitialization@-1 (line 1030)
                      ; - java.util.jar.JavaUtilJarAccessImpl::ensureInitialization@1 (line 72)
                      ; - jdk.internal.loader.URLClassPath$JarLoader$2::getManifest@10 (line 883)
                      ; - java.net.URLClassLoader::defineClass@34 (line 491)
                      ; - java.net.URLClassLoader$1::run@43 (line 427)
  0x000001eb401c8a74: 8858 93ff | e937 b8ff | ff4d 8bd3 | 498b ca48 | 8d94 24e0 | 0000 004d | 8bc7 c5f8 | 7749 ba10 
  0x000001eb401c8a94: 20d5 a1fb | 7f00 0041 | ffd2 6690 | e9d2 b8ff | ffba deff | ffff 4c8b | 5424 504c | 8954 2420 
  0x000001eb401c8ab4: 4c8b 5424 | 484c 8954 | 2428 4c8b | 5424 404c | 8954 2438 

  0x000001eb401c8ac8: ;   {runtime_call UncommonTrapBlob}
  0x000001eb401c8ac8: c5f8 77e8 

  0x000001eb401c8acc: ; ImmutableOopMap {rbp=NarrowOop [32]=Oop [40]=Oop [88]=NarrowOop [104]=Oop [112]=NarrowOop [148]=NarrowOop [200]=Oop }
                      ;*invokevirtual getManifest {reexecute=0 rethrow=0 return_oop=0}
                      ; - jdk.internal.loader.URLClassPath$JarLoader$2::getManifest@22 (line 884)
                      ; - java.net.URLClassLoader::defineClass@34 (line 491)
                      ; - java.net.URLClassLoader$1::run@43 (line 427)
  0x000001eb401c8acc: 30de 88ff | ba66 ffff | ff48 8b6c | 2450 4c8b | 5424 484c | 8954 2420 | 4c8b 5424 | 404c 8954 
  0x000001eb401c8aec: 2428 4c89 | 4424 4890 

  0x000001eb401c8af4: ;   {runtime_call UncommonTrapBlob}
  0x000001eb401c8af4: c5f8 77e8 

  0x000001eb401c8af8: ; ImmutableOopMap {rbp=Oop [32]=Oop [72]=Oop [104]=NarrowOop [148]=NarrowOop [152]=NarrowOop }
                      ;*invokevirtual getBytes {reexecute=0 rethrow=0 return_oop=0}
                      ; - java.net.URLClassLoader::defineClass@179 (line 519)
                      ; - java.net.URLClassLoader$1::run@43 (line 427)
  0x000001eb401c8af8: 04de 88ff | ba6e ffff | ff48 8b6c | 2450 4889 | 7c24 284c | 8b54 2440 | 4c89 5424 | 3089 7424 
  0x000001eb401c8b18: 3844 895c | 2440 4489 | 6c24 4489 | 5c24 4890 

  0x000001eb401c8b28: ;   {runtime_call UncommonTrapBlob}
  0x000001eb401c8b28: c5f8 77e8 

  0x000001eb401c8b2c: ; ImmutableOopMap {rbp=Oop [40]=Oop [56]=NarrowOop [68]=NarrowOop [72]=NarrowOop }
                      ;*iflt {reexecute=1 rethrow=0 return_oop=0}
                      ; - (reexecute) java.lang.StringLatin1::lastIndexOf@19 (line 294)
                      ; - java.lang.String::lastIndexOf@13 (line 2489)
                      ; - java.lang.String::lastIndexOf@8 (line 2451)
                      ; - java.net.URLClassLoader::defineClass@7 (line 486)
                      ; - java.net.URLClassLoader$1::run@43 (line 427)
  0x000001eb401c8b2c: d0dd 88ff | 4d63 cbe9 | f8b4 ffff | 4983 c2fe | 498b ca48 | 8bfa 4833 | c048 83f9 | 087f 1048 
  0x000001eb401c8b4c: ffc9 784f | 4889 04cf | 48ff c97d | f7eb 44c5 | fdef c0e9 | 0d00 0000 | c5fe 7f07 | c5fe 7f47 
  0x000001eb401c8b6c: 2048 83c7 | 4048 83e9 | 087d ed48 | 83c1 047c | 0cc5 fe7f | 0748 83c7 | 2048 83e9 | 0448 83c1 
  0x000001eb401c8b8c: 047e 1048 | ffc9 c5f9 | d607 4883 | c708 48ff | c97d f390 | e9cb b5ff | ff49 63c8 | e9e9 aeff 
  0x000001eb401c8bac: ffba ccff | ffff 488b | 6c24 5048 | 897c 2420 | 4c8b 5424 | 404c 8954 | 2430 4489 | 5c24 4444 
  0x000001eb401c8bcc: 896c 2448 | 895c 244c | 4c8b 5424 | 784c 8954 | 2458 6690 

  0x000001eb401c8be0: ;   {runtime_call UncommonTrapBlob}
  0x000001eb401c8be0: c5f8 77e8 

  0x000001eb401c8be4: ; ImmutableOopMap {rbp=Oop [32]=Oop [72]=NarrowOop [76]=NarrowOop [88]=Oop [96]=NarrowOop [100]=NarrowOop [112]=Oop [120]=Oop }
                      ;*newarray {reexecute=1 rethrow=0 return_oop=0}
                      ; - (reexecute) java.util.Arrays::copyOfRange@41 (line 3822)
                      ; - java.lang.StringLatin1::newString@16 (line 769)
                      ; - java.lang.String::substring@41 (line 2714)
                      ; - java.net.URLClassLoader::defineClass@28 (line 489)
                      ; - java.net.URLClassLoader$1::run@43 (line 427)
  0x000001eb401c8be4: 18dd 88ff | bacc ffff | ff48 8b6c | 2450 4c89 | 5c24 2048 | 8944 2430 | 4889 7c24 | 3844 894c 
  0x000001eb401c8c04: 2440 6690 

  0x000001eb401c8c08: ;   {runtime_call UncommonTrapBlob}
  0x000001eb401c8c08: c5f8 77e8 

  0x000001eb401c8c0c: ; ImmutableOopMap {rbp=Oop [32]=Oop [56]=Oop }
                      ;*invokestatic arraycopy {reexecute=0 rethrow=0 return_oop=0}
                      ; - java.lang.String::getBytes@22 (line 4459)
                      ; - java.lang.StringConcatHelper::prepend@21 (line 354)
                      ; - java.lang.StringConcatHelper::simpleConcat@71 (line 424)
                      ; - java.lang.String::concat@11 (line 2774)
                      ; - java.net.URLClassLoader$1::run@13 (line 423)
  0x000001eb401c8c0c: f0dc 88ff | bacc ffff | ff48 8b6c | 2450 4c89 | 5424 2048 | 897c 2430 | 8974 2438 

  0x000001eb401c8c28: ;   {runtime_call UncommonTrapBlob}
  0x000001eb401c8c28: c5f8 77e8 

  0x000001eb401c8c2c: ; ImmutableOopMap {rbp=Oop [32]=Oop [48]=Oop }
                      ;*invokestatic arraycopy {reexecute=0 rethrow=0 return_oop=0}
                      ; - java.lang.String::getBytes@22 (line 4459)
                      ; - java.lang.StringConcatHelper::prepend@21 (line 354)
                      ; - java.lang.StringConcatHelper::simpleConcat@81 (line 425)
                      ; - java.lang.String::concat@11 (line 2774)
                      ; - java.net.URLClassLoader$1::run@13 (line 423)
  0x000001eb401c8c2c: d0dc 88ff | ba76 ffff | ff89 4c24 | 284c 8954 | 2430 8974 | 243c 897c | 2440 6690 

  0x000001eb401c8c48: ;   {runtime_call UncommonTrapBlob}
  0x000001eb401c8c48: c5f8 77e8 

  0x000001eb401c8c4c: ; ImmutableOopMap {[40]=NarrowOop [48]=Oop [64]=NarrowOop [80]=Oop }
                      ;*if_icmpge {reexecute=1 rethrow=0 return_oop=0}
                      ; - (reexecute) java.lang.StringLatin1::replace@82 (line 317)
                      ; - java.lang.String::replace@18 (line 2808)
                      ; - java.net.URLClassLoader$1::run@8 (line 423)
  0x000001eb401c8c4c: b0dc 88ff | baf6 ffff | ff48 8b6c | 2450 4c8b | 5424 484c | 8954 2420 | 4889 7c24 | 284c 8b54 
  0x000001eb401c8c6c: 2440 4c89 | 5424 304c | 894c 2450 

  0x000001eb401c8c78: ;   {runtime_call UncommonTrapBlob}
  0x000001eb401c8c78: c5f8 77e8 

  0x000001eb401c8c7c: ; ImmutableOopMap {rbp=Oop [32]=Oop [40]=Oop [80]=Oop [104]=NarrowOop [112]=Oop [120]=Oop [148]=NarrowOop [152]=NarrowOop }
                      ;*invokevirtual get {reexecute=0 rethrow=0 return_oop=0}
                      ; - java.lang.ClassLoader::definePackage@47 (line 2101)
                      ; - java.lang.ClassLoader::getDefinedPackage@32 (line 2243)
                      ; - java.net.URLClassLoader::getAndVerifyPackage@2 (line 457)
                      ; - java.net.URLClassLoader::defineClass@46 (line 492)
                      ; - java.net.URLClassLoader$1::run@43 (line 427)
  0x000001eb401c8c7c: 80dc 88ff | ba76 ffff | ff48 8b6c | 2450 4c8b | 5424 484c | 8954 2420 | 4c8b 5424 | 384c 8954 
  0x000001eb401c8c9c: 2428 4c8b | 5424 404c | 8954 2430 | 448b 5424 | 6844 8954 | 2438 4c89 | 4c24 5048 | 8944 2458 
  0x000001eb401c8cbc: 4c89 4424 | 604c 8944 | 2468 4c89 | 4c24 7089 | 4c24 3c44 | 8b9c 2490 | 0000 0045 | 8bd3 4489 
  0x000001eb401c8cdc: 5424 7c90 

  0x000001eb401c8ce0: ;   {runtime_call UncommonTrapBlob}
  0x000001eb401c8ce0: c5f8 77e8 

  0x000001eb401c8ce4: ; ImmutableOopMap {rbp=Oop [32]=Oop [40]=Oop [56]=NarrowOop [60]=NarrowOop [80]=Oop [88]=Oop [96]=Oop [104]=Oop [112]=Oop [148]=NarrowOop [152]=NarrowOop [156]=NarrowOop }
                      ;*if_icmpge {reexecute=1 rethrow=0 return_oop=0}
                      ; - (reexecute) java.lang.StringLatin1::replace@19 (line 306)
                      ; - java.lang.String::replace@18 (line 2808)
                      ; - java.net.URLClassLoader::isSealed@9 (line 601)
                      ; - java.net.URLClassLoader::getAndVerifyPackage@68 (line 469)
                      ; - java.net.URLClassLoader::defineClass@46 (line 492)
                      ; - java.net.URLClassLoader$1::run@43 (line 427)
  0x000001eb401c8ce4: 18dc 88ff | ba45 ffff | ff48 8b6c | 2450 4c8b | 5424 484c | 8954 2420 | 4889 7c24 | 284c 8b54 
  0x000001eb401c8d04: 2440 4c89 | 5424 3044 | 8b5c 2468 | 4c89 4c24 | 504c 8944 | 2458 4489 | 5c24 3c4c | 894c 2460 
  0x000001eb401c8d24: 8974 2474 | 8974 2478 

  0x000001eb401c8d2c: ;   {runtime_call UncommonTrapBlob}
  0x000001eb401c8d2c: c5f8 77e8 

  0x000001eb401c8d30: ; ImmutableOopMap {rbp=Oop [32]=Oop [40]=Oop [60]=NarrowOop [80]=Oop [88]=Oop [96]=Oop [116]=NarrowOop [120]=NarrowOop [128]=NarrowOop [148]=NarrowOop }
                      ;*ifeq {reexecute=1 rethrow=0 return_oop=0}
                      ; - (reexecute) java.lang.ClassLoader::definePackage@4 (line 2096)
                      ; - java.lang.ClassLoader::getDefinedPackage@32 (line 2243)
                      ; - java.net.URLClassLoader::getAndVerifyPackage@2 (line 457)
                      ; - java.net.URLClassLoader::defineClass@46 (line 492)
                      ; - java.net.URLClassLoader$1::run@43 (line 427)
  0x000001eb401c8d30: ccdb 88ff | bade ffff | ff48 8b6c | 2450 4c8b | 5424 484c | 8954 2420 | 4c8b 5424 | 384c 8954 
  0x000001eb401c8d50: 2428 4c8b | 5424 404c | 8954 2430 | 448b 5424 | 6844 8954 | 2438 4c8b | 5424 784c | 8954 2450 
  0x000001eb401c8d70: 4c8b 5424 | 704c 8954 | 2460 4c89 | 5424 6848 | 8944 2478 

  0x000001eb401c8d84: ;   {runtime_call UncommonTrapBlob}
  0x000001eb401c8d84: c5f8 77e8 

  0x000001eb401c8d88: ; ImmutableOopMap {rbp=Oop [32]=Oop [40]=Oop [56]=NarrowOop [80]=Oop [96]=Oop [104]=Oop [120]=Oop [128]=Oop [148]=NarrowOop [152]=NarrowOop [156]=NarrowOop }
                      ;*invokeinterface getTrustedAttributes {reexecute=0 rethrow=0 return_oop=0}
                      ; - java.net.URLClassLoader::isSealed@18 (line 601)
                      ; - java.net.URLClassLoader::getAndVerifyPackage@68 (line 469)
                      ; - java.net.URLClassLoader::defineClass@46 (line 492)
                      ; - java.net.URLClassLoader$1::run@43 (line 427)
  0x000001eb401c8d88: 74db 88ff | 41bb 0100 | 0000 e957 | c0ff ff45 | 85d2 400f | 95c5 400f | b6ed 83f5 | 01ba 45ff 
  0x000001eb401c8da8: ffff 897c | 2428 6690 

  0x000001eb401c8db0: ;   {runtime_call UncommonTrapBlob}
  0x000001eb401c8db0: c5f8 77e8 

  0x000001eb401c8db4: ; ImmutableOopMap {[40]=NarrowOop [80]=Oop }
                      ;*ifeq {reexecute=1 rethrow=0 return_oop=0}
                      ; - (reexecute) java.lang.String::replace@9 (line 2808)
                      ; - java.net.URLClassLoader$1::run@8 (line 423)
  0x000001eb401c8db4: 48db 88ff | 85c9 400f | 95c5 400f | b6ed 83f5 | 01ba 45ff | ffff 4889 | 7c24 3048 | 8944 2438 
  0x000001eb401c8dd4: 4489 6c24 | 4089 5c24 | 4844 8954 | 244c 6690 

  0x000001eb401c8de4: ;   {runtime_call UncommonTrapBlob}
  0x000001eb401c8de4: c5f8 77e8 

  0x000001eb401c8de8: ; ImmutableOopMap {[48]=Oop [64]=NarrowOop [72]=NarrowOop [80]=Oop }
                      ;*ifeq {reexecute=1 rethrow=0 return_oop=0}
                      ; - (reexecute) java.lang.String::lastIndexOf@4 (line 2489)
                      ; - java.lang.String::lastIndexOf@8 (line 2451)
                      ; - java.net.URLClassLoader::defineClass@7 (line 486)
                      ; - java.net.URLClassLoader$1::run@43 (line 427)
  0x000001eb401c8de8: 14db 88ff | ba45 ffff | ff48 8b6c | 2450 4889 | 7c24 204c | 8944 2428 | 4c8b 4424 | 404c 8944 
  0x000001eb401c8e08: 2430 4489 | 5424 3844 | 895c 2440 | 4489 5c24 | 4444 896c | 2448 895c | 2450 4489 | 4c24 5890 
  0x000001eb401c8e28: ;   {runtime_call UncommonTrapBlob}
  0x000001eb401c8e28: c5f8 77e8 

  0x000001eb401c8e2c: ; ImmutableOopMap {rbp=Oop [32]=Oop [40]=Oop [56]=NarrowOop [72]=NarrowOop [80]=NarrowOop }
                      ;*if_icmpgt {reexecute=1 rethrow=0 return_oop=0}
                      ; - (reexecute) java.lang.String::checkBoundsBeginEnd@6 (line 4605)
                      ; - java.lang.String::substring@8 (line 2709)
                      ; - java.net.URLClassLoader::defineClass@28 (line 489)
                      ; - java.net.URLClassLoader$1::run@43 (line 427)
  0x000001eb401c8e2c: d0da 88ff | ba76 ffff | ff89 4c24 | 2889 7424 | 2c4c 8954 | 2430 897c | 243c 6690 

  0x000001eb401c8e48: ;   {runtime_call UncommonTrapBlob}
  0x000001eb401c8e48: c5f8 77e8 

  0x000001eb401c8e4c: ; ImmutableOopMap {[40]=NarrowOop [48]=Oop [60]=NarrowOop [80]=Oop }
                      ;*if_icmpge {reexecute=1 rethrow=0 return_oop=0}
                      ; - (reexecute) java.lang.StringLatin1::replace@61 (line 314)
                      ; - java.lang.String::replace@18 (line 2808)
                      ; - java.net.URLClassLoader$1::run@8 (line 423)
  0x000001eb401c8e4c: b0da 88ff | 41b9 0100 | 0000 e9ee | a9ff ffba | 45ff ffff | 488b 6c24 | 5048 8b44 | 2448 4889 
  0x000001eb401c8e6c: 4424 2048 | 897c 2428 | 488b 7c24 | 4048 897c | 2430 4c89 | 4c24 504c | 8944 2458 | 4489 5c24 
  0x000001eb401c8e8c: 3c4c 894c | 2460 8974 | 2478 8974 | 247c 4489 | 9424 8000 | 0000 898c | 2488 0000 | 0089 9c24 
  0x000001eb401c8eac: 8c00 0000 

  0x000001eb401c8eb0: ;   {runtime_call UncommonTrapBlob}
  0x000001eb401c8eb0: c5f8 77e8 

  0x000001eb401c8eb4: ; ImmutableOopMap {rbp=Oop [32]=Oop [40]=Oop [60]=NarrowOop [80]=Oop [88]=Oop [96]=Oop [120]=NarrowOop [124]=NarrowOop [128]=NarrowOop [148]=NarrowOop }
                      ;*ifle {reexecute=1 rethrow=0 return_oop=0}
                      ; - (reexecute) java.util.concurrent.ConcurrentHashMap::get@23 (line 937)
                      ; - java.lang.ClassLoader::getDefinedPackage@13 (line 2239)
                      ; - java.net.URLClassLoader::getAndVerifyPackage@2 (line 457)
                      ; - java.net.URLClassLoader::defineClass@46 (line 492)
                      ; - java.net.URLClassLoader$1::run@43 (line 427)
  0x000001eb401c8eb4: 48da 88ff | ba45 ffff | ff48 8b6c | 2450 4889 | 7c24 204c | 8944 2428 | 4c8b 4424 | 404c 8944 
  0x000001eb401c8ed4: 2430 4489 | 5424 3c44 | 895c 2440 | 4489 6c24 | 4489 5c24 | 4866 6690 

  0x000001eb401c8eec: ;   {runtime_call UncommonTrapBlob}
  0x000001eb401c8eec: c5f8 77e8 

  0x000001eb401c8ef0: ; ImmutableOopMap {rbp=Oop [32]=Oop [40]=Oop [60]=NarrowOop [68]=NarrowOop [72]=NarrowOop }
                      ;*if_icmpeq {reexecute=1 rethrow=0 return_oop=0}
                      ; - (reexecute) java.net.URLClassLoader::defineClass@21 (line 488)
                      ; - java.net.URLClassLoader$1::run@43 (line 427)
  0x000001eb401c8ef0: 0cda 88ff | ba45 ffff | ff48 8b6c | 2450 4889 | 7c24 204c | 8944 2428 | 4c8b 4424 | 404c 8944 
  0x000001eb401c8f10: 2430 4489 | 5424 3844 | 895c 2440 | 4489 5c24 | 4444 896c | 2448 895c | 2450 4489 | 4c24 5844 
  0x000001eb401c8f30: 894c 245c 

  0x000001eb401c8f34: ;   {runtime_call UncommonTrapBlob}
  0x000001eb401c8f34: c5f8 77e8 

  0x000001eb401c8f38: ; ImmutableOopMap {rbp=Oop [32]=Oop [40]=Oop [56]=NarrowOop [72]=NarrowOop [80]=NarrowOop }
                      ;*if_icmple {reexecute=1 rethrow=0 return_oop=0}
                      ; - (reexecute) java.lang.String::checkBoundsBeginEnd@11 (line 4605)
                      ; - java.lang.String::substring@8 (line 2709)
                      ; - java.net.URLClassLoader::defineClass@28 (line 489)
                      ; - java.net.URLClassLoader$1::run@43 (line 427)
  0x000001eb401c8f38: c4d9 88ff | ba45 ffff | ff4c 8b54 | 2450 4c89 | 5424 204c | 8b54 2448 | 4c89 5424 | 284c 8b54 
  0x000001eb401c8f58: 2468 4c89 | 5424 304c | 8b54 2440 | 4c89 5424 | 3844 8b54 | 2458 4489 | 5424 4444 | 8944 2460 
  0x000001eb401c8f78: 4489 4424 | 6466 6690 

  0x000001eb401c8f80: ;   {runtime_call UncommonTrapBlob}
  0x000001eb401c8f80: c5f8 77e8 

  0x000001eb401c8f84: ; ImmutableOopMap {rbp=NarrowOop [32]=Oop [40]=Oop [48]=Oop [68]=NarrowOop [96]=NarrowOop [100]=NarrowOop [112]=NarrowOop [148]=NarrowOop [200]=Oop }
                      ;*ifnull {reexecute=1 rethrow=0 return_oop=0}
                      ; - (reexecute) java.util.jar.JarFile::maybeInstantiateVerifier@4 (line 713)
                      ; - java.util.jar.JarFile::ensureInitialization@1 (line 1030)
                      ; - java.util.jar.JavaUtilJarAccessImpl::ensureInitialization@1 (line 72)
                      ; - jdk.internal.loader.URLClassPath$JarLoader$2::getManifest@10 (line 883)
                      ; - java.net.URLClassLoader::defineClass@34 (line 491)
                      ; - java.net.URLClassLoader$1::run@43 (line 427)
  0x000001eb401c8f84: 78d9 88ff | ba45 ffff | ff48 8b6c | 2450 4c8b | 5424 484c | 8954 2420 | 4c8b 5424 | 404c 8954 
  0x000001eb401c8fa4: 2428 4889 | 4424 5090 

  0x000001eb401c8fac: ;   {runtime_call UncommonTrapBlob}
  0x000001eb401c8fac: c5f8 77e8 

  0x000001eb401c8fb0: ; ImmutableOopMap {rbp=Oop [32]=Oop [56]=Oop [80]=Oop [104]=NarrowOop [148]=NarrowOop [152]=NarrowOop }
                      ;*ifnull {reexecute=1 rethrow=0 return_oop=0}
                      ; - (reexecute) java.net.URLClassLoader::defineClass@139 (line 512)
                      ; - java.net.URLClassLoader$1::run@43 (line 427)
  0x000001eb401c8fb0: 4cd9 88ff | ba76 ffff | ff4c 8b54 | 2450 4c89 | 5424 204c | 8b54 2448 | 4c89 5424 | 284c 8b54 
  0x000001eb401c8fd0: 2438 4c89 | 5424 304c | 8b54 2440 | 4c89 5424 | 3844 8b54 | 2468 4489 | 5424 404c | 8b54 2470 
  0x000001eb401c8ff0: 4c89 5424 | 504c 8b94 | 2480 0000 | 004c 8954 | 2460 448b | 9424 8800 | 0000 4489 | 5424 444c 
  0x000001eb401c9010: 8984 2488 | 0000 0090 

  0x000001eb401c9018: ;   {runtime_call UncommonTrapBlob}
  0x000001eb401c9018: c5f8 77e8 

  0x000001eb401c901c: ; ImmutableOopMap {[32]=Oop [40]=Oop [48]=Oop [64]=NarrowOop [68]=NarrowOop [80]=Oop [96]=Oop [120]=Oop [136]=Oop [148]=NarrowOop [152]=NarrowOop [156]=NarrowOop }
                      ;*if_icmpge {reexecute=1 rethrow=0 return_oop=0}
                      ; - (reexecute) java.lang.StringLatin1::replace@82 (line 317)
                      ; - java.lang.String::replace@18 (line 2808)
                      ; - java.net.URLClassLoader::isSealed@9 (line 601)
                      ; - java.net.URLClassLoader::getAndVerifyPackage@68 (line 469)
                      ; - java.net.URLClassLoader::defineClass@46 (line 492)
                      ; - java.net.URLClassLoader$1::run@43 (line 427)
  0x000001eb401c901c: e0d8 88ff | 498b d7c5 | f877 49ba | 604d 94a1 | fb7f 0000 | 41ff d2e9 | c2df ffff | ba45 ffff 
  0x000001eb401c903c: ff48 8b6c | 2450 4c89 | 5c24 2048 | 8944 2428 | 4489 4c24 | 3066 6690 

  0x000001eb401c9054: ;   {runtime_call UncommonTrapBlob}
  0x000001eb401c9054: c5f8 77e8 

  0x000001eb401c9058: ; ImmutableOopMap {rbp=Oop [32]=Oop }
                      ;*iflt {reexecute=1 rethrow=0 return_oop=0}
                      ; - (reexecute) java.lang.StringConcatHelper::checkOverflow@2 (line 54)
                      ; - java.lang.StringConcatHelper::mix@23 (line 138)
                      ; - java.lang.StringConcatHelper::simpleConcat@46 (line 419)
                      ; - java.lang.String::concat@11 (line 2774)
                      ; - java.net.URLClassLoader$1::run@13 (line 423)
  0x000001eb401c9058: a4d8 88ff | ba45 ffff | ff4c 895c | 2428 4489 | 4424 3090 

  0x000001eb401c906c: ;   {runtime_call UncommonTrapBlob}
  0x000001eb401c906c: c5f8 77e8 

  0x000001eb401c9070: ; ImmutableOopMap {[40]=Oop [80]=Oop }
                      ;*iflt {reexecute=1 rethrow=0 return_oop=0}
                      ; - (reexecute) java.lang.StringConcatHelper::checkOverflow@2 (line 54)
                      ; - java.lang.StringConcatHelper::mix@23 (line 138)
                      ; - java.lang.StringConcatHelper::simpleConcat@54 (line 420)
                      ; - java.lang.String::concat@11 (line 2774)
                      ; - java.net.URLClassLoader$1::run@13 (line 423)
  0x000001eb401c9070: 8cd8 88ff | ba45 ffff | ff48 8b6c | 2450 4c89 | 5c24 2848 | 897c 2430 | 4489 7424 | 3866 6690 
  0x000001eb401c9090: ;   {runtime_call UncommonTrapBlob}
  0x000001eb401c9090: c5f8 77e8 

  0x000001eb401c9094: ; ImmutableOopMap {rbp=Oop [40]=Oop [48]=Oop }
                      ;*if_icmpne {reexecute=1 rethrow=0 return_oop=0}
                      ; - (reexecute) java.lang.String::getBytes@5 (line 4458)
                      ; - java.lang.StringConcatHelper::prepend@21 (line 354)
                      ; - java.lang.StringConcatHelper::simpleConcat@81 (line 425)
                      ; - java.lang.String::concat@11 (line 2774)
                      ; - java.net.URLClassLoader$1::run@13 (line 423)
  0x000001eb401c9094: 68d8 88ff | ba45 ffff | ff48 8b6c | 2450 4c89 | 5c24 2048 | 8944 2428 | 4489 7424 | 3066 6690 
  0x000001eb401c90b4: ;   {runtime_call UncommonTrapBlob}
  0x000001eb401c90b4: c5f8 77e8 

  0x000001eb401c90b8: ; ImmutableOopMap {rbp=Oop [32]=Oop }
                      ;*if_icmpne {reexecute=1 rethrow=0 return_oop=0}
                      ; - (reexecute) java.lang.StringConcatHelper::mix@13 (line 135)
                      ; - java.lang.StringConcatHelper::simpleConcat@46 (line 419)
                      ; - java.lang.String::concat@11 (line 2774)
                      ; - java.net.URLClassLoader$1::run@13 (line 423)
  0x000001eb401c90b8: 44d8 88ff | ba45 ffff | ff4c 895c | 2428 4489 | 4424 3490 

  0x000001eb401c90cc: ;   {runtime_call UncommonTrapBlob}
  0x000001eb401c90cc: c5f8 77e8 

  0x000001eb401c90d0: ; ImmutableOopMap {[40]=Oop [80]=Oop }
                      ;*ifge {reexecute=1 rethrow=0 return_oop=0}
                      ; - (reexecute) java.lang.StringConcatHelper::newArray@13 (line 494)
                      ; - java.lang.StringConcatHelper::simpleConcat@61 (line 421)
                      ; - java.lang.String::concat@11 (line 2774)
                      ; - java.net.URLClassLoader$1::run@13 (line 423)
  0x000001eb401c90d0: 2cd8 88ff | 4d85 d240 | 0f95 c540 | 0fb6 edba | 45ff ffff | 4c8b 5424 | 504c 8954 | 2420 4c8b 
  0x000001eb401c90f0: 5424 484c | 8954 2428 | 4c8b 5424 | 384c 8954 | 2430 4c8b | 5424 404c | 8954 2438 | 448b 5c24 
  0x000001eb401c9110: 684c 8b54 | 2470 4c89 | 5424 504c | 8b54 2478 | 4c89 5424 | 5844 895c | 2444 4889 | 4424 7090 
  0x000001eb401c9130: ;   {runtime_call UncommonTrapBlob}
  0x000001eb401c9130: c5f8 77e8 

  0x000001eb401c9134: ; ImmutableOopMap {[32]=Oop [40]=Oop [48]=Oop [68]=NarrowOop [80]=Oop [88]=Oop [112]=Oop [148]=NarrowOop [152]=NarrowOop }
                      ;*ifne {reexecute=1 rethrow=0 return_oop=0}
                      ; - (reexecute) java.lang.Package::isSealed@7 (line 235)
                      ; - java.net.URLClassLoader::getAndVerifyPackage@14 (line 460)
                      ; - java.net.URLClassLoader::defineClass@46 (line 492)
                      ; - java.net.URLClassLoader$1::run@43 (line 427)
  0x000001eb401c9134: c8d7 88ff | 85c9 400f | 95c5 400f | b6ed 83f5 | 01ba 45ff | ffff 4c8b | 5424 504c | 8954 2420 
  0x000001eb401c9154: 4c8b 5424 | 484c 8954 | 2428 4c8b | 5424 384c | 8954 2430 | 4c8b 5424 | 404c 8954 | 2438 448b 
  0x000001eb401c9174: 5424 6844 | 8954 2440 | 4889 4424 | 604c 8944 | 2468 899c | 2484 0000 | 0066 6690 

  0x000001eb401c9190: ;   {runtime_call UncommonTrapBlob}
  0x000001eb401c9190: c5f8 77e8 

  0x000001eb401c9194: ; ImmutableOopMap {[32]=Oop [40]=Oop [48]=Oop [64]=NarrowOop [96]=Oop [104]=Oop [112]=Oop [120]=Oop [132]=NarrowOop [148]=NarrowOop [152]=NarrowOop }
                      ;*ifeq {reexecute=1 rethrow=0 return_oop=0}
                      ; - (reexecute) java.lang.String::replace@9 (line 2808)
                      ; - java.net.URLClassLoader::isSealed@9 (line 601)
                      ; - java.net.URLClassLoader::getAndVerifyPackage@68 (line 469)
                      ; - java.net.URLClassLoader::defineClass@46 (line 492)
                      ; - java.net.URLClassLoader$1::run@43 (line 427)
  0x000001eb401c9194: 68d7 88ff | ba45 ffff | ff48 8b6c | 2450 4c8b | 4424 484c | 8944 2420 | 4c8b 4424 | 384c 8944 
  0x000001eb401c91b4: 2428 4c8b | 4424 404c | 8944 2430 | 448b 4c24 | 684c 8b44 | 2478 4c89 | 4424 404c | 8b44 2470 
  0x000001eb401c91d4: 4c89 4424 | 4844 894c | 243c 448b | 8424 8000 | 0000 4489 | 4424 6844 | 8b8c 2498 | 0000 0044 
  0x000001eb401c91f4: 894c 247c | 4489 8c24 | 8000 0000 | 4489 9c24 | 8400 0000 | 4489 ac24 | 8c00 0000 | 4489 9424 
  0x000001eb401c9214: 9000 0000 

  0x000001eb401c9218: ;   {runtime_call UncommonTrapBlob}
  0x000001eb401c9218: c5f8 77e8 

  0x000001eb401c921c: ; ImmutableOopMap {rbp=Oop [32]=Oop [40]=Oop [60]=NarrowOop [64]=Oop [72]=Oop [104]=NarrowOop [124]=NarrowOop [128]=NarrowOop [132]=NarrowOop [148]=NarrowOop }
                      ;*ifle {reexecute=1 rethrow=0 return_oop=0}
                      ; - (reexecute) java.util.concurrent.ConcurrentHashMap::get@23 (line 937)
                      ; - java.lang.ClassLoader::definePackage@47 (line 2101)
                      ; - java.lang.ClassLoader::getDefinedPackage@32 (line 2243)
                      ; - java.net.URLClassLoader::getAndVerifyPackage@2 (line 457)
                      ; - java.net.URLClassLoader::defineClass@46 (line 492)
                      ; - java.net.URLClassLoader$1::run@43 (line 427)
  0x000001eb401c921c: e0d6 88ff | ba76 ffff | ff4c 8b54 | 2450 4c89 | 5424 204c | 8b54 2448 | 4c89 5424 | 284c 8b54 
  0x000001eb401c923c: 2438 4c89 | 5424 304c | 8b54 2440 | 4c89 5424 | 3844 8b54 | 2468 4489 | 5424 404c | 8b54 2470 
  0x000001eb401c925c: 4c89 5424 | 504c 8b94 | 2480 0000 | 004c 8954 | 2460 448b | 9c24 8800 | 0000 4489 | 5c24 4444 
  0x000001eb401c927c: 8b94 2490 | 0000 0044 | 8994 2480 | 0000 004c | 8984 2488 | 0000 0044 | 8b94 2498 | 0000 0044 
  0x000001eb401c929c: 8994 2490 | 0000 0090 

  0x000001eb401c92a4: ;   {runtime_call UncommonTrapBlob}
  0x000001eb401c92a4: c5f8 77e8 

  0x000001eb401c92a8: ; ImmutableOopMap {[32]=Oop [40]=Oop [48]=Oop [64]=NarrowOop [68]=NarrowOop [80]=Oop [96]=Oop [120]=Oop [136]=Oop [144]=NarrowOop [148]=NarrowOop [156]=NarrowOop }
                      ;*if_icmpge {reexecute=1 rethrow=0 return_oop=0}
                      ; - (reexecute) java.lang.StringLatin1::replace@61 (line 314)
                      ; - java.lang.String::replace@18 (line 2808)
                      ; - java.net.URLClassLoader::isSealed@9 (line 601)
                      ; - java.net.URLClassLoader::getAndVerifyPackage@68 (line 469)
                      ; - java.net.URLClassLoader::defineClass@46 (line 492)
                      ; - java.net.URLClassLoader$1::run@43 (line 427)
  0x000001eb401c92a8: 54d6 88ff | ba45 ffff | ff4c 8b54 | 2450 4c89 | 5424 204c | 8b54 2448 | 4c89 5424 | 284c 8b54 
  0x000001eb401c92c8: 2438 4c89 | 5424 304c | 8b54 2440 | 4c89 5424 | 3844 8b5c | 2468 4c8b | 5424 704c | 8954 2450 
  0x000001eb401c92e8: 4c8b 5424 | 784c 8954 | 2458 4489 | 5c24 4448 | 8944 2468 

  0x000001eb401c92fc: ;   {runtime_call UncommonTrapBlob}
  0x000001eb401c92fc: c5f8 77e8 

  0x000001eb401c9300: ; ImmutableOopMap {rbp=NarrowOop [32]=Oop [40]=Oop [48]=Oop [68]=NarrowOop [80]=Oop [88]=Oop [104]=Oop [148]=NarrowOop [152]=NarrowOop }
                      ;*ifnull {reexecute=1 rethrow=0 return_oop=0}
                      ; - (reexecute) java.lang.Package::isSealed@17 (line 235)
                      ; - java.net.URLClassLoader::getAndVerifyPackage@14 (line 460)
                      ; - java.net.URLClassLoader::defineClass@46 (line 492)
                      ; - java.net.URLClassLoader$1::run@43 (line 427)
  0x000001eb401c9300: fcd5 88ff | ba45 ffff | ff48 8b6c | 2450 4c8b | 5424 484c | 8954 2420 | 4c8b 5424 | 384c 8954 
  0x000001eb401c9320: 2428 4c8b | 5424 404c | 8954 2430 | 448b 5c24 | 6844 895c | 2438 4c89 | 4424 5848 | 8944 2460 
  0x000001eb401c9340: 4c89 4424 | 6866 6690 

  0x000001eb401c9348: ;   {runtime_call UncommonTrapBlob}
  0x000001eb401c9348: c5f8 77e8 

  0x000001eb401c934c: ; ImmutableOopMap {rbp=Oop [32]=Oop [40]=Oop [56]=NarrowOop [88]=Oop [96]=Oop [104]=Oop [120]=Oop [148]=NarrowOop [152]=NarrowOop }
                      ;*ifnull {reexecute=1 rethrow=0 return_oop=0}
                      ; - (reexecute) java.net.URLClassLoader::getAndVerifyPackage@62 (line 469)
                      ; - java.net.URLClassLoader::defineClass@46 (line 492)
                      ; - java.net.URLClassLoader$1::run@43 (line 427)
  0x000001eb401c934c: b0d5 88ff | ba45 ffff | ff4c 8b54 | 2450 4c89 | 5424 204c | 8b54 2448 | 4c89 5424 | 284c 8b54 
  0x000001eb401c936c: 2438 4c89 | 5424 304c | 8b54 2440 | 4c89 5424 | 3844 8b54 | 2468 4489 | 5424 4090 

  0x000001eb401c9388: ;   {runtime_call UncommonTrapBlob}
  0x000001eb401c9388: c5f8 77e8 

  0x000001eb401c938c: ; ImmutableOopMap {rbp=NarrowOop [32]=Oop [40]=Oop [48]=Oop [64]=NarrowOop [112]=Oop [120]=Oop [128]=Oop [148]=NarrowOop [152]=NarrowOop }
                      ;*ifnull {reexecute=1 rethrow=0 return_oop=0}
                      ; - (reexecute) java.net.URLClassLoader::isSealed@51 (line 607)
                      ; - java.net.URLClassLoader::getAndVerifyPackage@68 (line 469)
                      ; - java.net.URLClassLoader::defineClass@46 (line 492)
                      ; - java.net.URLClassLoader$1::run@43 (line 427)
  0x000001eb401c938c: 70d5 88ff | ba45 ffff | ff48 8b6c | 2450 4c8b | 5424 484c | 8954 2420 | 4c8b 5424 | 384c 8954 
  0x000001eb401c93ac: 2428 4c8b | 5424 404c | 8954 2430 | 8944 2464 

  0x000001eb401c93bc: ;   {runtime_call UncommonTrapBlob}
  0x000001eb401c93bc: c5f8 77e8 

  0x000001eb401c93c0: ; ImmutableOopMap {rbp=Oop [32]=Oop [40]=Oop [104]=NarrowOop [112]=Oop [120]=Oop [128]=Oop [148]=NarrowOop [152]=NarrowOop }
                      ;*ifeq {reexecute=1 rethrow=0 return_oop=0}
                      ; - (reexecute) java.net.URLClassLoader::getAndVerifyPackage@71 (line 469)
                      ; - java.net.URLClassLoader::defineClass@46 (line 492)
                      ; - java.net.URLClassLoader$1::run@43 (line 427)
  0x000001eb401c93c0: 3cd5 88ff | baf6 ffff | ff48 8b6c | 2450 4c8b | 5424 484c | 8954 2420 | 4c8b 5424 | 384c 8954 
  0x000001eb401c93e0: 2428 4c8b | 5424 404c | 8954 2430 | 4c89 4424 | 5089 5c24 | 3c4c 894c | 2460 6690 

  0x000001eb401c93fc: ;   {runtime_call UncommonTrapBlob}
  0x000001eb401c93fc: c5f8 77e8 

  0x000001eb401c9400: ; ImmutableOopMap {rbp=Oop [32]=Oop [40]=Oop [60]=NarrowOop [80]=Oop [96]=Oop [104]=NarrowOop [112]=Oop [148]=NarrowOop }
                      ;*invokevirtual compute {reexecute=0 rethrow=0 return_oop=0}
                      ; - java.lang.ClassLoader::definePackage@78 (line 2105)
                      ; - java.lang.ClassLoader::getDefinedPackage@32 (line 2243)
                      ; - java.net.URLClassLoader::getAndVerifyPackage@2 (line 457)
                      ; - java.net.URLClassLoader::defineClass@46 (line 492)
                      ; - java.net.URLClassLoader$1::run@43 (line 427)
  0x000001eb401c9400: fcd4 88ff | ba76 ffff | ff4c 8b54 | 2450 4c89 | 5424 204c | 8b54 2448 | 4c89 5424 | 2848 897c 
  0x000001eb401c9420: 2430 4c8b | 5424 404c | 8954 2438 | 448b 5424 | 70c5 fb11 | 5c24 6044 | 8954 2444 | 4489 9c24 
  0x000001eb401c9440: 8000 0000 | 899c 2488 | 0000 0044 | 8b94 2494 | 0000 0044 | 8994 2490 | 0000 0089 | b424 9400 
  0x000001eb401c9460: 0000 89b4 | 2498 0000 | 0066 6690 

  0x000001eb401c946c: ;   {runtime_call UncommonTrapBlob}
  0x000001eb401c946c: c5f8 77e8 

  0x000001eb401c9470: ; ImmutableOopMap {rbp=NarrowOop [32]=Oop [40]=Oop [48]=Oop [68]=NarrowOop [96]=Oop [128]=NarrowOop [144]=NarrowOop [148]=NarrowOop [152]=NarrowOop [200]=Oop }
                      ;*if_icmpge {reexecute=1 rethrow=0 return_oop=0}
                      ; - (reexecute) java.lang.StringLatin1::hashCode@13 (line 196)
                      ; - java.lang.String::hashCode@27 (line 2344)
                      ; - java.util.concurrent.ConcurrentHashMap::get@1 (line 936)
                      ; - java.lang.ClassLoader::getDefinedPackage@13 (line 2239)
                      ; - java.net.URLClassLoader::getAndVerifyPackage@2 (line 457)
                      ; - java.net.URLClassLoader::defineClass@46 (line 492)
                      ; - java.net.URLClassLoader$1::run@43 (line 427)
  0x000001eb401c9470: 8cd4 88ff | b901 0000 | 00e9 fac0 | ffff 4d8b | 5740 4d8b | 5f50 f083 | 4424 c000 | 8039 000f 
  0x000001eb401c9490: 8440 deff | ff44 8821 | 4d85 d275 | 2849 8bf9 | 498b d849 | 8bd7 c5f8 | 7749 ba40 | 4d94 a1fb 
  0x000001eb401c94b0: 7f00 0041 | ffd2 4c8b | c34c 8bcf | 0f1f 4000 | e910 deff | ff4b 894c | 13f8 4983 | c2f8 4d89 
  0x000001eb401c94d0: 5740 e9fe | ddff ffba | 45ff ffff | 488b 4c24 | 5048 894c | 2420 488b | 4c24 4848 | 894c 2428 
  0x000001eb401c94f0: 4889 7c24 | 304c 8b44 | 2440 4c89 | 4424 384c | 896c 2458 | c5fb 1144 | 2460 4489 | 7424 444c 
  0x000001eb401c9510: 896c 2468 | 448b 8424 | 9400 0000 | 4489 8424 | 8400 0000 | 89b4 2488 | 0000 0089 | b424 8c00 
  0x000001eb401c9530: 0000 c5fa | 118c 2490 | 0000 00c5 | fa11 9424 | 9400 0000 | 4c89 9c24 | 9800 0000 | 4489 9424 
  0x000001eb401c9550: a000 0000 

  0x000001eb401c9554: ;   {runtime_call UncommonTrapBlob}
  0x000001eb401c9554: c5f8 77e8 

  0x000001eb401c9558: ; ImmutableOopMap {[32]=Oop [40]=Oop [48]=Oop [68]=NarrowOop [88]=Oop [96]=Oop [104]=Oop [132]=NarrowOop [136]=NarrowOop [140]=NarrowOop [144]=NarrowOop [152]=Oop }
                      ;*if_icmpne {reexecute=1 rethrow=0 return_oop=0}
                      ; - (reexecute) java.lang.String::equals@33 (line 1830)
                      ; - java.util.concurrent.ConcurrentHashMap::get@73 (line 940)
                      ; - java.lang.ClassLoader::getDefinedPackage@13 (line 2239)
                      ; - java.net.URLClassLoader::getAndVerifyPackage@2 (line 457)
                      ; - java.net.URLClassLoader::defineClass@46 (line 492)
                      ; - java.net.URLClassLoader$1::run@43 (line 427)
  0x000001eb401c9558: a4d3 88ff | ba76 ffff | ff4c 8b54 | 2450 4c89 | 5424 204c | 8b54 2448 | 4c89 5424 | 2848 897c 
  0x000001eb401c9578: 2430 4c8b | 5424 404c | 8954 2438 | 448b 5c24 | 684c 894c | 2458 4c89 | 4424 6044 | 895c 2444 
  0x000001eb401c9598: 4c89 4c24 | 6844 8b9c | 2480 0000 | 0044 895c | 2470 894c | 2474 899c | 248c 0000 | 0066 6690 
  0x000001eb401c95b8: ;   {runtime_call UncommonTrapBlob}
  0x000001eb401c95b8: c5f8 77e8 

  0x000001eb401c95bc: ; ImmutableOopMap {rbp=NarrowOop [32]=Oop [40]=Oop [48]=Oop [68]=NarrowOop [88]=Oop [96]=Oop [104]=Oop [112]=NarrowOop [116]=NarrowOop [148]=NarrowOop [152]=NarrowOop }
                      ;*if_icmpge {reexecute=1 rethrow=0 return_oop=0}
                      ; - (reexecute) java.lang.StringLatin1::hashCode@13 (line 196)
                      ; - java.lang.String::hashCode@27 (line 2344)
                      ; - java.util.concurrent.ConcurrentHashMap::get@1 (line 936)
                      ; - java.lang.ClassLoader::definePackage@47 (line 2101)
                      ; - java.lang.ClassLoader::getDefinedPackage@32 (line 2243)
                      ; - java.net.URLClassLoader::getAndVerifyPackage@2 (line 457)
                      ; - java.net.URLClassLoader::defineClass@46 (line 492)
                      ; - java.net.URLClassLoader$1::run@43 (line 427)
  0x000001eb401c95bc: 40d3 88ff | ba01 0000 | 00e9 5fc1 | ffff ba45 | ffff ff48 | 8b5c 2450 | 4889 5c24 | 2048 8b5c 
  0x000001eb401c95dc: 2448 4889 | 5c24 2848 | 897c 2430 | 488b 5c24 | 4048 895c | 2438 4c89 | 4c24 584c | 8944 2460 
  0x000001eb401c95fc: 4489 5c24 | 444c 894c | 2468 89b4 | 2480 0000 | 0089 b424 | 8400 0000 | 4489 9424 | 8800 0000 
  0x000001eb401c961c: 898c 248c | 0000 0090 

  0x000001eb401c9624: ;   {runtime_call UncommonTrapBlob}
  0x000001eb401c9624: c5f8 77e8 

  0x000001eb401c9628: ; ImmutableOopMap {[32]=Oop [40]=Oop [48]=Oop [68]=NarrowOop [88]=Oop [96]=Oop [104]=Oop [128]=NarrowOop [132]=NarrowOop [136]=NarrowOop [148]=NarrowOop }
                      ;*ifge {reexecute=1 rethrow=0 return_oop=0}
                      ; - (reexecute) java.util.concurrent.ConcurrentHashMap::get@86 (line 943)
                      ; - java.lang.ClassLoader::getDefinedPackage@13 (line 2239)
                      ; - java.net.URLClassLoader::getAndVerifyPackage@2 (line 457)
                      ; - java.net.URLClassLoader::defineClass@46 (line 492)
                      ; - java.net.URLClassLoader$1::run@43 (line 427)
  0x000001eb401c9628: d4d2 88ff | ba45 ffff | ff4c 8b5c | 2450 4c89 | 5c24 204c | 8b5c 2448 | 4c89 5c24 | 284c 8b5c 
  0x000001eb401c9648: 2438 4c89 | 5c24 304c | 8b5c 2440 | 4c89 5c24 | 3844 8b44 | 2468 4c8b | 5c24 784c | 895c 2448 
  0x000001eb401c9668: 4c8b 5c24 | 704c 895c | 2450 4489 | 4424 4444 | 8b9c 2480 | 0000 0044 | 895c 2470 | 448b 8424 
  0x000001eb401c9688: 9800 0000 | 448b 9c24 | 9400 0000 | 4489 9c24 | 8800 0000 | 4489 8424 | 8c00 0000 | 4489 8424 
  0x000001eb401c96a8: 9000 0000 | c5fa 1184 | 2494 0000 | 0044 89ac | 2498 0000 | 004c 898c | 24a0 0000 | 0044 8994 
  0x000001eb401c96c8: 249c 0000 | 0066 6690 

  0x000001eb401c96d0: ;   {runtime_call UncommonTrapBlob}
  0x000001eb401c96d0: c5f8 77e8 

  0x000001eb401c96d4: ; ImmutableOopMap {[32]=Oop [40]=Oop [48]=Oop [68]=NarrowOop [72]=Oop [80]=Oop [112]=NarrowOop [136]=NarrowOop [140]=NarrowOop [144]=NarrowOop [148]=NarrowOop [160]=Oop }
                      ;*if_icmpne {reexecute=1 rethrow=0 return_oop=0}
                      ; - (reexecute) java.lang.String::equals@33 (line 1830)
                      ; - java.util.concurrent.ConcurrentHashMap::get@73 (line 940)
                      ; - java.lang.ClassLoader::definePackage@47 (line 2101)
                      ; - java.lang.ClassLoader::getDefinedPackage@32 (line 2243)
                      ; - java.net.URLClassLoader::getAndVerifyPackage@2 (line 457)
                      ; - java.net.URLClassLoader::defineClass@46 (line 492)
                      ; - java.net.URLClassLoader$1::run@43 (line 427)
  0x000001eb401c96d4: 28d2 88ff | 33ed eb02 | 8be8 ba45 | ffff ff4c | 8b54 2450 | 4c89 5424 | 204c 8b54 | 2448 4c89 
  0x000001eb401c96f4: 5424 284c | 894c 2430 | 4c8b 5424 | 404c 8954 | 2438 4c89 | 6c24 58c5 | fb11 4424 | 6044 8974 
  0x000001eb401c9714: 2444 4c89 | 6c24 6844 | 8984 2480 | 0000 0044 | 8984 2484 | 0000 00c5 | fb11 8c24 | 8800 0000 
  0x000001eb401c9734: c5fa 1194 | 2490 0000 | 0066 6690 

  0x000001eb401c9740: ;   {runtime_call UncommonTrapBlob}
  0x000001eb401c9740: c5f8 77e8 

  0x000001eb401c9744: ; ImmutableOopMap {[32]=Oop [40]=Oop [48]=Oop [68]=NarrowOop [88]=Oop [96]=Oop [104]=Oop [128]=NarrowOop [132]=NarrowOop [136]=Oop [148]=NarrowOop }
                      ;*ifeq {reexecute=1 rethrow=0 return_oop=0}
                      ; - (reexecute) java.util.concurrent.ConcurrentHashMap::get@152 (line 947)
                      ; - java.lang.ClassLoader::getDefinedPackage@13 (line 2239)
                      ; - java.net.URLClassLoader::getAndVerifyPackage@2 (line 457)
                      ; - java.net.URLClassLoader::defineClass@46 (line 492)
                      ; - java.net.URLClassLoader$1::run@43 (line 427)
  0x000001eb401c9744: b8d1 88ff | ba45 ffff | ff4c 8b54 | 2450 4c89 | 5424 204c | 8b54 2448 | 4c89 5424 | 284c 8b54 
  0x000001eb401c9764: 2438 4c89 | 5424 304c | 8b54 2440 | 4c89 5424 | 3844 8b54 | 2468 4489 | 5424 404c | 8b54 2478 
  0x000001eb401c9784: 4c89 5424 | 484c 8b54 | 2470 4c89 | 5424 5044 | 8b9c 2480 | 0000 0044 | 895c 2470 | 448b 9424 
  0x000001eb401c97a4: 9800 0000 | 4489 9424 | 8400 0000 | 4489 9424 | 8800 0000 | 4489 8424 | 8c00 0000 | 4489 ac24 
  0x000001eb401c97c4: 9000 0000 

  0x000001eb401c97c8: ;   {runtime_call UncommonTrapBlob}
  0x000001eb401c97c8: c5f8 77e8 

  0x000001eb401c97cc: ; ImmutableOopMap {[32]=Oop [40]=Oop [48]=Oop [64]=NarrowOop [72]=Oop [80]=Oop [112]=NarrowOop [132]=NarrowOop [136]=NarrowOop [140]=NarrowOop [148]=NarrowOop }
                      ;*ifge {reexecute=1 rethrow=0 return_oop=0}
                      ; - (reexecute) java.util.concurrent.ConcurrentHashMap::get@86 (line 943)
                      ; - java.lang.ClassLoader::definePackage@47 (line 2101)
                      ; - java.lang.ClassLoader::getDefinedPackage@32 (line 2243)
                      ; - java.net.URLClassLoader::getAndVerifyPackage@2 (line 457)
                      ; - java.net.URLClassLoader::defineClass@46 (line 492)
                      ; - java.net.URLClassLoader$1::run@43 (line 427)
  0x000001eb401c97cc: 30d1 88ff | ba4f 0000 | 004c 8b54 | 2450 4c89 | 5424 204c | 8b54 2448 | 4c89 5424 | 284c 8b54 
  0x000001eb401c97ec: 2468 4c89 | 5424 304c | 8b54 2440 | 4c89 5424 | 3844 8b5c | 2458 4489 | 5c24 4444 | 8b5c 245c 
  0x000001eb401c980c: 458b d344 | 8954 2458 

  0x000001eb401c9814: ;   {runtime_call UncommonTrapBlob}
  0x000001eb401c9814: c5f8 77e8 

  0x000001eb401c9818: ; ImmutableOopMap {[32]=Oop [40]=Oop [48]=Oop [68]=NarrowOop [88]=NarrowOop [92]=NarrowOop [112]=NarrowOop [120]=Oop [136]=Oop [148]=NarrowOop [200]=Oop }
                      ;*new {reexecute=0 rethrow=0 return_oop=0}
                      ; - java.util.jar.JarFile::getBytes@20 (line 803)
                      ; - java.util.jar.JarFile::getManifestFromReference@44 (line 419)
                      ; - java.util.jar.JarFile::getManifest@1 (line 406)
                      ; - jdk.internal.loader.URLClassPath$JarLoader$2::getManifest@22 (line 884)
                      ; - java.net.URLClassLoader::defineClass@34 (line 491)
                      ; - java.net.URLClassLoader$1::run@43 (line 427)
  0x000001eb401c9818: e4d0 88ff | bade ffff | ff4c 8b54 | 2448 4c89 | 5424 204c | 8b54 2468 | 4c89 5424 | 284c 8b54 
  0x000001eb401c9838: 2440 4c89 | 5424 3044 | 8b5c 2470 | 4489 5c24 | 384c 8b54 | 2478 4c89 | 5424 504c | 8b94 2488 
  0x000001eb401c9858: 0000 004c | 8954 2478 

  0x000001eb401c9860: ;   {runtime_call UncommonTrapBlob}
  0x000001eb401c9860: c5f8 77e8 

  0x000001eb401c9864: ; ImmutableOopMap {rbp=Oop [32]=Oop [40]=Oop [56]=NarrowOop [80]=Oop [88]=NarrowOop [92]=NarrowOop [120]=Oop [136]=Oop [148]=NarrowOop [200]=Oop [208]=Oop }
                      ;*invokevirtual getName {reexecute=0 rethrow=0 return_oop=0}
                      ; - java.util.jar.JarFile::getManifestFromReference@74 (line 422)
                      ; - java.util.jar.JarFile::getManifest@1 (line 406)
                      ; - jdk.internal.loader.URLClassPath$JarLoader$2::getManifest@22 (line 884)
                      ; - java.net.URLClassLoader::defineClass@34 (line 491)
                      ; - java.net.URLClassLoader$1::run@43 (line 427)
  0x000001eb401c9864: 98d0 88ff | 33ed eb02 | 8be8 ba45 | ffff ff4c | 8b54 2450 | 4c89 5424 | 204c 8b54 | 2448 4c89 
  0x000001eb401c9884: 5424 284c | 8b54 2438 | 4c89 5424 | 304c 8b54 | 2440 4c89 | 5424 3844 | 8b54 2468 | 4489 5424 
  0x000001eb401c98a4: 404c 8b54 | 2478 4c89 | 5424 484c | 8b54 2470 | 4c89 5424 | 5044 8b94 | 2480 0000 | 0044 8954 
  0x000001eb401c98c4: 2470 448b | 9c24 9800 | 0000 448b | 9424 9400 | 0000 4489 | 9424 8000 | 0000 4489 | 9c24 8400 
  0x000001eb401c98e4: 0000 4489 | 9c24 8800 | 0000 4c89 | 8424 9000 | 0000 4489 | ac24 8c00 | 0000 6690 

  0x000001eb401c9900: ;   {runtime_call UncommonTrapBlob}
  0x000001eb401c9900: c5f8 77e8 

  0x000001eb401c9904: ; ImmutableOopMap {[32]=Oop [40]=Oop [48]=Oop [64]=NarrowOop [72]=Oop [80]=Oop [112]=NarrowOop [128]=NarrowOop [132]=NarrowOop [136]=NarrowOop [144]=Oop }
                      ;*ifeq {reexecute=1 rethrow=0 return_oop=0}
                      ; - (reexecute) java.util.concurrent.ConcurrentHashMap::get@152 (line 947)
                      ; - java.lang.ClassLoader::definePackage@47 (line 2101)
                      ; - java.lang.ClassLoader::getDefinedPackage@32 (line 2243)
                      ; - java.net.URLClassLoader::getAndVerifyPackage@2 (line 457)
                      ; - java.net.URLClassLoader::defineClass@46 (line 492)
                      ; - java.net.URLClassLoader$1::run@43 (line 427)
  0x000001eb401c9904: f8cf 88ff | ba85 0100 | 0048 8b6c | 2450 4c8b | 5424 484c | 8954 2420 | 4c8b 5424 | 404c 8954 
  0x000001eb401c9924: 2430 448b | 5c24 5844 | 895c 243c | 448b 5c24 | 5c44 895c | 244c 4489 | 4c24 6490 

  0x000001eb401c9940: ;   {runtime_call UncommonTrapBlob}
  0x000001eb401c9940: c5f8 77e8 

  0x000001eb401c9944: ; ImmutableOopMap {rbp=Oop [32]=Oop [60]=NarrowOop [76]=NarrowOop [104]=Oop [112]=NarrowOop [120]=Oop [136]=Oop [148]=NarrowOop [200]=Oop }
                      ;*new {reexecute=0 rethrow=0 return_oop=0}
                      ; - java.util.jar.JarFile::getBytes@141 (line 822)
                      ; - java.util.jar.JarFile::getManifestFromReference@44 (line 419)
                      ; - java.util.jar.JarFile::getManifest@1 (line 406)
                      ; - jdk.internal.loader.URLClassPath$JarLoader$2::getManifest@22 (line 884)
                      ; - java.net.URLClassLoader::defineClass@34 (line 491)
                      ; - java.net.URLClassLoader$1::run@43 (line 427)
  0x000001eb401c9944: b8cf 88ff | 498b d7c5 | f877 49ba | 604d 94a1 | fb7f 0000 | 41ff d20f | 1f44 0000 | e9da d2ff 
  0x000001eb401c9964: ff49 8bd7 | c5f8 7749 | ba60 4d94 | a1fb 7f00 | 0041 ffd2 | e973 d2ff | ffba 45ff | ffff 4c8b 
  0x000001eb401c9984: 5c24 504c | 895c 2420 | 4c8b 5c24 | 484c 895c | 2428 4889 | 7c24 304c | 8b5c 2440 | 4c89 5c24 
  0x000001eb401c99a4: 384c 896c | 2458 c5fb | 1144 2460 | 4489 7424 | 444c 896c | 2468 448b | 9c24 9400 | 0000 4489 
  0x000001eb401c99c4: 9c24 8400 | 0000 89b4 | 2488 0000 | 0089 b424 | 8c00 0000 | 4889 8424 | 9000 0000 | c5fa 1194 
  0x000001eb401c99e4: 2498 0000 | 004c 8994 | 24a0 0000 | 0089 9c24 | 9c00 0000 

  0x000001eb401c99f8: ;   {runtime_call UncommonTrapBlob}
  0x000001eb401c99f8: c5f8 77e8 

  0x000001eb401c99fc: ; ImmutableOopMap {[32]=Oop [40]=Oop [48]=Oop [68]=NarrowOop [88]=Oop [96]=Oop [104]=Oop [132]=NarrowOop [136]=NarrowOop [140]=NarrowOop [144]=Oop [160]=Oop }
                      ;*if_icmpne {reexecute=1 rethrow=0 return_oop=0}
                      ; - (reexecute) java.lang.String::equals@33 (line 1830)
                      ; - java.util.concurrent.ConcurrentHashMap::get@149 (line 947)
                      ; - java.lang.ClassLoader::getDefinedPackage@13 (line 2239)
                      ; - java.net.URLClassLoader::getAndVerifyPackage@2 (line 457)
                      ; - java.net.URLClassLoader::defineClass@46 (line 492)
                      ; - java.net.URLClassLoader$1::run@43 (line 427)
  0x000001eb401c99fc: 00cf 88ff | bade ffff | ff4c 8b54 | 2448 4c89 | 5424 204c | 8b54 2440 | 4c89 5424 | 3044 8b54 
  0x000001eb401c9a1c: 2458 4489 | 5424 3c4c | 8944 2458 | 4c89 4c24 | 6066 6690 

  0x000001eb401c9a30: ;   {runtime_call UncommonTrapBlob}
  0x000001eb401c9a30: c5f8 77e8 

  0x000001eb401c9a34: ; ImmutableOopMap {rbp=Oop [32]=Oop [60]=NarrowOop [88]=Oop [96]=Oop [104]=Oop [112]=NarrowOop [120]=Oop [148]=NarrowOop [200]=Oop }
                      ;*invokevirtual close {reexecute=0 rethrow=0 return_oop=0}
                      ; - java.util.jar.JarFile::getManifestFromReference@152 (line 433)
                      ; - java.util.jar.JarFile::getManifest@1 (line 406)
                      ; - jdk.internal.loader.URLClassPath$JarLoader$2::getManifest@22 (line 884)
                      ; - java.net.URLClassLoader::defineClass@34 (line 491)
                      ; - java.net.URLClassLoader$1::run@43 (line 427)
  0x000001eb401c9a34: c8ce 88ff | ba45 ffff | ff4c 8b54 | 2450 4c89 | 5424 204c | 8b54 2448 | 4c89 5424 | 284c 8b54 
  0x000001eb401c9a54: 2440 4c89 | 5424 3844 | 8b5c 2458 | 4489 5c24 | 4444 8b5c | 245c 4489 | 5c24 5490 

  0x000001eb401c9a70: ;   {runtime_call UncommonTrapBlob}
  0x000001eb401c9a70: c5f8 77e8 

  0x000001eb401c9a74: ; ImmutableOopMap {[32]=Oop [40]=Oop [68]=NarrowOop [84]=NarrowOop [104]=Oop [112]=NarrowOop [120]=Oop [148]=NarrowOop [200]=Oop [208]=Oop }
                      ;*ifne {reexecute=1 rethrow=0 return_oop=0}
                      ; - (reexecute) java.util.jar.JarFile::getManifestFromReference@52 (line 420)
                      ; - java.util.jar.JarFile::getManifest@1 (line 406)
                      ; - jdk.internal.loader.URLClassPath$JarLoader$2::getManifest@22 (line 884)
                      ; - java.net.URLClassLoader::defineClass@34 (line 491)
                      ; - java.net.URLClassLoader$1::run@43 (line 427)
  0x000001eb401c9a74: 88ce 88ff | ba45 ffff | ff4c 8b54 | 2448 4c89 | 5424 204c | 8b54 2440 | 4c89 5424 | 3044 8b5c 
  0x000001eb401c9a94: 2458 4489 | 5c24 3c44 | 8b5c 245c | 4489 5c24 | 4c89 4424 | 6066 6690 

  0x000001eb401c9aac: ;   {runtime_call UncommonTrapBlob}
  0x000001eb401c9aac: c5f8 77e8 

  0x000001eb401c9ab0: ; ImmutableOopMap {rbp=Oop [32]=Oop [60]=NarrowOop [76]=NarrowOop [104]=Oop [112]=NarrowOop [120]=Oop [148]=NarrowOop [200]=Oop [208]=Oop }
                      ;*if_icmpne {reexecute=1 rethrow=0 return_oop=0}
                      ; - (reexecute) java.util.jar.JarFile::getManifestFromReference@65 (line 421)
                      ; - java.util.jar.JarFile::getManifest@1 (line 406)
                      ; - jdk.internal.loader.URLClassPath$JarLoader$2::getManifest@22 (line 884)
                      ; - java.net.URLClassLoader::defineClass@34 (line 491)
                      ; - java.net.URLClassLoader$1::run@43 (line 427)
  0x000001eb401c9ab0: 4cce 88ff | 498b d766 | 0f1f 8400 | 0000 0000 | c5f8 7749 | ba60 4d94 | a1fb 7f00 | 0041 ffd2 
  0x000001eb401c9ad0: e945 cfff | ff49 8bd7 | 0f1f 8400 | 0000 0000 | c5f8 7749 | ba60 4d94 | a1fb 7f00 | 0041 ffd2 
  0x000001eb401c9af0: e9c9 cfff | ff49 8bd7 | 0f1f 8400 | 0000 0000 | c5f8 7749 | ba60 4d94 | a1fb 7f00 | 0041 ffd2 
  0x000001eb401c9b10: e99c ccff | ff49 8bd7 | 0f1f 8400 | 0000 0000 | c5f8 7749 | ba60 4d94 | a1fb 7f00 | 0041 ffd2 
  0x000001eb401c9b30: e9f6 c9ff | ff49 8bd7 | 0f1f 8400 | 0000 0000 | c5f8 7749 | ba60 4d94 | a1fb 7f00 | 0041 ffd2 
  0x000001eb401c9b50: e9a2 ccff | ff49 8bd7 | 0f1f 8400 | 0000 0000 | c5f8 7749 | ba60 4d94 | a1fb 7f00 | 0041 ffd2 
  0x000001eb401c9b70: e9f6 caff | ff49 8bd7 | 0f1f 8400 | 0000 0000 | c5f8 7749 | ba60 4d94 | a1fb 7f00 | 0041 ffd2 
  0x000001eb401c9b90: e976 cbff | ff49 8bd7 | 0f1f 8400 | 0000 0000 | c5f8 7749 | ba60 4d94 | a1fb 7f00 | 0041 ffd2 
  0x000001eb401c9bb0: e9d6 c8ff | ff49 8bd7 | 0f1f 8400 | 0000 0000 | c5f8 7749 | ba60 4d94 | a1fb 7f00 | 0041 ffd2 
  0x000001eb401c9bd0: e956 c7ff | ff49 8bd7 | 0f1f 8400 | 0000 0000 | c5f8 7749 | ba60 4d94 | a1fb 7f00 | 0041 ffd2 
  0x000001eb401c9bf0: e9d6 c5ff | ff49 8bd7 | 0f1f 8400 | 0000 0000 | c5f8 7749 | ba60 4d94 | a1fb 7f00 | 0041 ffd2 
  0x000001eb401c9c10: e956 c4ff | ff49 8bd7 | 0f1f 8400 | 0000 0000 | c5f8 7749 | ba60 4d94 | a1fb 7f00 | 0041 ffd2 
  0x000001eb401c9c30: e949 c2ff | ff49 8bd7 | 0f1f 8400 | 0000 0000 | c5f8 7749 | ba60 4d94 | a1fb 7f00 | 0041 ffd2 
  0x000001eb401c9c50: e9bf c3ff | ff49 8bd7 | 0f1f 8400 | 0000 0000 | c5f8 7749 | ba60 4d94 | a1fb 7f00 | 0041 ffd2 
  0x000001eb401c9c70: e9a9 c2ff | ff49 8bd7 | 0f1f 8400 | 0000 0000 | c5f8 7749 | ba60 4d94 | a1fb 7f00 | 0041 ffd2 
  0x000001eb401c9c90: e936 c3ff | ff49 8bd7 | 0f1f 8400 | 0000 0000 | c5f8 7749 | ba60 4d94 | a1fb 7f00 | 0041 ffd2 
  0x000001eb401c9cb0: e97a ceff | ffba 45ff | ffff 4c8b | 5424 504c | 8954 2420 | 4c8b 5424 | 484c 8954 | 2428 4c8b 
  0x000001eb401c9cd0: 5424 384c | 8954 2430 | 4c8b 5424 | 404c 8954 | 2438 448b | 5c24 684c | 8b54 2470 | 4c89 5424 
  0x000001eb401c9cf0: 5048 894c | 2458 4489 | 5c24 4448 | 894c 2468 | 448b 9c24 | 8000 0000 | 4489 5c24 | 7044 8b94 
  0x000001eb401c9d10: 2498 0000 | 0044 8b9c | 2494 0000 | 0044 899c | 2488 0000 | 0044 8994 | 248c 0000 | 0044 8994 
  0x000001eb401c9d30: 2490 0000 | 004c 8984 | 2498 0000 | 0044 89ac | 2494 0000 | 004c 898c | 24a0 0000 | 0089 9c24 
  0x000001eb401c9d50: a800 0000 

  0x000001eb401c9d54: ;   {runtime_call UncommonTrapBlob}
  0x000001eb401c9d54: c5f8 77e8 

  0x000001eb401c9d58: ; ImmutableOopMap {[32]=Oop [40]=Oop [48]=Oop [68]=NarrowOop [80]=Oop [88]=Oop [104]=Oop [112]=NarrowOop [136]=NarrowOop [140]=NarrowOop [144]=NarrowOop [152]=Oop [160]=Oop }
                      ;*if_icmpne {reexecute=1 rethrow=0 return_oop=0}
                      ; - (reexecute) java.lang.String::equals@33 (line 1830)
                      ; - java.util.concurrent.ConcurrentHashMap::get@149 (line 947)
                      ; - java.lang.ClassLoader::definePackage@47 (line 2101)
                      ; - java.lang.ClassLoader::getDefinedPackage@32 (line 2243)
                      ; - java.net.URLClassLoader::getAndVerifyPackage@2 (line 457)
                      ; - java.net.URLClassLoader::defineClass@46 (line 492)
                      ; - java.net.URLClassLoader$1::run@43 (line 427)
  0x000001eb401c9d58: a4cb 88ff | baf6 ffff | ff48 8b6c | 2450 448b | 5424 2c44 | 8954 2420 | 448b 5c24 | 3844 895c 
  0x000001eb401c9d78: 2424 4889 | 4c24 3890 

  0x000001eb401c9d80: ;   {runtime_call UncommonTrapBlob}
  0x000001eb401c9d80: c5f8 77e8 

  0x000001eb401c9d84: ; ImmutableOopMap {rbp=Oop [32]=NarrowOop [48]=Oop [56]=Oop }
                      ;*invokevirtual getJarEntry {reexecute=0 rethrow=0 return_oop=0}
                      ; - jdk.internal.loader.URLClassPath$JarLoader::getResource@22 (line 954)
                      ; - jdk.internal.loader.URLClassPath::getResource@53 (line 319)
                      ; - java.net.URLClassLoader$1::run@26 (line 424)
  0x000001eb401c9d84: 78cb 88ff | 418b eb49 | 63cb e940 | bdff ff4c | 894c 2448 

  0x000001eb401c9d98: ;   {metadata('java/util/HashMap')}
  0x000001eb401c9d98: 498b e848 | ba68 5a0b | 4feb 0100 | 0066 6690 

  0x000001eb401c9da8: ;   {runtime_call _new_instance_Java}
  0x000001eb401c9da8: c5f8 77e8 

  0x000001eb401c9dac: ; ImmutableOopMap {rbp=Oop [32]=Oop [44]=NarrowOop [48]=Oop [72]=Oop [80]=Oop }
                      ;*new {reexecute=0 rethrow=0 return_oop=1}
                      ; - java.util.HashSet::<init>@5 (line 107)
                      ; - jdk.internal.loader.URLClassPath$JarLoader::getResource@51 (line 961)
                      ; - jdk.internal.loader.URLClassPath::getResource@53 (line 319)
                      ; - java.net.URLClassLoader$1::run@26 (line 424)
  0x000001eb401c9dac: 502d 93ff | 4c8b c54c | 8b4c 2448 | e9dd d4ff | ff49 8be8 

  0x000001eb401c9dc0: ;   {metadata('java/util/HashSet')}
  0x000001eb401c9dc0: 48ba 78cb | 114f eb01 | 0000 6690 

  0x000001eb401c9dcc: ;   {runtime_call _new_instance_Java}
  0x000001eb401c9dcc: c5f8 77e8 

  0x000001eb401c9dd0: ; ImmutableOopMap {rbp=Oop [32]=Oop [44]=NarrowOop [48]=Oop [80]=Oop }
                      ;*new {reexecute=0 rethrow=0 return_oop=1}
                      ; - jdk.internal.loader.URLClassPath$JarLoader::getResource@47 (line 961)
                      ; - jdk.internal.loader.URLClassPath::getResource@53 (line 319)
                      ; - java.net.URLClassLoader$1::run@26 (line 424)
  0x000001eb401c9dd0: 2c2d 93ff | 4c8b c5e9 | 72d4 ffff | 498b d790 | c5f8 7749 | ba60 4d94 | a1fb 7f00 | 0041 ffd2 
  0x000001eb401c9df0: e93f bbff | ff49 8bd7 | 0f1f 8400 | 0000 0000 | c5f8 7749 | ba60 4d94 | a1fb 7f00 | 0041 ffd2 
  0x000001eb401c9e10: e962 e4ff | ff49 8bd8 | 498b d70f | 1f44 0000 | c5f8 7749 | ba60 4d94 | a1fb 7f00 | 0041 ffd2 
  0x000001eb401c9e30: e9c8 e4ff | ffba 45ff | ffff 488b | 6c24 504c | 8b54 2448 | 4c89 5424 | 204c 8b54 | 2468 4c89 
  0x000001eb401c9e50: 5424 284c | 8b54 2440 | 4c89 5424 | 3044 8b54 | 2458 4489 | 5424 3c44 | 8b54 245c | 458b da44 
  0x000001eb401c9e70: 895c 2458 | 4889 4424 | 6066 6690 

  0x000001eb401c9e7c: ;   {runtime_call UncommonTrapBlob}
  0x000001eb401c9e7c: c5f8 77e8 

  0x000001eb401c9e80: ; ImmutableOopMap {rbp=Oop [32]=Oop [40]=Oop [60]=NarrowOop [88]=NarrowOop [92]=NarrowOop [96]=Oop [112]=NarrowOop [148]=NarrowOop [200]=Oop }
                      ;*ifnull {reexecute=1 rethrow=0 return_oop=0}
                      ; - (reexecute) java.util.jar.JarFile::maybeInstantiateVerifier@27 (line 723)
                      ; - java.util.jar.JarFile::ensureInitialization@1 (line 1030)
                      ; - java.util.jar.JavaUtilJarAccessImpl::ensureInitialization@1 (line 72)
                      ; - jdk.internal.loader.URLClassPath$JarLoader$2::getManifest@10 (line 883)
                      ; - java.net.URLClassLoader::defineClass@34 (line 491)
                      ; - java.net.URLClassLoader$1::run@43 (line 427)
  0x000001eb401c9e80: 7cca 88ff | ba45 ffff | ff4c 8b5c | 2450 4c89 | 5c24 2044 | 8b5c 242c | 4489 5c24 | 2844 8954 
  0x000001eb401c9ea0: 242c 4889 | 4c24 4048 | 895c 2448 | 8974 2450 

  0x000001eb401c9eb0: ;   {runtime_call UncommonTrapBlob}
  0x000001eb401c9eb0: c5f8 77e8 

  0x000001eb401c9eb4: ; ImmutableOopMap {rbp=NarrowOop [32]=Oop [40]=NarrowOop [48]=Oop [64]=Oop [72]=Oop [80]=NarrowOop }
                      ;*ifnull {reexecute=1 rethrow=0 return_oop=0}
                      ; - (reexecute) java.security.AccessController::checkContext@3 (line 725)
                      ; - java.security.AccessController::doPrivileged@6 (line 710)
                      ; - jdk.internal.loader.URLClassPath$JarLoader::ensureOpen@19 (line 761)
                      ; - jdk.internal.loader.URLClassPath$JarLoader::getResource@1 (line 950)
                      ; - jdk.internal.loader.URLClassPath::getResource@53 (line 319)
                      ; - java.net.URLClassLoader$1::run@26 (line 424)
  0x000001eb401c9eb4: 48ca 88ff | bade ffff | ff4c 8b54 | 2448 4c89 | 5424 204c | 8b54 2440 | 4c89 5424 | 3044 8b5c 
  0x000001eb401c9ed4: 2458 4489 | 5c24 3c48 | 8944 2458 

  0x000001eb401c9ee0: ;   {runtime_call UncommonTrapBlob}
  0x000001eb401c9ee0: c5f8 77e8 

  0x000001eb401c9ee4: ; ImmutableOopMap {rbp=Oop [32]=Oop [60]=NarrowOop [88]=Oop [104]=Oop [112]=NarrowOop [120]=Oop [148]=NarrowOop [200]=Oop }
                      ;*checkcast {reexecute=0 rethrow=0 return_oop=0}
                      ; - java.util.jar.JarFile::getManEntry@28 (line 943)
                      ; - java.util.jar.JarFile::getManifestFromReference@27 (line 414)
                      ; - java.util.jar.JarFile::getManifest@1 (line 406)
                      ; - jdk.internal.loader.URLClassPath$JarLoader$2::getManifest@22 (line 884)
                      ; - java.net.URLClassLoader::defineClass@34 (line 491)
                      ; - java.net.URLClassLoader$1::run@43 (line 427)
  0x000001eb401c9ee4: 18ca 88ff | 498b f849 | 8bd7 c5f8 | 7749 ba60 | 4d94 a1fb | 7f00 0041 | ffd2 6690 | e9a9 e5ff 
  0x000001eb401c9f04: ffba deff | ffff 4c8b | 5424 504c | 8954 2420 | 4c8b 5424 | 484c 8954 | 2428 4889 | 7c24 304c 
  0x000001eb401c9f24: 8b54 2440 | 4c89 5424 | 384c 894c | 2458 4c89 | 4424 6044 | 895c 2444 | 4c89 4c24 | 6889 7424 
  0x000001eb401c9f44: 7889 7424 | 7c66 6690 

  0x000001eb401c9f4c: ;   {runtime_call UncommonTrapBlob}
  0x000001eb401c9f4c: c5f8 77e8 

  0x000001eb401c9f50: ; ImmutableOopMap {rbp=NarrowOop [32]=Oop [40]=Oop [48]=Oop [68]=NarrowOop [88]=Oop [96]=Oop [104]=Oop [120]=NarrowOop [124]=NarrowOop [148]=NarrowOop }
                      ;*checkcast {reexecute=0 rethrow=0 return_oop=0}
                      ; - java.lang.ClassLoader::getDefinedPackage@16 (line 2239)
                      ; - java.net.URLClassLoader::getAndVerifyPackage@2 (line 457)
                      ; - java.net.URLClassLoader::defineClass@46 (line 492)
                      ; - java.net.URLClassLoader$1::run@43 (line 427)
  0x000001eb401c9f50: acc9 88ff | bade ffff | ff48 8b6c | 2450 4c8b | 5424 484c | 8954 2420 | 4c8b 5424 | 384c 8954 
  0x000001eb401c9f70: 2428 4c8b | 5424 404c | 8954 2430 | 448b 5c24 | 684c 8b54 | 2478 4c89 | 5424 404c | 8b54 2470 
  0x000001eb401c9f90: 4c89 5424 | 4844 895c | 243c 448b | 9c24 9800 | 0000 4489 | 5c24 6848 | 8944 2470 

  0x000001eb401c9fac: ;   {runtime_call UncommonTrapBlob}
  0x000001eb401c9fac: c5f8 77e8 

  0x000001eb401c9fb0: ; ImmutableOopMap {rbp=Oop [32]=Oop [40]=Oop [60]=NarrowOop [64]=Oop [72]=Oop [104]=NarrowOop [112]=Oop [148]=NarrowOop [152]=NarrowOop }
                      ;*checkcast {reexecute=0 rethrow=0 return_oop=0}
                      ; - java.lang.ClassLoader::definePackage@81 (line 2105)
                      ; - java.lang.ClassLoader::getDefinedPackage@32 (line 2243)
                      ; - java.net.URLClassLoader::getAndVerifyPackage@2 (line 457)
                      ; - java.net.URLClassLoader::defineClass@46 (line 492)
                      ; - java.net.URLClassLoader$1::run@43 (line 427)
  0x000001eb401c9fb0: 4cc9 88ff | bade ffff | ff48 8b6c | 2450 448b | 5c24 2c44 | 895c 2420 | 448b 5424 | 4044 8954 
  0x000001eb401c9fd0: 2424 4889 | 4424 4090 

  0x000001eb401c9fd8: ;   {runtime_call UncommonTrapBlob}
  0x000001eb401c9fd8: c5f8 77e8 

  0x000001eb401c9fdc: ; ImmutableOopMap {rbp=Oop [32]=NarrowOop [48]=Oop [64]=Oop [72]=Oop }
                      ;*checkcast {reexecute=0 rethrow=0 return_oop=0}
                      ; - java.util.jar.JarFile::getJarEntry@5 (line 472)
                      ; - jdk.internal.loader.URLClassPath$JarLoader::getResource@22 (line 954)
                      ; - jdk.internal.loader.URLClassPath::getResource@53 (line 319)
                      ; - java.net.URLClassLoader$1::run@26 (line 424)
  0x000001eb401c9fdc: 20c9 88ff | bade ffff | ff48 8b6c | 2450 4c8b | 5424 484c | 8954 2420 | 4c8b 5424 | 384c 8954 
  0x000001eb401c9ffc: 2428 4c8b | 5424 404c | 8954 2430 | 448b 5c24 | 684c 8b54 | 2470 4c89 | 5424 4848 | 894c 2450 
  0x000001eb401ca01c: 4489 5c24 | 3c48 894c | 2460 448b | 9424 8000 | 0000 4489 | 5424 6844 | 8b9c 2498 | 0000 0044 
  0x000001eb401ca03c: 8b94 2494 | 0000 0044 | 8994 2480 | 0000 0044 | 899c 2484 | 0000 0044 | 899c 2488 | 0000 004c 
  0x000001eb401ca05c: 8984 2490 | 0000 0044 | 89ac 248c | 0000 0044 | 898c 249c | 0000 0090 

  0x000001eb401ca074: ;   {runtime_call UncommonTrapBlob}
  0x000001eb401ca074: c5f8 77e8 

  0x000001eb401ca078: ; ImmutableOopMap {rbp=Oop [32]=Oop [40]=Oop [60]=NarrowOop [72]=Oop [80]=Oop [96]=Oop [104]=NarrowOop [128]=NarrowOop [132]=NarrowOop [136]=NarrowOop [144]=Oop [156]=NarrowOop }
                      ;*instanceof {reexecute=0 rethrow=0 return_oop=0}
                      ; - java.lang.String::equals@8 (line 1832)
                      ; - java.util.concurrent.ConcurrentHashMap::get@149 (line 947)
                      ; - java.lang.ClassLoader::definePackage@47 (line 2101)
                      ; - java.lang.ClassLoader::getDefinedPackage@32 (line 2243)
                      ; - java.net.URLClassLoader::getAndVerifyPackage@2 (line 457)
                      ; - java.net.URLClassLoader::defineClass@46 (line 492)
                      ; - java.net.URLClassLoader$1::run@43 (line 427)
  0x000001eb401ca078: 84c8 88ff | bade ffff | ff48 8b6c | 2450 4c8b | 5424 484c | 8954 2420 | 4889 7c24 | 284c 8b54 
  0x000001eb401ca098: 2440 4c89 | 5424 304c | 896c 2450 | c5fb 1144 | 2458 4489 | 7424 3c4c | 896c 2460 | 448b 9c24 
  0x000001eb401ca0b8: 9400 0000 | 4489 5c24 | 7c89 b424 | 8000 0000 | 89b4 2484 | 0000 0048 | 8984 2488 | 0000 00c5 
  0x000001eb401ca0d8: fa11 9424 | 9000 0000 | 899c 2498 | 0000 0090 

  0x000001eb401ca0e8: ;   {runtime_call UncommonTrapBlob}
  0x000001eb401ca0e8: c5f8 77e8 

  0x000001eb401ca0ec: ; ImmutableOopMap {rbp=Oop [32]=Oop [40]=Oop [60]=NarrowOop [80]=Oop [88]=Oop [96]=Oop [124]=NarrowOop [128]=NarrowOop [132]=NarrowOop [136]=Oop [152]=NarrowOop }
                      ;*instanceof {reexecute=0 rethrow=0 return_oop=0}
                      ; - java.lang.String::equals@8 (line 1832)
                      ; - java.util.concurrent.ConcurrentHashMap::get@149 (line 947)
                      ; - java.lang.ClassLoader::getDefinedPackage@13 (line 2239)
                      ; - java.net.URLClassLoader::getAndVerifyPackage@2 (line 457)
                      ; - java.net.URLClassLoader::defineClass@46 (line 492)
                      ; - java.net.URLClassLoader$1::run@43 (line 427)
  0x000001eb401ca0ec: 10c8 88ff | bade ffff | ff48 8b6c | 2450 4c8b | 5424 484c | 8954 2420 | 4889 7c24 | 284c 8b54 
  0x000001eb401ca10c: 2440 4c89 | 5424 304c | 896c 2450 | c5fb 1144 | 2458 4489 | 7424 3c4c | 896c 2460 | 448b 9c24 
  0x000001eb401ca12c: 9400 0000 | 4489 5c24 | 7c89 b424 | 8000 0000 | 89b4 2484 | 0000 00c5 | fa11 8c24 | 8800 0000 
  0x000001eb401ca14c: 898c 248c | 0000 0089 | 9c24 9400 | 0000 6690 

  0x000001eb401ca15c: ;   {runtime_call UncommonTrapBlob}
  0x000001eb401ca15c: c5f8 77e8 

  0x000001eb401ca160: ; ImmutableOopMap {rbp=Oop [32]=Oop [40]=Oop [60]=NarrowOop [80]=Oop [88]=Oop [96]=Oop [124]=NarrowOop [128]=NarrowOop [132]=NarrowOop [136]=NarrowOop [148]=NarrowOop }
                      ;*instanceof {reexecute=0 rethrow=0 return_oop=0}
                      ; - java.lang.String::equals@8 (line 1832)
                      ; - java.util.concurrent.ConcurrentHashMap::get@73 (line 940)
                      ; - java.lang.ClassLoader::getDefinedPackage@13 (line 2239)
                      ; - java.net.URLClassLoader::getAndVerifyPackage@2 (line 457)
                      ; - java.net.URLClassLoader::defineClass@46 (line 492)
                      ; - java.net.URLClassLoader$1::run@43 (line 427)
  0x000001eb401ca160: 9cc7 88ff | bade ffff | ff48 8b6c | 2450 4c8b | 5424 484c | 8954 2420 | 4c8b 5424 | 384c 8954 
  0x000001eb401ca180: 2428 4c8b | 5424 404c | 8954 2430 | 448b 5c24 | 684c 8b54 | 2478 4c89 | 5424 404c | 8b54 2470 
  0x000001eb401ca1a0: 4c89 5424 | 4844 895c | 243c 448b | 9424 8000 | 0000 4489 | 5424 6844 | 8b9c 2498 | 0000 0044 
  0x000001eb401ca1c0: 8b94 2494 | 0000 0044 | 8994 2480 | 0000 0044 | 899c 2484 | 0000 0044 | 899c 2488 | 0000 0044 
  0x000001eb401ca1e0: 8984 248c | 0000 0044 | 89ac 2490 | 0000 0089 | 8c24 9800 | 0000 6690 

  0x000001eb401ca1f8: ;   {runtime_call UncommonTrapBlob}
  0x000001eb401ca1f8: c5f8 77e8 

  0x000001eb401ca1fc: ; ImmutableOopMap {rbp=Oop [32]=Oop [40]=Oop [60]=NarrowOop [64]=Oop [72]=Oop [104]=NarrowOop [128]=NarrowOop [132]=NarrowOop [136]=NarrowOop [140]=NarrowOop [152]=NarrowOop }
                      ;*instanceof {reexecute=0 rethrow=0 return_oop=0}
                      ; - java.lang.String::equals@8 (line 1832)
                      ; - java.util.concurrent.ConcurrentHashMap::get@73 (line 940)
                      ; - java.lang.ClassLoader::definePackage@47 (line 2101)
                      ; - java.lang.ClassLoader::getDefinedPackage@32 (line 2243)
                      ; - java.net.URLClassLoader::getAndVerifyPackage@2 (line 457)
                      ; - java.net.URLClassLoader::defineClass@46 (line 492)
                      ; - java.net.URLClassLoader$1::run@43 (line 427)
  0x000001eb401ca1fc: 00c7 88ff | bade ffff | ff4c 8b54 | 2450 4c89 | 5424 204c | 8b54 2448 | 4c89 5424 | 284c 8b54 
  0x000001eb401ca21c: 2438 4c89 | 5424 304c | 8b54 2440 | 4c89 5424 | 3844 8b5c | 2468 4c8b | 5424 784c | 8954 2448 
  0x000001eb401ca23c: 4c8b 5424 | 704c 8954 | 2450 4489 | 5c24 4444 | 8b9c 2480 | 0000 0044 | 895c 2470 | 448b 9424 
  0x000001eb401ca25c: 9800 0000 | 4489 5424 | 7c44 8994 | 2480 0000 | 0066 6690 

  0x000001eb401ca270: ;   {runtime_call UncommonTrapBlob}
  0x000001eb401ca270: c5f8 77e8 

  0x000001eb401ca274: ; ImmutableOopMap {rbp=NarrowOop [32]=Oop [40]=Oop [48]=Oop [68]=NarrowOop [72]=Oop [80]=Oop [112]=NarrowOop [124]=NarrowOop [128]=NarrowOop [148]=NarrowOop }
                      ;*checkcast {reexecute=0 rethrow=0 return_oop=0}
                      ; - java.lang.ClassLoader::definePackage@50 (line 2101)
                      ; - java.lang.ClassLoader::getDefinedPackage@32 (line 2243)
                      ; - java.net.URLClassLoader::getAndVerifyPackage@2 (line 457)
                      ; - java.net.URLClassLoader::defineClass@46 (line 492)
                      ; - java.net.URLClassLoader$1::run@43 (line 427)
  0x000001eb401ca274: 88c6 88ff | bade ffff | ff4c 8b54 | 2450 4c89 | 5424 204c | 8b54 2448 | 4c89 5424 | 284c 8b54 
  0x000001eb401ca294: 2440 4c89 | 5424 3844 | 8b5c 2458 | 4489 5c24 | 444c 8944 | 2458 6690 

  0x000001eb401ca2ac: ;   {runtime_call UncommonTrapBlob}
  0x000001eb401ca2ac: c5f8 77e8 

  0x000001eb401ca2b0: ; ImmutableOopMap {rbp=NarrowOop [32]=Oop [40]=Oop [68]=NarrowOop [88]=Oop [104]=Oop [112]=NarrowOop [148]=NarrowOop [200]=Oop }
                      ;*checkcast {reexecute=0 rethrow=0 return_oop=0}
                      ; - java.util.jar.JarFile::getManifestFromReference@14 (line 410)
                      ; - java.util.jar.JarFile::getManifest@1 (line 406)
                      ; - jdk.internal.loader.URLClassPath$JarLoader$2::getManifest@22 (line 884)
                      ; - java.net.URLClassLoader::defineClass@34 (line 491)
                      ; - java.net.URLClassLoader$1::run@43 (line 427)
  0x000001eb401ca2b0: 4cc6 88ff | baf6 ffff | ff48 8b6c | 2450 6690 

  0x000001eb401ca2c0: ;   {runtime_call UncommonTrapBlob}
  0x000001eb401ca2c0: c5f8 77e8 

  0x000001eb401ca2c4: ; ImmutableOopMap {rbp=Oop }
                      ;*invokevirtual replace {reexecute=0 rethrow=0 return_oop=0}
                      ; - java.net.URLClassLoader$1::run@8 (line 423)
  0x000001eb401ca2c4: 38c6 88ff | baf6 ffff | ff48 8b6c | 2450 6690 

  0x000001eb401ca2d4: ;   {runtime_call UncommonTrapBlob}
  0x000001eb401ca2d4: c5f8 77e8 

  0x000001eb401ca2d8: ; ImmutableOopMap {rbp=Oop }
                      ;*arraylength {reexecute=0 rethrow=0 return_oop=0}
                      ; - java.lang.StringLatin1::replace@8 (line 304)
                      ; - java.lang.String::replace@18 (line 2808)
                      ; - java.net.URLClassLoader$1::run@8 (line 423)
  0x000001eb401ca2d8: 24c6 88ff | baf6 ffff | ff48 8b6c | 2450 6690 

  0x000001eb401ca2e8: ;   {runtime_call UncommonTrapBlob}
  0x000001eb401ca2e8: c5f8 77e8 

  0x000001eb401ca2ec: ; ImmutableOopMap {rbp=Oop [48]=Oop }
                      ;*getfield ucp {reexecute=1 rethrow=0 return_oop=0}
                      ; - (reexecute) java.net.URLClassLoader$1::run@21 (line 424)
  0x000001eb401ca2ec: 10c6 88ff | baf6 ffff | ff48 8b6c | 2450 448b | 4424 2c44 | 8944 2420 | 448b 5424 | 4044 8954 
  0x000001eb401ca30c: 2424 4889 | 4424 4090 

  0x000001eb401ca314: ;   {runtime_call UncommonTrapBlob}
  0x000001eb401ca314: c5f8 77e8 

  0x000001eb401ca318: ; ImmutableOopMap {rbp=Oop [32]=NarrowOop [48]=Oop [64]=Oop [72]=Oop }
                      ;*invokevirtual isMultiRelease {reexecute=0 rethrow=0 return_oop=0}
                      ; - jdk.internal.loader.URLClassPath$JarLoader::checkResource@4 (line 855)
                      ; - jdk.internal.loader.URLClassPath$JarLoader::getResource@34 (line 956)
                      ; - jdk.internal.loader.URLClassPath::getResource@53 (line 319)
                      ; - java.net.URLClassLoader$1::run@26 (line 424)
  0x000001eb401ca318: e4c5 88ff | baf6 ffff | ff48 8b6c | 2450 4889 | 7c24 2844 | 896c 2438 

  0x000001eb401ca330: ;   {runtime_call UncommonTrapBlob}
  0x000001eb401ca330: c5f8 77e8 

  0x000001eb401ca334: ; ImmutableOopMap {rbp=Oop [40]=Oop [56]=NarrowOop }
                      ;*invokevirtual lastIndexOf {reexecute=0 rethrow=0 return_oop=0}
                      ; - java.net.URLClassLoader::defineClass@7 (line 486)
                      ; - java.net.URLClassLoader$1::run@43 (line 427)
  0x000001eb401ca334: c8c5 88ff | baf6 ffff | ff48 8b6c | 2450 4889 | 7c24 2844 | 896c 2438 | 895c 243c 

  0x000001eb401ca350: ;   {runtime_call UncommonTrapBlob}
  0x000001eb401ca350: c5f8 77e8 

  0x000001eb401ca354: ; ImmutableOopMap {rbp=Oop [40]=Oop [56]=NarrowOop [60]=NarrowOop }
                      ;*arraylength {reexecute=0 rethrow=0 return_oop=0}
                      ; - java.lang.String::length@4 (line 1481)
                      ; - java.lang.String::lastIndexOf@3 (line 2451)
                      ; - java.net.URLClassLoader::defineClass@7 (line 486)
                      ; - java.net.URLClassLoader$1::run@43 (line 427)
  0x000001eb401ca354: a8c5 88ff | baf6 ffff | ff48 8b6c | 2450 4889 | 7c24 204c | 8944 2428 | 4c8b 5424 | 404c 8954 
  0x000001eb401ca374: 2430 4489 | 5c24 3844 | 896c 243c | 895c 2440 

  0x000001eb401ca384: ;   {runtime_call UncommonTrapBlob}
  0x000001eb401ca384: c5f8 77e8 

  0x000001eb401ca388: ; ImmutableOopMap {rbp=Oop [32]=Oop [40]=Oop [60]=NarrowOop [64]=NarrowOop }
                      ;*getfield csu {reexecute=1 rethrow=0 return_oop=0}
                      ; - (reexecute) jdk.internal.loader.URLClassPath$JarLoader$2::getCodeSourceURL@4 (line 877)
                      ; - java.net.URLClassLoader::defineClass@13 (line 487)
                      ; - java.net.URLClassLoader$1::run@43 (line 427)
  0x000001eb401ca388: 74c5 88ff | baf6 ffff | ff48 8b6c | 2450 4889 | 7c24 204c | 8944 2428 | 4c8b 5c24 | 404c 895c 
  0x000001eb401ca3a8: 2430 4489 | 5424 3844 | 896c 243c | 895c 2448 

  0x000001eb401ca3b8: ;   {runtime_call UncommonTrapBlob}
  0x000001eb401ca3b8: c5f8 77e8 

  0x000001eb401ca3bc: ; ImmutableOopMap {rbp=Oop [32]=Oop [40]=Oop [56]=NarrowOop [60]=NarrowOop [72]=NarrowOop [200]=Oop }
                      ;*getfield jar {reexecute=1 rethrow=0 return_oop=0}
                      ; - (reexecute) jdk.internal.loader.URLClassPath$JarLoader$2::getManifest@7 (line 883)
                      ; - java.net.URLClassLoader::defineClass@34 (line 491)
                      ; - java.net.URLClassLoader$1::run@43 (line 427)
  0x000001eb401ca3bc: 40c5 88ff | baf6 ffff | ff48 8b6c | 2450 4c8b | 5424 484c | 8954 2420 | 4c8b 5424 | 404c 8954 
  0x000001eb401ca3dc: 2430 6690 

  0x000001eb401ca3e0: ;   {runtime_call UncommonTrapBlob}
  0x000001eb401ca3e0: c5f8 77e8 

  0x000001eb401ca3e4: ; ImmutableOopMap {rbp=Oop [32]=Oop [88]=NarrowOop [104]=Oop [112]=NarrowOop [148]=NarrowOop [200]=Oop }
                      ;*getfield jar {reexecute=1 rethrow=0 return_oop=0}
                      ; - (reexecute) jdk.internal.loader.URLClassPath$JarLoader$2::getManifest@19 (line 884)
                      ; - java.net.URLClassLoader::defineClass@34 (line 491)
                      ; - java.net.URLClassLoader$1::run@43 (line 427)
  0x000001eb401ca3e4: 18c5 88ff | baf6 ffff | ff48 8b6c | 2450 4c8b | 5424 484c | 8954 2420 | 4c8b 5424 | 404c 8954 
  0x000001eb401ca404: 2430 6690 

  0x000001eb401ca408: ;   {runtime_call UncommonTrapBlob}
  0x000001eb401ca408: c5f8 77e8 

  0x000001eb401ca40c: ; ImmutableOopMap {rbp=Oop [32]=Oop [88]=NarrowOop [104]=Oop [112]=NarrowOop [148]=NarrowOop [200]=Oop }
                      ;*invokevirtual getManifest {reexecute=0 rethrow=0 return_oop=0}
                      ; - jdk.internal.loader.URLClassPath$JarLoader$2::getManifest@22 (line 884)
                      ; - java.net.URLClassLoader::defineClass@34 (line 491)
                      ; - java.net.URLClassLoader$1::run@43 (line 427)
  0x000001eb401ca40c: f0c4 88ff | baf6 ffff | ff48 8b6c | 2450 6690 

  0x000001eb401ca41c: ;   {runtime_call UncommonTrapBlob}
  0x000001eb401ca41c: c5f8 77e8 

  0x000001eb401ca420: ; ImmutableOopMap {rbp=Oop [56]=Oop [72]=Oop [148]=NarrowOop [152]=NarrowOop }
                      ;*arraylength {reexecute=0 rethrow=0 return_oop=0}
                      ; - java.net.URLClassLoader::defineClass@217 (line 524)
                      ; - java.net.URLClassLoader$1::run@43 (line 427)
  0x000001eb401ca420: dcc4 88ff | baf6 ffff | ff48 8b6c | 2450 4c8b | 5424 484c | 8954 2420 | 4889 7c24 | 284c 8b54 
  0x000001eb401ca440: 2440 4c89 | 5424 3090 

  0x000001eb401ca448: ;   {runtime_call UncommonTrapBlob}
  0x000001eb401ca448: c5f8 77e8 

  0x000001eb401ca44c: ; ImmutableOopMap {rbp=Oop [32]=Oop [40]=Oop [104]=NarrowOop [112]=Oop [120]=Oop [148]=NarrowOop [152]=NarrowOop }
                      ;*arraylength {reexecute=0 rethrow=0 return_oop=0}
                      ; - java.lang.String::isEmpty@4 (line 1494)
                      ; - java.lang.ClassLoader::definePackage@1 (line 2096)
                      ; - java.lang.ClassLoader::getDefinedPackage@32 (line 2243)
                      ; - java.net.URLClassLoader::getAndVerifyPackage@2 (line 457)
                      ; - java.net.URLClassLoader::defineClass@46 (line 492)
                      ; - java.net.URLClassLoader$1::run@43 (line 427)
  0x000001eb401ca44c: b0c4 88ff | baf6 ffff | ff48 8b6c | 2450 4c8b | 5424 484c | 8954 2420 | 4c8b 5424 | 384c 8954 
  0x000001eb401ca46c: 2428 4c8b | 5424 404c | 8954 2430 

  0x000001eb401ca478: ;   {runtime_call UncommonTrapBlob}
  0x000001eb401ca478: c5f8 77e8 

  0x000001eb401ca47c: ; ImmutableOopMap {rbp=Oop [32]=Oop [40]=Oop [104]=NarrowOop [112]=Oop [120]=Oop [148]=NarrowOop [152]=NarrowOop }
                      ;*invokevirtual isNamed {reexecute=0 rethrow=0 return_oop=0}
                      ; - java.lang.Package::isSealed@4 (line 235)
                      ; - java.net.URLClassLoader::getAndVerifyPackage@14 (line 460)
                      ; - java.net.URLClassLoader::defineClass@46 (line 492)
                      ; - java.net.URLClassLoader$1::run@43 (line 427)
  0x000001eb401ca47c: 80c4 88ff | baf6 ffff | ff48 8b6c | 2450 4c8b | 5424 484c | 8954 2420 | 4c8b 5424 | 384c 8954 
  0x000001eb401ca49c: 2428 4c8b | 5424 404c | 8954 2430 

  0x000001eb401ca4a8: ;   {runtime_call UncommonTrapBlob}
  0x000001eb401ca4a8: c5f8 77e8 

  0x000001eb401ca4ac: ; ImmutableOopMap {rbp=Oop [32]=Oop [40]=Oop [104]=NarrowOop [112]=Oop [120]=Oop [148]=NarrowOop [152]=NarrowOop }
                      ;*getfield sealBase {reexecute=1 rethrow=0 return_oop=0}
                      ; - (reexecute) java.lang.Package::isSealed@14 (line 235)
                      ; - java.net.URLClassLoader::getAndVerifyPackage@14 (line 460)
                      ; - java.net.URLClassLoader::defineClass@46 (line 492)
                      ; - java.net.URLClassLoader$1::run@43 (line 427)
  0x000001eb401ca4ac: 50c4 88ff | baf6 ffff | ff48 8b6c | 2450 4c8b | 5424 484c | 8954 2420 | 4c8b 5424 | 384c 8954 
  0x000001eb401ca4cc: 2428 4c8b | 5424 404c | 8954 2430 

  0x000001eb401ca4d8: ;   {runtime_call UncommonTrapBlob}
  0x000001eb401ca4d8: c5f8 77e8 

  0x000001eb401ca4dc: ; ImmutableOopMap {rbp=Oop [32]=Oop [40]=Oop [104]=NarrowOop [112]=Oop [120]=Oop [148]=NarrowOop [152]=NarrowOop }
                      ;*arraylength {reexecute=0 rethrow=0 return_oop=0}
                      ; - java.lang.StringLatin1::replace@8 (line 304)
                      ; - java.lang.String::replace@18 (line 2808)
                      ; - java.net.URLClassLoader::isSealed@9 (line 601)
                      ; - java.net.URLClassLoader::getAndVerifyPackage@68 (line 469)
                      ; - java.net.URLClassLoader::defineClass@46 (line 492)
                      ; - java.net.URLClassLoader$1::run@43 (line 427)
  0x000001eb401ca4dc: 20c4 88ff | ba45 ffff | ff48 8b6c | 2450 4889 | 7c24 204c | 8b5c 2440 | 4c89 5c24 | 3044 8954 
  0x000001eb401ca4fc: 2438 4c89 | 4424 4844 | 896c 243c | 895c 2450 | 4489 4c24 | 5866 6690 

  0x000001eb401ca514: ;   {runtime_call UncommonTrapBlob}
  0x000001eb401ca514: c5f8 77e8 

  0x000001eb401ca518: ; ImmutableOopMap {rbp=Oop [32]=Oop [56]=NarrowOop [60]=NarrowOop [72]=Oop [80]=NarrowOop [88]=NarrowOop [200]=Oop }
                      ;*ifnonnull {reexecute=1 rethrow=0 return_oop=0}
                      ; - (reexecute) jdk.internal.access.SharedSecrets::javaUtilJarAccess@5 (line 104)
                      ; - jdk.internal.loader.URLClassPath$JarLoader$2::getManifest@0 (line 883)
                      ; - java.net.URLClassLoader::defineClass@34 (line 491)
                      ; - java.net.URLClassLoader$1::run@43 (line 427)
  0x000001eb401ca518: e4c3 88ff | ba45 ffff | ff4c 8b54 | 2450 4c89 | 5424 204c | 8b54 2448 | 4c89 5424 | 284c 8b54 
  0x000001eb401ca538: 2440 4c89 | 5424 3844 | 8b5c 2458 | 4489 5c24 | 444c 8944 | 2458 894c | 2454 6690 

  0x000001eb401ca554: ;   {runtime_call UncommonTrapBlob}
  0x000001eb401ca554: c5f8 77e8 

  0x000001eb401ca558: ; ImmutableOopMap {rbp=NarrowOop [32]=Oop [40]=Oop [68]=NarrowOop [84]=NarrowOop [88]=Oop [104]=Oop [112]=NarrowOop [148]=NarrowOop [200]=Oop }
                      ;*ifnull {reexecute=1 rethrow=0 return_oop=0}
                      ; - (reexecute) java.lang.ref.SoftReference::get@6 (line 113)
                      ; - java.util.jar.JarFile::getManifestFromReference@11 (line 410)
                      ; - java.util.jar.JarFile::getManifest@1 (line 406)
                      ; - jdk.internal.loader.URLClassPath$JarLoader$2::getManifest@22 (line 884)
                      ; - java.net.URLClassLoader::defineClass@34 (line 491)
                      ; - java.net.URLClassLoader$1::run@43 (line 427)
  0x000001eb401ca558: a4c3 88ff | ba45 ffff | ff48 8b6c | 2450 4c8b | 5424 484c | 8954 2420 | 4c8b 5424 | 384c 8954 
  0x000001eb401ca578: 2428 4c8b | 5424 404c | 8954 2430 | 448b 5424 | 6844 8954 | 2438 4c8b | 5424 784c | 8954 2450 
  0x000001eb401ca598: 4889 4424 | 584c 8954 | 2460 4c89 | 4424 6889 | 5c24 7890 

  0x000001eb401ca5ac: ;   {runtime_call UncommonTrapBlob}
  0x000001eb401ca5ac: c5f8 77e8 

  0x000001eb401ca5b0: ; ImmutableOopMap {rbp=Oop [32]=Oop [40]=Oop [56]=NarrowOop [80]=Oop [88]=Oop [96]=Oop [104]=Oop [120]=NarrowOop [148]=NarrowOop [152]=NarrowOop }
                      ;*ifnonnull {reexecute=1 rethrow=0 return_oop=0}
                      ; - (reexecute) jdk.internal.access.SharedSecrets::javaUtilJarAccess@5 (line 104)
                      ; - java.net.URLClassLoader::isSealed@0 (line 600)
                      ; - java.net.URLClassLoader::getAndVerifyPackage@68 (line 469)
                      ; - java.net.URLClassLoader::defineClass@46 (line 492)
                      ; - java.net.URLClassLoader$1::run@43 (line 427)
  0x000001eb401ca5b0: 4cc3 88ff | baf4 ffff | ff48 8b6c | 2450 4c8b | 5424 484c | 8954 2420 | 4c8b 5424 | 384c 8954 
  0x000001eb401ca5d0: 2428 4c8b | 5424 404c | 8954 2430 | 448b 5424 | 6844 8954 | 2438 4c8b | 5424 784c | 8954 2440 
  0x000001eb401ca5f0: 4c8b 5424 | 704c 8954 | 2448 448b | 9424 9800 | 0000 4489 | 5424 6890 

  0x000001eb401ca608: ;   {runtime_call UncommonTrapBlob}
  0x000001eb401ca608: c5f8 77e8 

  0x000001eb401ca60c: ; ImmutableOopMap {rbp=Oop [32]=Oop [40]=Oop [56]=NarrowOop [64]=Oop [72]=Oop [104]=NarrowOop [148]=NarrowOop [152]=NarrowOop }
                      ;*checkcast {reexecute=0 rethrow=0 return_oop=0}
                      ; - java.lang.ClassLoader::definePackage@81 (line 2105)
                      ; - java.lang.ClassLoader::getDefinedPackage@32 (line 2243)
                      ; - java.net.URLClassLoader::getAndVerifyPackage@2 (line 457)
                      ; - java.net.URLClassLoader::defineClass@46 (line 492)
                      ; - java.net.URLClassLoader$1::run@43 (line 427)
  0x000001eb401ca60c: f0c2 88ff | baf6 ffff | ff48 8b6c | 2450 4c8b | 5424 484c | 8954 2420 | 4889 7c24 | 284c 8b54 
  0x000001eb401ca62c: 2440 4c89 | 5424 304c | 8944 2448 

  0x000001eb401ca638: ;   {runtime_call UncommonTrapBlob}
  0x000001eb401ca638: c5f8 77e8 

  0x000001eb401ca63c: ; ImmutableOopMap {rbp=Oop [32]=Oop [40]=Oop [72]=Oop [88]=NarrowOop [112]=NarrowOop [148]=NarrowOop [200]=Oop }
                      ;*arraylength {reexecute=0 rethrow=0 return_oop=0}
                      ; - java.lang.StringLatin1::hashCode@5 (line 196)
                      ; - java.lang.String::hashCode@27 (line 2344)
                      ; - java.util.concurrent.ConcurrentHashMap::get@1 (line 936)
                      ; - java.lang.ClassLoader::getDefinedPackage@13 (line 2239)
                      ; - java.net.URLClassLoader::getAndVerifyPackage@2 (line 457)
                      ; - java.net.URLClassLoader::defineClass@46 (line 492)
                      ; - java.net.URLClassLoader$1::run@43 (line 427)
  0x000001eb401ca63c: c0c2 88ff | ba45 ffff | ff48 8b6c | 2450 488b | 4424 4848 | 8944 2420 | 4889 7c24 | 2848 8b7c 
  0x000001eb401ca65c: 2440 4889 | 7c24 304c | 894c 2450 | 4c89 4424 | 5844 895c | 243c 4c89 | 4c24 6089 | 7424 7889 
  0x000001eb401ca67c: 7424 7c44 | 8994 2480 | 0000 0089 | 8c24 8800 | 0000 899c | 248c 0000 | 0066 6690 

  0x000001eb401ca698: ;   {runtime_call UncommonTrapBlob}
  0x000001eb401ca698: c5f8 77e8 

  0x000001eb401ca69c: ; ImmutableOopMap {rbp=Oop [32]=Oop [40]=Oop [60]=NarrowOop [80]=Oop [88]=Oop [96]=Oop [120]=NarrowOop [124]=NarrowOop [128]=NarrowOop [140]=NarrowOop [148]=NarrowOop }
                      ;*ifnull {reexecute=1 rethrow=0 return_oop=0}
                      ; - (reexecute) java.util.concurrent.ConcurrentHashMap::get@67 (line 940)
                      ; - java.lang.ClassLoader::getDefinedPackage@13 (line 2239)
                      ; - java.net.URLClassLoader::getAndVerifyPackage@2 (line 457)
                      ; - java.net.URLClassLoader::defineClass@46 (line 492)
                      ; - java.net.URLClassLoader$1::run@43 (line 427)
  0x000001eb401ca69c: 60c2 88ff | ba45 ffff | ff48 8b6c | 2450 4c8b | 5424 484c | 8954 2420 | 4c8b 5424 | 384c 8954 
  0x000001eb401ca6bc: 2428 4c8b | 5424 404c | 8954 2430 | 448b 5424 | 6844 8954 | 2438 4c8b | 5424 784c | 8954 2440 
  0x000001eb401ca6dc: 4c8b 5424 | 704c 8954 | 2448 448b | 9424 8000 | 0000 4489 | 5424 6844 | 8b9c 2498 | 0000 0044 
  0x000001eb401ca6fc: 895c 247c | 4489 9c24 | 8000 0000 | 4489 8424 | 8400 0000 | 4489 ac24 | 8c00 0000 | 898c 2490 
  0x000001eb401ca71c: 0000 0090 

  0x000001eb401ca720: ;   {runtime_call UncommonTrapBlob}
  0x000001eb401ca720: c5f8 77e8 

  0x000001eb401ca724: ; ImmutableOopMap {rbp=Oop [32]=Oop [40]=Oop [56]=NarrowOop [64]=Oop [72]=Oop [104]=NarrowOop [124]=NarrowOop [128]=NarrowOop [132]=NarrowOop [144]=NarrowOop [148]=NarrowOop }
                      ;*ifnull {reexecute=1 rethrow=0 return_oop=0}
                      ; - (reexecute) java.util.concurrent.ConcurrentHashMap::get@67 (line 940)
                      ; - java.lang.ClassLoader::definePackage@47 (line 2101)
                      ; - java.lang.ClassLoader::getDefinedPackage@32 (line 2243)
                      ; - java.net.URLClassLoader::getAndVerifyPackage@2 (line 457)
                      ; - java.net.URLClassLoader::defineClass@46 (line 492)
                      ; - java.net.URLClassLoader$1::run@43 (line 427)
  0x000001eb401ca724: d8c1 88ff | ba45 ffff | ff48 8b6c | 2450 4c8b | 5424 484c | 8954 2420 | 4889 7c24 | 284c 8b54 
  0x000001eb401ca744: 2440 4c89 | 5424 304c | 894c 2450 | 4c89 4424 | 5844 895c | 243c 4c89 | 4c24 6089 | 7424 7889 
  0x000001eb401ca764: 7424 7c48 | 8984 2480 | 0000 0089 | 8c24 8c00 | 0000 899c | 2490 0000 | 0066 6690 

  0x000001eb401ca780: ;   {runtime_call UncommonTrapBlob}
  0x000001eb401ca780: c5f8 77e8 

  0x000001eb401ca784: ; ImmutableOopMap {rbp=Oop [32]=Oop [40]=Oop [60]=NarrowOop [80]=Oop [88]=Oop [96]=Oop [120]=NarrowOop [124]=NarrowOop [128]=Oop [144]=NarrowOop [148]=NarrowOop }
                      ;*ifnull {reexecute=1 rethrow=0 return_oop=0}
                      ; - (reexecute) java.util.concurrent.ConcurrentHashMap::get@143 (line 946)
                      ; - java.lang.ClassLoader::getDefinedPackage@13 (line 2239)
                      ; - java.net.URLClassLoader::getAndVerifyPackage@2 (line 457)
                      ; - java.net.URLClassLoader::defineClass@46 (line 492)
                      ; - java.net.URLClassLoader$1::run@43 (line 427)
  0x000001eb401ca784: 78c1 88ff | baf6 ffff | ff4c 8b54 | 2448 4c89 | 5424 204c | 8b54 2440 | 4c89 5424 | 3044 8b5c 
  0x000001eb401ca7a4: 2458 4489 | 5c24 3c44 | 8b5c 245c | 4489 5c24 | 4c66 6690 

  0x000001eb401ca7b8: ;   {runtime_call UncommonTrapBlob}
  0x000001eb401ca7b8: c5f8 77e8 

  0x000001eb401ca7bc: ; ImmutableOopMap {rbp=Oop [32]=Oop [60]=NarrowOop [76]=NarrowOop [104]=Oop [112]=NarrowOop [120]=Oop [136]=Oop [148]=NarrowOop [200]=Oop }
                      ;*arraylength {reexecute=0 rethrow=0 return_oop=0}
                      ; - java.util.jar.JarFile::getBytes@125 (line 819)
                      ; - java.util.jar.JarFile::getManifestFromReference@44 (line 419)
                      ; - java.util.jar.JarFile::getManifest@1 (line 406)
                      ; - jdk.internal.loader.URLClassPath$JarLoader$2::getManifest@22 (line 884)
                      ; - java.net.URLClassLoader::defineClass@34 (line 491)
                      ; - java.net.URLClassLoader$1::run@43 (line 427)
  0x000001eb401ca7bc: 40c1 88ff | ba45 ffff | ff48 8b6c | 2450 4c8b | 5424 484c | 8954 2420 | 4c8b 5424 | 384c 8954 
  0x000001eb401ca7dc: 2428 4c8b | 5424 404c | 8954 2430 | 448b 5424 | 6844 8954 | 2438 4c8b | 5424 784c | 8954 2440 
  0x000001eb401ca7fc: 4c8b 5424 | 704c 8954 | 2448 448b | 9424 8000 | 0000 4489 | 5424 6844 | 8b9c 2498 | 0000 0044 
  0x000001eb401ca81c: 8b94 2494 | 0000 0044 | 8954 2478 | 4489 5c24 | 7c44 899c | 2480 0000 | 004c 8984 | 2488 0000 
  0x000001eb401ca83c: 0044 89ac | 2490 0000 | 0044 898c | 2494 0000 | 0066 6690 

  0x000001eb401ca850: ;   {runtime_call UncommonTrapBlob}
  0x000001eb401ca850: c5f8 77e8 

  0x000001eb401ca854: ; ImmutableOopMap {rbp=Oop [32]=Oop [40]=Oop [56]=NarrowOop [64]=Oop [72]=Oop [104]=NarrowOop [120]=NarrowOop [124]=NarrowOop [128]=NarrowOop [136]=Oop [148]=NarrowOop }
                      ;*ifnull {reexecute=1 rethrow=0 return_oop=0}
                      ; - (reexecute) java.util.concurrent.ConcurrentHashMap::get@143 (line 946)
                      ; - java.lang.ClassLoader::definePackage@47 (line 2101)
                      ; - java.lang.ClassLoader::getDefinedPackage@32 (line 2243)
                      ; - java.net.URLClassLoader::getAndVerifyPackage@2 (line 457)
                      ; - java.net.URLClassLoader::defineClass@46 (line 492)
                      ; - java.net.URLClassLoader$1::run@43 (line 427)
  0x000001eb401ca854: a8c0 88ff | ba45 ffff | ff4c 8b54 | 2448 4c89 | 5424 204c | 8b54 2468 | 4c89 5424 | 284c 8b54 
  0x000001eb401ca874: 2440 4c89 | 5424 3044 | 8b54 2458 | 4489 5424 | 3c4c 8944 | 2458 4c89 | 4c24 6890 

  0x000001eb401ca890: ;   {runtime_call UncommonTrapBlob}
  0x000001eb401ca890: c5f8 77e8 

  0x000001eb401ca894: ; ImmutableOopMap {rbp=Oop [32]=Oop [40]=Oop [60]=NarrowOop [88]=Oop [104]=Oop [112]=NarrowOop [120]=Oop [148]=NarrowOop [200]=Oop }
                      ;*ifnull {reexecute=1 rethrow=0 return_oop=0}
                      ; - (reexecute) java.util.jar.JarFile::getManifestFromReference@148 (line 433)
                      ; - java.util.jar.JarFile::getManifest@1 (line 406)
                      ; - jdk.internal.loader.URLClassPath$JarLoader$2::getManifest@22 (line 884)
                      ; - java.net.URLClassLoader::defineClass@34 (line 491)
                      ; - java.net.URLClassLoader$1::run@43 (line 427)
  0x000001eb401ca894: 68c0 88ff | baf4 ffff | ff4c 8b54 | 2448 4c89 | 5424 204c | 8b54 2440 | 4c89 5424 | 3044 8b54 
  0x000001eb401ca8b4: 2458 4489 | 5424 3c4c | 8b54 2478 | 4c89 5424 | 584c 8954 | 2460 6690 

  0x000001eb401ca8cc: ;   {runtime_call UncommonTrapBlob}
  0x000001eb401ca8cc: c5f8 77e8 

  0x000001eb401ca8d0: ; ImmutableOopMap {rbp=Oop [32]=Oop [60]=NarrowOop [88]=Oop [96]=Oop [104]=Oop [112]=NarrowOop [148]=NarrowOop [200]=Oop }
                      ;*checkcast {reexecute=0 rethrow=0 return_oop=0}
                      ; - java.util.jar.JarFile::getManEntry@28 (line 943)
                      ; - java.util.jar.JarFile::getManifestFromReference@27 (line 414)
                      ; - java.util.jar.JarFile::getManifest@1 (line 406)
                      ; - jdk.internal.loader.URLClassPath$JarLoader$2::getManifest@22 (line 884)
                      ; - java.net.URLClassLoader::defineClass@34 (line 491)
                      ; - java.net.URLClassLoader$1::run@43 (line 427)
  0x000001eb401ca8d0: 2cc0 88ff | 4c8b d0e9 | 9406 0000 | 4c8b d090 | e98b 0600 | 0048 8bd8 | e98c 0700 | 0048 8bd8 
  0x000001eb401ca8f0: e984 0700 | 0048 8bd8 | 448b 5008 | 0f1f 4000 

  0x000001eb401ca900: ;   {metadata('java/net/MalformedURLException')}
  0x000001eb401ca900: 4181 fa00 | 4d04 010f | 847d c6ff | ff49 bb00 | 0000 4feb | 0100 004d | 03da 4d8b 

  0x000001eb401ca91c: ;   {metadata('java/io/IOException')}
  0x000001eb401ca91c: 5b48 49b8 | d845 0450 | eb01 0000 | 4d3b d80f | 8459 c6ff 

  0x000001eb401ca930: ;   {metadata('java/security/AccessControlException')}
  0x000001eb401ca930: ff41 81fa | f049 1701 | 0f84 4cc6 | ffff 6690 | e934 0700 | 0048 8b6c | 2430 4c8b | 5c24 604c 
  0x000001eb401ca950: 895c 2420 | 4c8b 5c24 | 404c 895c | 2430 488b | 9424 8000 | 0000 4c8b | c066 6690 

  0x000001eb401ca96c: ;   {optimized virtual_call}
  0x000001eb401ca96c: c5f8 77e8 

  0x000001eb401ca970: ; ImmutableOopMap {rbp=Oop [32]=Oop [72]=Oop [80]=Oop [104]=Oop [112]=NarrowOop [128]=Oop [200]=Oop }
                      ;*invokevirtual addSuppressed {reexecute=0 rethrow=0 return_oop=0}
                      ; - java.util.jar.JarFile::getManifestFromReference@177 (line 431)
                      ; - java.util.jar.JarFile::getManifest@1 (line 406)
                      ; - jdk.internal.loader.URLClassPath$JarLoader$2::getManifest@22 (line 884)
                      ; - java.net.URLClassLoader::defineClass@34 (line 491)
                      ; - java.net.URLClassLoader$1::run@43 (line 427)
  0x000001eb401ca970: 0c6a 88ff | e9db 0400 | 0048 8b6c | 2430 4c8b | 5c24 604c | 895c 2420 | 4c8b 5c24 | 684c 895c 
  0x000001eb401ca990: 2428 4c8b | 5c24 404c | 895c 2430 | 448b 5c24 | 7044 895c | 2438 488b | 9424 9000 | 0000 4c8b 
  0x000001eb401ca9b0: c066 6690 

  0x000001eb401ca9b4: ;   {optimized virtual_call}
  0x000001eb401ca9b4: c5f8 77e8 

  0x000001eb401ca9b8: ; ImmutableOopMap {rbp=Oop [32]=Oop [40]=Oop [56]=NarrowOop [72]=Oop [80]=Oop [120]=Oop [128]=Oop [144]=Oop [200]=Oop }
                      ;*invokevirtual addSuppressed {reexecute=0 rethrow=0 return_oop=0}
                      ; - java.util.jar.JarFile::getBytes@213 (line 800)
                      ; - java.util.jar.JarFile::getManifestFromReference@44 (line 419)
                      ; - java.util.jar.JarFile::getManifest@1 (line 406)
                      ; - jdk.internal.loader.URLClassPath$JarLoader$2::getManifest@22 (line 884)
                      ; - java.net.URLClassLoader::defineClass@34 (line 491)
                      ; - java.net.URLClassLoader$1::run@43 (line 427)
  0x000001eb401ca9b8: c469 88ff | 0f1f 4000 | e9a3 0500 | 0048 8984 | 2490 0000 | 00e9 6c05 | 0000 488b | d844 8b50 
  0x000001eb401ca9d8: 080f 1f80 | 0000 0000 

  0x000001eb401ca9e0: ;   {metadata('java/security/PrivilegedActionException')}
  0x000001eb401ca9e0: 4181 fa28 | 8d15 010f | 85f0 0200 | 0048 8be8 | e912 0700 | 00e9 2b04 | 0000 4889 | 8424 8000 
  0x000001eb401caa00: 0000 e926 | 0400 00e9 | 1904 0000 | e914 0400 | 0048 8bd8 | 448b 5808 | e9c3 0500 | 004c 8bd0 
  0x000001eb401caa20: e94b 0500 | 004c 8bd0 | e943 0500 | 004c 8bd0 | e93b 0500 | 004c 8bd0 | e933 0500 | 004c 8bd0 
  0x000001eb401caa40: e92b 0500 | 004c 8bd0 | e923 0500 | 004c 8bd0 | e91b 0500 | 004c 8bd0 | e913 0500 | 004c 8bd0 
  0x000001eb401caa60: e90b 0500 | 004c 8bd0 | e903 0500 | 004c 8bd0 | e9fb 0400 | 004c 8bd0 | e9f3 0400 | 004c 8bd0 
  0x000001eb401caa80: e9eb 0400 | 004c 8bd0 | e9e3 0400 | 004c 8bd0 | e9db 0400 | 004c 8bd0 | e9d3 0400 | 004c 8bd0 
  0x000001eb401caaa0: e9cb 0400 | 004c 8bd0 | e9c3 0400 | 004c 8bd0 | e9bb 0400 | 004c 8bd0 | e9b3 0400 | 004c 8bd0 
  0x000001eb401caac0: e9ab 0400 | 004c 8bd0 | e9a3 0400 | 004c 8bd0 | e98c 0000 | 004c 8bd0 | e9fc 0400 | 004c 8bd0 
  0x000001eb401caae0: e9f4 0400 | 004c 8bd0 | e9ec 0400 | 004c 8bd0 | e9e4 0400 | 004c 8bd0 | e9dc 0400 | 0048 8bd8 
  0x000001eb401cab00: e974 0500 | 0048 8bd8 | e96c 0500 | 0048 8bd8 | e964 0500 | 0048 8bd8 | 448b 5808 | 0f1f 4000 
  0x000001eb401cab20: e9bb 0400 | 0048 8bd8 | e94c 0500 | 004c 8bd0 | eb03 4c8b | d049 8bda | e93c 0500 | 0048 8bd8 
  0x000001eb401cab40: e934 0500 | 004c 8bd0 | eb03 4c8b | d049 8bda | 458b 5a08 | e987 0400 | 004c 8bd0 | eb03 4c8b 
  0x000001eb401cab60: d049 8bda | e910 0500 | 0048 8bd8 | 448b 5808 | 49ba 0000 | 004f eb01 | 0000 4d03 | d34d 8b52 
  0x000001eb401cab80: 504c 3bd5 | 0f85 5604 | 0000 4533 | c9e9 5c03 | 0000 4c8b | d0e9 3f04 | 0000 488b | d866 6690 
  0x000001eb401caba0: e9d4 0400 | 0044 8b50 | 0849 b800 | 0000 4feb | 0100 004d | 03c2 4d8b 

  0x000001eb401cabb8: ;   {metadata('java/io/IOException')}
  0x000001eb401cabb8: 4048 49b9 | d845 0450 | eb01 0000 | 4d3b c175 | 0c44 8865 | 1345 33d2 | e9f4 90ff | ff66 6666 
  0x000001eb401cabd8: 0f1f 8400 | 0000 0000 

  0x000001eb401cabe0: ;   {metadata('java/net/MalformedURLException')}
  0x000001eb401cabe0: 4181 fa00 | 4d04 010f | 849d c3ff 

  0x000001eb401cabec: ;   {metadata('java/security/AccessControlException')}
  0x000001eb401cabec: ff41 81fa | f049 1701 | 0f84 90c3 | ffff 488b | d866 6690 | e974 0400 | 0048 8bd8 | 448b 5008 
  0x000001eb401cac0c: ;   {metadata('java/net/MalformedURLException')}
  0x000001eb401cac0c: 4181 fa00 | 4d04 010f | 8471 c3ff | ff49 bb00 | 0000 4feb | 0100 004d | 03da 4d8b 

  0x000001eb401cac28: ;   {metadata('java/io/IOException')}
  0x000001eb401cac28: 5b48 49b8 | d845 0450 | eb01 0000 | 4d3b d80f | 844d c3ff | ff66 6690 

  0x000001eb401cac40: ;   {metadata('java/security/AccessControlException')}
  0x000001eb401cac40: 4181 faf0 | 4917 010f | 843d c3ff | ffe9 2704 | 0000 488b | d844 8b58 | 080f 1f80 | 0000 0000 
  0x000001eb401cac60: ;   {metadata('java/net/MalformedURLException')}
  0x000001eb401cac60: 4181 fb00 | 4d04 010f | 841d c3ff | ff49 ba00 | 0000 4feb | 0100 004d | 03d3 4d8b 

  0x000001eb401cac7c: ;   {metadata('java/io/IOException')}
  0x000001eb401cac7c: 5248 49b8 | d845 0450 | eb01 0000 | 4d3b d00f | 84f9 c2ff 

  0x000001eb401cac90: ;   {metadata('java/security/AccessControlException')}
  0x000001eb401cac90: ff41 81fb | f049 1701 | 0f84 ecc2 | ffff 6690 | e9d4 0300 | 004c 8bd0 | e9c3 0200 | 004c 8bd0 
  0x000001eb401cacb0: e9bb 0200 | 004d 8b58 

  0x000001eb401cacb8: ;   {metadata('java/lang/Exception')}
  0x000001eb401cacb8: 4049 b8c0 | 1a02 4feb | 0100 004d | 3bd8 0f84 | 1404 0000 

  0x000001eb401caccc: ;   {metadata('java/security/PrivilegedActionException')}
  0x000001eb401caccc: 4181 fa28 | 8d15 010f | 842b 0400 | 0044 8b53 | 0849 bb00 | 0000 4feb | 0100 004d | 03da 4d8b 
  0x000001eb401cacec: ;   {metadata('java/io/IOException')}
  0x000001eb401cacec: 5348 49bb | d845 0450 | eb01 0000 | 4d3b d30f | 1f44 0000 | 0f85 7303 | 0000 488b | ebba bf00 
  0x000001eb401cad0c: 0000 448b | 5c24 2c44 | 895c 2428 

  0x000001eb401cad18: ;   {runtime_call UncommonTrapBlob}
  0x000001eb401cad18: c5f8 77e8 

  0x000001eb401cad1c: ; ImmutableOopMap {rbp=Oop [40]=NarrowOop [48]=Oop [80]=Oop }
                      ;*new {reexecute=0 rethrow=0 return_oop=0}
                      ; - jdk.internal.loader.URLClassPath$JarLoader::getResource@8 (line 952)
                      ; - jdk.internal.loader.URLClassPath::getResource@53 (line 319)
                      ; - java.net.URLClassLoader$1::run@26 (line 424)
  0x000001eb401cad1c: e0bb 88ff | 488b d844 | 8b58 0849 | ba00 0000 | 4feb 0100 | 004d 03d3 | 4d8b 5248 

  0x000001eb401cad38: ;   {metadata('java/io/IOException')}
  0x000001eb401cad38: 49bb d845 | 0450 eb01 | 0000 4d3b | d30f 8451 | 0300 004c | 8bdd 488d | 8424 e000 | 0000 4881 
  0x000001eb401cad58: 3800 0000 | 000f 8483 | 0000 004d | 8b13 49f7 | c202 0000 | 0074 6f49 | 81ba 8600 | 0000 0000 
  0x000001eb401cad78: 0000 7409 | 49ff 8a86 | 0000 00eb | 5149 8b82 | 9600 0000 | 490b 828e | 0000 0075 | 0a49 c742 
  0x000001eb401cad98: 3e00 0000 | 00eb 4749 | 81ba 9e00 | 0000 0000 | 0000 7425 | 4833 c049 | c742 3e00 | 0000 00f0 
  0x000001eb401cadb8: 8304 2400 | 4981 ba9e | 0000 0000 | 0000 0075 | 0df0 4d0f | b17a 3e75 | 0583 c801 | eb10 f7c0 
  0x000001eb401cadd8: 0000 0000 | eb08 4c8b | 10f0 4d0f | b113 0f84 | 8701 0000 | 498b cb48 | 8d94 24e0 | 0000 004d 
  0x000001eb401cadf8: 8bc7 660f | 1f44 0000 | c5f8 7749 | ba10 20d5 | a1fb 7f00 | 0041 ffd2 | e95e 0100 | 004c 8bd0 
  0x000001eb401cae18: e953 0100 | 004c 8bd0 | e94b 0100 | 0048 8984 | 2480 0000 | 004c 8b54 | 2420 4d85 | d274 1d49 
  0x000001eb401cae38: 8bd2 488b | 6c24 5066 | 6690 c5f8 | 7748 b8ff | ffff ffff 

  0x000001eb401cae4c: ;   {virtual_call}
  0x000001eb401cae4c: ffff ffe8 

  0x000001eb401cae50: ; ImmutableOopMap {rbp=Oop [48]=Oop [72]=Oop [80]=Oop [96]=Oop [104]=Oop [112]=NarrowOop [128]=Oop [200]=Oop }
                      ;*invokevirtual close {reexecute=0 rethrow=0 return_oop=0}
                      ; - java.util.jar.JarFile::getManifestFromReference@165 (line 431)
                      ; - java.util.jar.JarFile::getManifest@1 (line 406)
                      ; - jdk.internal.loader.URLClassPath$JarLoader$2::getManifest@22 (line 884)
                      ; - java.net.URLClassLoader::defineClass@34 (line 491)
                      ; - java.net.URLClassLoader$1::run@43 (line 427)
  0x000001eb401cae50: 2c68 88ff | 4c8b 9424 | 8000 0000 | 0f1f 4000 | e90b 0100 | 0048 8bd8 | 448b 5008 | eb07 488b 
  0x000001eb401cae70: d844 8b50 

  0x000001eb401cae74: ;   {metadata('java/lang/RuntimeException')}
  0x000001eb401cae74: 0849 bbd0 | 3706 4feb | 0100 0049 | b800 0000 | 4feb 0100 | 004d 03c2 | 4d8b 4848 | 4d3b cb0f 
  0x000001eb401cae94: 851c feff | ff48 8bd3 | 0f1f 4000 | e9d7 0100 | 004c 8bd0 | e9c3 0000 | 004c 8bd0 | e9bb 0000 
  0x000001eb401caeb4: 004c 8bd0 | e9b3 0000 | 004c 8bd0 | e9ab 0000 | 0048 8bd8 | 448b 5808 | 49ba 0000 | 004f eb01 
  0x000001eb401caed4: 0000 4d03 | d34d 8b52 | 5066 6690 | 4c3b d50f | 85f7 0000 | 004c 8b4c | 2420 488b | 5424 304c 
  0x000001eb401caef4: 8b44 2428 | 488b 7c24 | 5848 8b6c | 2450 6690 

  0x000001eb401caf04: ;   {optimized virtual_call}
  0x000001eb401caf04: c5f8 77e8 

  0x000001eb401caf08: ; ImmutableOopMap {rbp=Oop [40]=Oop [48]=Oop [56]=Oop [72]=Oop [80]=Oop [88]=Oop [96]=Oop [104]=NarrowOop [148]=NarrowOop [152]=NarrowOop }
                      ;*invokevirtual getAndVerifyPackage {reexecute=0 rethrow=0 return_oop=1}
                      ; - java.net.URLClassLoader::defineClass@97 (line 502)
                      ; - java.net.URLClassLoader$1::run@43 (line 427)
  0x000001eb401caf08: 7464 88ff | 4885 c00f | 851f a4ff | ffba fd00 | 0000 6690 

  0x000001eb401caf1c: ;   {runtime_call UncommonTrapBlob}
  0x000001eb401caf1c: c5f8 77e8 

  0x000001eb401caf20: ; ImmutableOopMap {rbp=Oop [40]=Oop [72]=Oop }
                      ;*new {reexecute=0 rethrow=0 return_oop=0}
                      ; - java.net.URLClassLoader::defineClass@103 (line 504)
                      ; - java.net.URLClassLoader$1::run@43 (line 427)
  0x000001eb401caf20: dcb9 88ff | 4c8b d0e9 | ad00 0000 | 4889 8424 | 9000 0000 | eb08 4889 | 8424 9000 | 0000 4c8b 
  0x000001eb401caf40: 9424 8800 | 0000 4d85 | d274 1d49 | 8bd2 488b | 6c24 5066 | 6690 c5f8 | 7748 b8ff | ffff ffff 
  0x000001eb401caf60: ;   {virtual_call}
  0x000001eb401caf60: ffff ffe8 

  0x000001eb401caf64: ; ImmutableOopMap {rbp=Oop [48]=Oop [72]=Oop [80]=Oop [96]=Oop [104]=Oop [112]=NarrowOop [120]=Oop [128]=Oop [144]=Oop [200]=Oop }
                      ;*invokevirtual close {reexecute=0 rethrow=0 return_oop=0}
                      ; - java.util.jar.JarFile::getBytes@202 (line 800)
                      ; - java.util.jar.JarFile::getManifestFromReference@44 (line 419)
                      ; - java.util.jar.JarFile::getManifest@1 (line 406)
                      ; - jdk.internal.loader.URLClassPath$JarLoader$2::getManifest@22 (line 884)
                      ; - java.net.URLClassLoader::defineClass@34 (line 491)
                      ; - java.net.URLClassLoader$1::run@43 (line 427)
  0x000001eb401caf64: 1867 88ff | 4c8b 9424 | 9000 0000 | 498b da44 | 8b5b 08e9 | 6400 0000 | 4c8b d090 | e954 0000 
  0x000001eb401caf84: 004c 8bd0 | e94c 0000 | 004c 8bd0 | e944 0000 | 004c 8bd0 | e93c 0000 | 0048 8bd8 | 448b 5808 
  0x000001eb401cafa4: e937 0000 | 0048 8bd8 | 448b 5808 | eb2e 488b | d844 8b58 | 08eb 2548 | 8bd8 448b | 5808 eb1c 
  0x000001eb401cafc4: 488b d844 | 8b58 08eb | 1348 8bd8 | 448b 5808 | eb0a 4c8b | d049 8bda | 458b 5a08 | 49ba 0000 
  0x000001eb401cafe4: 004f eb01 | 0000 4d03 | d34d 8b5a 

  0x000001eb401caff0: ;   {metadata('java/io/IOException')}
  0x000001eb401caff0: 4849 b8d8 | 4504 50eb | 0100 000f | 1f44 0000 | 4d3b d80f | 8483 0000 | 004d 8b52 

  0x000001eb401cb00c: ;   {metadata('java/lang/ClassFormatError')}
  0x000001eb401cb00c: 5049 bb88 | 4e17 50eb | 0100 004d | 3bd3 660f | 1f44 0000 | 0f85 5300 | 0000 488b | eb48 8b54 
  0x000001eb401cb02c: 2448 c5f8 | 7748 b8ff | ffff ffff 

  0x000001eb401cb038: ;   {virtual_call}
  0x000001eb401cb038: ffff ffe8 

  0x000001eb401cb03c: ; ImmutableOopMap {rbp=Oop [72]=Oop }
                      ;*invokevirtual getDataError {reexecute=0 rethrow=0 return_oop=1}
                      ; - java.net.URLClassLoader$1::run@63 (line 431)
  0x000001eb401cb03c: 4066 88ff | 4885 c074 | 2748 8b54 | 2448 c5f8 | 7748 b8ff | ffff ffff 

  0x000001eb401cb054: ;   {virtual_call}
  0x000001eb401cb054: ffff ffe8 

  0x000001eb401cb058: ; ImmutableOopMap {rbp=Oop }
                      ;*invokevirtual getDataError {reexecute=0 rethrow=0 return_oop=1}
                      ; - java.net.URLClassLoader$1::run@71 (line 432)
  0x000001eb401cb058: 2466 88ff | 488b d54c | 8bc0 6690 

  0x000001eb401cb064: ;   {optimized virtual_call}
  0x000001eb401cb064: c5f8 77e8 

  0x000001eb401cb068: ; ImmutableOopMap {rbp=Oop }
                      ;*invokevirtual addSuppressed {reexecute=0 rethrow=0 return_oop=0}
                      ; - java.net.URLClassLoader$1::run@74 (line 432)
  0x000001eb401cb068: 1463 88ff | 488b d5eb | 0b48 8bd8 | eb03 488b | d848 8bd3 | c5f8 7748 | 81c4 f000 

  0x000001eb401cb084: ;   {runtime_call _rethrow_Java}
  0x000001eb401cb084: 0000 5de9 | 743b 93ff | 488b ebba | 2f00 0000 

  0x000001eb401cb094: ;   {runtime_call UncommonTrapBlob}
  0x000001eb401cb094: c5f8 77e8 

  0x000001eb401cb098: ; ImmutableOopMap {rbp=Oop [80]=Oop }
                      ;*new {reexecute=0 rethrow=0 return_oop=0}
                      ; - java.net.URLClassLoader$1::run@48 (line 429)
  0x000001eb401cb098: 64b8 88ff | 488b e8ba | df01 0000 | 4c8b 5424 | 504c 8954 | 2420 4c8b | 5424 484c | 8954 2428 
  0x000001eb401cb0b8: 4c8b 5424 | 684c 8954 | 2430 4c8b | 5424 404c | 8954 2438 | 448b 5c24 | 5844 895c | 2444 6690 
  0x000001eb401cb0d8: ;   {runtime_call UncommonTrapBlob}
  0x000001eb401cb0d8: c5f8 77e8 

  0x000001eb401cb0dc: ; ImmutableOopMap {rbp=Oop [32]=Oop [40]=Oop [48]=Oop [68]=NarrowOop [92]=NarrowOop [112]=NarrowOop [148]=NarrowOop [200]=Oop }
                      ;*new {reexecute=0 rethrow=0 return_oop=0}
                      ; - java.util.jar.JarFile::ensureInitialization@8 (line 1032)
                      ; - java.util.jar.JavaUtilJarAccessImpl::ensureInitialization@1 (line 72)
                      ; - jdk.internal.loader.URLClassPath$JarLoader$2::getManifest@10 (line 883)
                      ; - java.net.URLClassLoader::defineClass@34 (line 491)
                      ; - java.net.URLClassLoader$1::run@43 (line 427)
  0x000001eb401cb0dc: 20b8 88ff | 488b ebba | 9100 0000 | 448b 5c24 | 2c44 895c | 2428 448b | 5424 3844 | 8954 242c 
  0x000001eb401cb0fc: ;   {runtime_call UncommonTrapBlob}
  0x000001eb401cb0fc: c5f8 77e8 

  0x000001eb401cb100: ; ImmutableOopMap {rbp=Oop [40]=NarrowOop [48]=Oop [64]=Oop [80]=Oop }
                      ;*new {reexecute=0 rethrow=0 return_oop=0}
                      ; - java.security.AccessController::wrapException@0 (line 828)
                      ; - java.security.AccessController::doPrivileged@22 (line 716)
                      ; - jdk.internal.loader.URLClassPath$JarLoader::ensureOpen@19 (line 761)
                      ; - jdk.internal.loader.URLClassPath$JarLoader::getResource@1 (line 950)
                      ; - jdk.internal.loader.URLClassPath::getResource@53 (line 319)
                      ; - java.net.URLClassLoader$1::run@26 (line 424)
  0x000001eb401cb100: fcb7 88ff | 488b ebba | adff ffff | 448b 5424 | 2c44 8954 | 2428 448b | 5c24 3844 | 895c 242c 
  0x000001eb401cb120: ;   {runtime_call UncommonTrapBlob}
  0x000001eb401cb120: c5f8 77e8 

  0x000001eb401cb124: ; ImmutableOopMap {rbp=Oop [40]=NarrowOop [48]=Oop [64]=Oop [80]=Oop }
                      ;*invokevirtual getException {reexecute=0 rethrow=0 return_oop=0}
                      ; - jdk.internal.loader.URLClassPath$JarLoader::ensureOpen@28 (line 795)
                      ; - jdk.internal.loader.URLClassPath$JarLoader::getResource@1 (line 950)
                      ; - jdk.internal.loader.URLClassPath::getResource@53 (line 319)
                      ; - java.net.URLClassLoader$1::run@26 (line 424)
  0x000001eb401cb124: d8b7 88ff 

  0x000001eb401cb128: ;   {internal_word}
  0x000001eb401cb128: 49ba 3b54 | 1c40 eb01 | 0000 4d89 | 9768 0300 

  0x000001eb401cb138: ;   {runtime_call SafepointBlob}
  0x000001eb401cb138: 00e9 c2c8 | 88ff f4f4 
[Stub Code]
  0x000001eb401cb140: ;   {no_reloc}
  0x000001eb401cb140: 48bb 0000 | 0000 0000 

  0x000001eb401cb148: ;   {runtime_call}
  0x000001eb401cb148: 0000 e9fb 

  0x000001eb401cb14c: ;   {static_stub}
  0x000001eb401cb14c: ffff ff48 | bb00 0000 | 0000 0000 

  0x000001eb401cb158: ;   {runtime_call}
  0x000001eb401cb158: 00e9 fbff 

  0x000001eb401cb15c: ;   {static_stub}
  0x000001eb401cb15c: ffff 48bb | 0000 0000 | 0000 0000 

  0x000001eb401cb168: ;   {runtime_call}
  0x000001eb401cb168: e9fb ffff 

  0x000001eb401cb16c: ;   {static_stub}
  0x000001eb401cb16c: ff48 bb00 | 0000 0000 

  0x000001eb401cb174: ;   {runtime_call}
  0x000001eb401cb174: 0000 00e9 | fbff ffff 

  0x000001eb401cb17c: ;   {static_stub}
  0x000001eb401cb17c: 48bb d0af | 064f eb01 

  0x000001eb401cb184: ;   {runtime_call I2C/C2I adapters}
  0x000001eb401cb184: 0000 e95a 

  0x000001eb401cb188: ;   {static_stub}
  0x000001eb401cb188: cb87 ff48 | bb00 0000 | 0000 0000 

  0x000001eb401cb194: ;   {runtime_call}
  0x000001eb401cb194: 00e9 fbff 

  0x000001eb401cb198: ;   {static_stub}
  0x000001eb401cb198: ffff 48bb | 0000 0000 | 0000 0000 

  0x000001eb401cb1a4: ;   {runtime_call}
  0x000001eb401cb1a4: e9fb ffff 

  0x000001eb401cb1a8: ;   {static_stub}
  0x000001eb401cb1a8: ff48 bb00 | 0000 0000 

  0x000001eb401cb1b0: ;   {runtime_call}
  0x000001eb401cb1b0: 0000 00e9 | fbff ffff 

  0x000001eb401cb1b8: ;   {static_stub}
  0x000001eb401cb1b8: 48bb 0000 | 0000 0000 

  0x000001eb401cb1c0: ;   {runtime_call}
  0x000001eb401cb1c0: 0000 e9fb 

  0x000001eb401cb1c4: ;   {static_stub}
  0x000001eb401cb1c4: ffff ff48 | bb00 0000 | 0000 0000 

  0x000001eb401cb1d0: ;   {runtime_call}
  0x000001eb401cb1d0: 00e9 fbff 

  0x000001eb401cb1d4: ;   {static_stub}
  0x000001eb401cb1d4: ffff 48bb | 0000 0000 | 0000 0000 

  0x000001eb401cb1e0: ;   {runtime_call}
  0x000001eb401cb1e0: e9fb ffff 

  0x000001eb401cb1e4: ;   {static_stub}
  0x000001eb401cb1e4: ff48 bb00 | 0000 0000 

  0x000001eb401cb1ec: ;   {runtime_call}
  0x000001eb401cb1ec: 0000 00e9 | fbff ffff 

  0x000001eb401cb1f4: ;   {static_stub}
  0x000001eb401cb1f4: 48bb 30ba | 194f eb01 

  0x000001eb401cb1fc: ;   {runtime_call I2C/C2I adapters}
  0x000001eb401cb1fc: 0000 e956 

  0x000001eb401cb200: ;   {static_stub}
  0x000001eb401cb200: ab88 ff48 | bb00 0000 | 0000 0000 

  0x000001eb401cb20c: ;   {runtime_call}
  0x000001eb401cb20c: 00e9 fbff 

  0x000001eb401cb210: ;   {static_stub}
  0x000001eb401cb210: ffff 48bb | 0000 0000 | 0000 0000 

  0x000001eb401cb21c: ;   {runtime_call}
  0x000001eb401cb21c: e9fb ffff 

  0x000001eb401cb220: ;   {static_stub}
  0x000001eb401cb220: ff48 bb00 | 0000 0000 

  0x000001eb401cb228: ;   {runtime_call}
  0x000001eb401cb228: 0000 00e9 | fbff ffff 

  0x000001eb401cb230: ;   {static_stub}
  0x000001eb401cb230: 48bb 0000 | 0000 0000 

  0x000001eb401cb238: ;   {runtime_call}
  0x000001eb401cb238: 0000 e9fb 

  0x000001eb401cb23c: ;   {static_stub}
  0x000001eb401cb23c: ffff ff48 | bb00 0000 | 0000 0000 

  0x000001eb401cb248: ;   {runtime_call}
  0x000001eb401cb248: 00e9 fbff 

  0x000001eb401cb24c: ;   {static_stub}
  0x000001eb401cb24c: ffff 48bb | 0000 0000 | 0000 0000 

  0x000001eb401cb258: ;   {runtime_call}
  0x000001eb401cb258: e9fb ffff 

  0x000001eb401cb25c: ;   {static_stub}
  0x000001eb401cb25c: ff48 bb00 | 0000 0000 

  0x000001eb401cb264: ;   {runtime_call}
  0x000001eb401cb264: 0000 00e9 | fbff ffff 

  0x000001eb401cb26c: ;   {static_stub}
  0x000001eb401cb26c: 48bb 0000 | 0000 0000 

  0x000001eb401cb274: ;   {runtime_call}
  0x000001eb401cb274: 0000 e9fb 

  0x000001eb401cb278: ;   {static_stub}
  0x000001eb401cb278: ffff ff48 | bb00 0000 | 0000 0000 

  0x000001eb401cb284: ;   {runtime_call}
  0x000001eb401cb284: 00e9 fbff 

  0x000001eb401cb288: ;   {static_stub}
  0x000001eb401cb288: ffff 48bb | 0000 0000 | 0000 0000 

  0x000001eb401cb294: ;   {runtime_call}
  0x000001eb401cb294: e9fb ffff 

  0x000001eb401cb298: ;   {static_stub}
  0x000001eb401cb298: ff48 bb00 | 0000 0000 

  0x000001eb401cb2a0: ;   {runtime_call}
  0x000001eb401cb2a0: 0000 00e9 | fbff ffff 

  0x000001eb401cb2a8: ;   {static_stub}
  0x000001eb401cb2a8: 48bb 0000 | 0000 0000 

  0x000001eb401cb2b0: ;   {runtime_call}
  0x000001eb401cb2b0: 0000 e9fb 

  0x000001eb401cb2b4: ;   {static_stub}
  0x000001eb401cb2b4: ffff ff48 | bb00 0000 | 0000 0000 

  0x000001eb401cb2c0: ;   {runtime_call}
  0x000001eb401cb2c0: 00e9 fbff 

  0x000001eb401cb2c4: ;   {static_stub}
  0x000001eb401cb2c4: ffff 48bb | 0000 0000 | 0000 0000 

  0x000001eb401cb2d0: ;   {runtime_call}
  0x000001eb401cb2d0: e9fb ffff 

  0x000001eb401cb2d4: ;   {static_stub}
  0x000001eb401cb2d4: ff48 bb00 | 0000 0000 

  0x000001eb401cb2dc: ;   {runtime_call}
  0x000001eb401cb2dc: 0000 00e9 | fbff ffff 

  0x000001eb401cb2e4: ;   {static_stub}
  0x000001eb401cb2e4: 48bb 0000 | 0000 0000 

  0x000001eb401cb2ec: ;   {runtime_call}
  0x000001eb401cb2ec: 0000 e9fb 

  0x000001eb401cb2f0: ;   {static_stub}
  0x000001eb401cb2f0: ffff ff48 | bb00 0000 | 0000 0000 

  0x000001eb401cb2fc: ;   {runtime_call}
  0x000001eb401cb2fc: 00e9 fbff 

  0x000001eb401cb300: ;   {static_stub}
  0x000001eb401cb300: ffff 48bb | 0000 0000 | 0000 0000 

  0x000001eb401cb30c: ;   {runtime_call}
  0x000001eb401cb30c: e9fb ffff 

  0x000001eb401cb310: ;   {static_stub}
  0x000001eb401cb310: ff48 bb00 | 0000 0000 

  0x000001eb401cb318: ;   {runtime_call}
  0x000001eb401cb318: 0000 00e9 | fbff ffff 

  0x000001eb401cb320: ;   {static_stub}
  0x000001eb401cb320: 48bb 0000 | 0000 0000 

  0x000001eb401cb328: ;   {runtime_call}
  0x000001eb401cb328: 0000 e9fb 

  0x000001eb401cb32c: ;   {static_stub}
  0x000001eb401cb32c: ffff ff48 | bb00 0000 | 0000 0000 

  0x000001eb401cb338: ;   {runtime_call}
  0x000001eb401cb338: 00e9 fbff 

  0x000001eb401cb33c: ;   {static_stub}
  0x000001eb401cb33c: ffff 48bb | 0000 0000 | 0000 0000 

  0x000001eb401cb348: ;   {runtime_call}
  0x000001eb401cb348: e9fb ffff 

  0x000001eb401cb34c: ;   {static_stub}
  0x000001eb401cb34c: ff48 bb00 | 0000 0000 

  0x000001eb401cb354: ;   {runtime_call}
  0x000001eb401cb354: 0000 00e9 | fbff ffff 

  0x000001eb401cb35c: ;   {static_stub}
  0x000001eb401cb35c: 48bb 0000 | 0000 0000 

  0x000001eb401cb364: ;   {runtime_call}
  0x000001eb401cb364: 0000 e9fb 

  0x000001eb401cb368: ;   {static_stub}
  0x000001eb401cb368: ffff ff48 | bb00 0000 | 0000 0000 

  0x000001eb401cb374: ;   {runtime_call}
  0x000001eb401cb374: 00e9 fbff 

  0x000001eb401cb378: ;   {static_stub}
  0x000001eb401cb378: ffff 48bb | 0000 0000 | 0000 0000 

  0x000001eb401cb384: ;   {runtime_call}
  0x000001eb401cb384: e9fb ffff 

  0x000001eb401cb388: ;   {runtime_call ExceptionBlob}
  0x000001eb401cb388: ffe9 72aa | 89ff e800 | 0000 0048 | 832c 2405 

  0x000001eb401cb398: ;   {runtime_call DeoptimizationBlob}
  0x000001eb401cb398: e903 b988 | fff4 f4f4 
[/MachCode]


---------------  P R O C E S S  ---------------

Threads class SMR info:
_java_thread_list=0x000001eb9730d770, length=32, elements={
0x000001eb2f3da460, 0x000001eb94002310, 0x000001eb94004860, 0x000001eb9401c5a0,
0x000001eb9401ee80, 0x000001eb94021760, 0x000001eb94022030, 0x000001eb94022ce0,
0x000001eb94028fe0, 0x000001eb940a7240, 0x000001eb4ed279d0, 0x000001eb94226c60,
0x000001eb9412c570, 0x000001eb95170490, 0x000001eb957182d0, 0x000001eb9529f8c0,
0x000001eb942d8b30, 0x000001eb94bf2560, 0x000001eb94bf3490, 0x000001eb94bf48d0,
0x000001eb94bf2f80, 0x000001eb94bf39a0, 0x000001eb94bf3eb0, 0x000001eb94bf43c0,
0x000001eb94bf4de0, 0x000001eb94bf5800, 0x000001eb94bf2050, 0x000001eb972e8e00,
0x000001eb972ecac0, 0x000001eb972e9310, 0x000001eb972eb170, 0x000001eb972ebb90
}

Java Threads: ( => current thread )
  0x000001eb2f3da460 JavaThread "main" [_thread_blocked, id=3648, stack(0x000000a835b00000,0x000000a835c00000)]
  0x000001eb94002310 JavaThread "Reference Handler" daemon [_thread_blocked, id=16056, stack(0x000000a836300000,0x000000a836400000)]
  0x000001eb94004860 JavaThread "Finalizer" daemon [_thread_blocked, id=17128, stack(0x000000a836400000,0x000000a836500000)]
  0x000001eb9401c5a0 JavaThread "Signal Dispatcher" daemon [_thread_blocked, id=23664, stack(0x000000a836500000,0x000000a836600000)]
  0x000001eb9401ee80 JavaThread "Attach Listener" daemon [_thread_blocked, id=7832, stack(0x000000a836600000,0x000000a836700000)]
  0x000001eb94021760 JavaThread "Service Thread" daemon [_thread_blocked, id=14024, stack(0x000000a836700000,0x000000a836800000)]
  0x000001eb94022030 JavaThread "Monitor Deflation Thread" daemon [_thread_blocked, id=23100, stack(0x000000a836800000,0x000000a836900000)]
  0x000001eb94022ce0 JavaThread "C2 CompilerThread0" daemon [_thread_blocked, id=14604, stack(0x000000a836900000,0x000000a836a00000)]
  0x000001eb94028fe0 JavaThread "C1 CompilerThread0" daemon [_thread_blocked, id=17572, stack(0x000000a836a00000,0x000000a836b00000)]
  0x000001eb940a7240 JavaThread "Sweeper thread" daemon [_thread_blocked, id=2320, stack(0x000000a836b00000,0x000000a836c00000)]
  0x000001eb4ed279d0 JavaThread "Common-Cleaner" daemon [_thread_blocked, id=24216, stack(0x000000a836c00000,0x000000a836d00000)]
  0x000001eb94226c60 JavaThread "Notification Thread" daemon [_thread_blocked, id=25396, stack(0x000000a836d00000,0x000000a836e00000)]
  0x000001eb9412c570 JavaThread "Daemon health stats" [_thread_blocked, id=23452, stack(0x000000a837200000,0x000000a837300000)]
  0x000001eb95170490 JavaThread "Incoming local TCP Connector on port 49740" [_thread_in_native, id=13208, stack(0x000000a837300000,0x000000a837400000)]
  0x000001eb957182d0 JavaThread "Daemon periodic checks" [_thread_blocked, id=20668, stack(0x000000a837400000,0x000000a837500000)]
  0x000001eb9529f8c0 JavaThread "Daemon" [_thread_blocked, id=18912, stack(0x000000a837500000,0x000000a837600000)]
  0x000001eb942d8b30 JavaThread "Handler for socket connection from /127.0.0.1:49740 to /127.0.0.1:49741" [_thread_in_native, id=23712, stack(0x000000a837600000,0x000000a837700000)]
  0x000001eb94bf2560 JavaThread "Cancel handler" [_thread_blocked, id=20432, stack(0x000000a837700000,0x000000a837800000)]
=>0x000001eb94bf3490 JavaThread "Daemon worker" [_thread_in_vm, id=2492, stack(0x000000a837800000,0x000000a837900000)]
  0x000001eb94bf48d0 JavaThread "Asynchronous log dispatcher for DefaultDaemonConnection: socket connection from /127.0.0.1:49740 to /127.0.0.1:49741" [_thread_blocked, id=3364, stack(0x000000a837900000,0x000000a837a00000)]
  0x000001eb94bf2f80 JavaThread "Daemon client event forwarder" [_thread_blocked, id=23644, stack(0x000000a837b00000,0x000000a837c00000)]
  0x000001eb94bf39a0 JavaThread "Cache worker for journal cache (C:\Users\rizta\.gradle\caches\journal-1)" [_thread_blocked, id=20604, stack(0x000000a837e00000,0x000000a837f00000)]
  0x000001eb94bf3eb0 JavaThread "File lock request listener" [_thread_blocked, id=12388, stack(0x000000a837f00000,0x000000a838000000)]
  0x000001eb94bf43c0 JavaThread "Cache worker for file hash cache (C:\Users\rizta\.gradle\caches\8.8\fileHashes)" [_thread_blocked, id=22544, stack(0x000000a838000000,0x000000a838100000)]
  0x000001eb94bf4de0 JavaThread "File lock release action executor" [_thread_blocked, id=6756, stack(0x000000a838100000,0x000000a838200000)]
  0x000001eb94bf5800 JavaThread "Cache worker for file hash cache (G:\proyeksaya\kyusui\android\.gradle\8.8\fileHashes)" [_thread_blocked, id=23360, stack(0x000000a838200000,0x000000a838300000)]
  0x000001eb94bf2050 JavaThread "File watcher server" daemon [_thread_in_native, id=1848, stack(0x000000a838300000,0x000000a838400000)]
  0x000001eb972e8e00 JavaThread "File watcher consumer" daemon [_thread_blocked, id=6100, stack(0x000000a838400000,0x000000a838500000)]
  0x000001eb972ecac0 JavaThread "Cache worker for checksums cache (G:\proyeksaya\kyusui\android\.gradle\8.8\checksums)" [_thread_blocked, id=24816, stack(0x000000a838500000,0x000000a838600000)]
  0x000001eb972e9310 JavaThread "Cache worker for file content cache (C:\Users\rizta\.gradle\caches\8.8\fileContent)" [_thread_blocked, id=1648, stack(0x000000a838600000,0x000000a838700000)]
  0x000001eb972eb170 JavaThread "Cache worker for cache directory md-rule (C:\Users\rizta\.gradle\caches\8.8\md-rule)" [_thread_blocked, id=18972, stack(0x000000a838700000,0x000000a838800000)]
  0x000001eb972ebb90 JavaThread "Cache worker for cache directory md-supplier (C:\Users\rizta\.gradle\caches\8.8\md-supplier)" [_thread_blocked, id=24128, stack(0x000000a838800000,0x000000a838900000)]

Other Threads:
  0x000001eb4ed3a8e0 VMThread "VM Thread" [stack: 0x000000a836200000,0x000000a836300000] [id=17196] _threads_hazard_ptr=0x000001eb9730d770
  0x000001eb94227140 WatcherThread [stack: 0x000000a836e00000,0x000000a836f00000] [id=6480]
  0x000001eb2f438720 GCTaskThread "GC Thread#0" [stack: 0x000000a835d00000,0x000000a835e00000] [id=19928]
  0x000001eb9446e9d0 GCTaskThread "GC Thread#1" [stack: 0x000000a836f00000,0x000000a837000000] [id=24760]
  0x000001eb9446ec90 GCTaskThread "GC Thread#2" [stack: 0x000000a837000000,0x000000a837100000] [id=23596]
  0x000001eb9446ef50 GCTaskThread "GC Thread#3" [stack: 0x000000a837100000,0x000000a837200000] [id=22532]
  0x000001eb2f44a590 ConcurrentGCThread "G1 Main Marker" [stack: 0x000000a835e00000,0x000000a835f00000] [id=4784]
  0x000001eb2f44aec0 ConcurrentGCThread "G1 Conc#0" [stack: 0x000000a835f00000,0x000000a836000000] [id=22944]
  0x000001eb4ebf41e0 ConcurrentGCThread "G1 Refine#0" [stack: 0x000000a836000000,0x000000a836100000] [id=17256]
  0x000001eb959a9a90 ConcurrentGCThread "G1 Refine#1" [stack: 0x000000a835a00000,0x000000a835b00000] [id=19556]
  0x000001eb4ebf5590 ConcurrentGCThread "G1 Service" [stack: 0x000000a836100000,0x000000a836200000] [id=23280]

Threads with active compile tasks:

VM state: synchronizing (normal execution)

VM Mutex/Monitor currently owned by a thread:  ([mutex/lock_event])
[0x000001eb2ef4cf40] Metaspace_lock - owner thread: 0x000001eb94bf3490
[0x000001eb2ef4d690] Threads_lock - owner thread: 0x000001eb4ed3a8e0

Heap address: 0x0000000080000000, size: 2048 MB, Compressed Oops mode: 32-bit

CDS archive(s) mapped at: [0x000001eb4f000000-0x000001eb4fbb0000-0x000001eb4fbb0000), size 12255232, SharedBaseAddress: 0x000001eb4f000000, ArchiveRelocationMode: 1.
Compressed class space mapped at: 0x000001eb50000000-0x000001eb90000000, reserved size: 1073741824
Narrow klass base: 0x000001eb4f000000, Narrow klass shift: 0, Narrow klass range: 0x100000000

GC Precious Log:
 CPUs: 4 total, 4 available
 Memory: 20317M
 Large Page Support: Disabled
 NUMA Support: Disabled
 Compressed Oops: Enabled (32-bit)
 Heap Region Size: 1M
 Heap Min Capacity: 8M
 Heap Initial Capacity: 318M
 Heap Max Capacity: 2G
 Pre-touch: Disabled
 Parallel Workers: 4
 Concurrent Workers: 1
 Concurrent Refinement Workers: 4
 Periodic GC: Disabled

Heap:
 garbage-first heap   total 86016K, used 50436K [0x0000000080000000, 0x0000000100000000)
  region size 1024K, 21 young (21504K), 2 survivors (2048K)
 Metaspace       used 35254K, committed 35648K, reserved 1114112K
  class space    used 4992K, committed 5184K, reserved 1048576K

Heap Regions: E=young(eden), S=young(survivor), O=old, HS=humongous(starts), HC=humongous(continues), CS=collection set, F=free, OA=open archive, CA=closed archive, TAMS=top-at-mark-start (previous, next)
|   0|0x0000000080000000, 0x0000000080100000, 0x0000000080100000|100%| O|  |TAMS 0x0000000080100000, 0x0000000080000000| Untracked 
|   1|0x0000000080100000, 0x0000000080200000, 0x0000000080200000|100%|HS|  |TAMS 0x0000000080200000, 0x0000000080100000| Complete 
|   2|0x0000000080200000, 0x0000000080300000, 0x0000000080300000|100%|HC|  |TAMS 0x0000000080300000, 0x0000000080200000| Complete 
|   3|0x0000000080300000, 0x0000000080400000, 0x0000000080400000|100%|HC|  |TAMS 0x0000000080400000, 0x0000000080300000| Complete 
|   4|0x0000000080400000, 0x0000000080500000, 0x0000000080500000|100%|HC|  |TAMS 0x0000000080500000, 0x0000000080400000| Complete 
|   5|0x0000000080500000, 0x0000000080600000, 0x0000000080600000|100%| O|  |TAMS 0x0000000080600000, 0x0000000080500000| Untracked 
|   6|0x0000000080600000, 0x0000000080700000, 0x0000000080700000|100%| O|  |TAMS 0x0000000080700000, 0x0000000080600000| Untracked 
|   7|0x0000000080700000, 0x0000000080800000, 0x0000000080800000|100%| O|  |TAMS 0x0000000080800000, 0x0000000080700000| Untracked 
|   8|0x0000000080800000, 0x0000000080900000, 0x0000000080900000|100%| O|  |TAMS 0x0000000080900000, 0x0000000080800000| Untracked 
|   9|0x0000000080900000, 0x0000000080a00000, 0x0000000080a00000|100%| O|  |TAMS 0x0000000080a00000, 0x0000000080900000| Untracked 
|  10|0x0000000080a00000, 0x0000000080b00000, 0x0000000080b00000|100%| O|  |TAMS 0x0000000080b00000, 0x0000000080a00000| Untracked 
|  11|0x0000000080b00000, 0x0000000080b1ea00, 0x0000000080c00000| 11%| O|  |TAMS 0x0000000080b1ea00, 0x0000000080b00000| Untracked 
|  12|0x0000000080c00000, 0x0000000080d00000, 0x0000000080d00000|100%|HS|  |TAMS 0x0000000080d00000, 0x0000000080c00000| Complete 
|  13|0x0000000080d00000, 0x0000000080e00000, 0x0000000080e00000|100%| O|  |TAMS 0x0000000080d00000, 0x0000000080d00000| Untracked 
|  14|0x0000000080e00000, 0x0000000080f00000, 0x0000000080f00000|100%| O|  |TAMS 0x0000000080e00000, 0x0000000080e00000| Untracked 
|  15|0x0000000080f00000, 0x0000000081000000, 0x0000000081000000|100%| O|  |TAMS 0x0000000080f00000, 0x0000000080f00000| Untracked 
|  16|0x0000000081000000, 0x0000000081100000, 0x0000000081100000|100%| O|  |TAMS 0x0000000081000000, 0x0000000081000000| Untracked 
|  17|0x0000000081100000, 0x0000000081200000, 0x0000000081200000|100%| O|  |TAMS 0x0000000081100000, 0x0000000081100000| Untracked 
|  18|0x0000000081200000, 0x0000000081300000, 0x0000000081300000|100%| O|  |TAMS 0x0000000081200000, 0x0000000081200000| Untracked 
|  19|0x0000000081300000, 0x0000000081400000, 0x0000000081400000|100%| O|  |TAMS 0x0000000081300000, 0x0000000081300000| Untracked 
|  20|0x0000000081400000, 0x0000000081500000, 0x0000000081500000|100%| O|  |TAMS 0x0000000081400000, 0x0000000081400000| Untracked 
|  21|0x0000000081500000, 0x0000000081600000, 0x0000000081600000|100%| O|  |TAMS 0x0000000081500000, 0x0000000081500000| Untracked 
|  22|0x0000000081600000, 0x0000000081700000, 0x0000000081700000|100%| O|  |TAMS 0x0000000081600000, 0x0000000081600000| Untracked 
|  23|0x0000000081700000, 0x0000000081800000, 0x0000000081800000|100%| O|  |TAMS 0x0000000081700000, 0x0000000081700000| Untracked 
|  24|0x0000000081800000, 0x0000000081900000, 0x0000000081900000|100%| O|  |TAMS 0x0000000081800000, 0x0000000081800000| Untracked 
|  25|0x0000000081900000, 0x0000000081a00000, 0x0000000081a00000|100%| O|  |TAMS 0x0000000081900000, 0x0000000081900000| Untracked 
|  26|0x0000000081a00000, 0x0000000081b00000, 0x0000000081b00000|100%| O|  |TAMS 0x0000000081a00000, 0x0000000081a00000| Untracked 
|  27|0x0000000081b00000, 0x0000000081c00000, 0x0000000081c00000|100%| O|  |TAMS 0x0000000081b00000, 0x0000000081b00000| Untracked 
|  28|0x0000000081c00000, 0x0000000081d00000, 0x0000000081d00000|100%| O|  |TAMS 0x0000000081c00000, 0x0000000081c00000| Untracked 
|  29|0x0000000081d00000, 0x0000000081e00000, 0x0000000081e00000|100%| O|  |TAMS 0x0000000081d00000, 0x0000000081d00000| Untracked 
|  30|0x0000000081e00000, 0x0000000081e73e00, 0x0000000081f00000| 45%| O|  |TAMS 0x0000000081e00000, 0x0000000081e00000| Untracked 
|  31|0x0000000081f00000, 0x0000000081f00000, 0x0000000082000000|  0%| F|  |TAMS 0x0000000081f00000, 0x0000000081f00000| Untracked 
|  32|0x0000000082000000, 0x0000000082000000, 0x0000000082100000|  0%| F|  |TAMS 0x0000000082000000, 0x0000000082000000| Untracked 
|  33|0x0000000082100000, 0x0000000082100000, 0x0000000082200000|  0%| F|  |TAMS 0x0000000082100000, 0x0000000082100000| Untracked 
|  34|0x0000000082200000, 0x0000000082200000, 0x0000000082300000|  0%| F|  |TAMS 0x0000000082200000, 0x0000000082200000| Untracked 
|  35|0x0000000082300000, 0x0000000082300000, 0x0000000082400000|  0%| F|  |TAMS 0x0000000082300000, 0x0000000082300000| Untracked 
|  36|0x0000000082400000, 0x0000000082400000, 0x0000000082500000|  0%| F|  |TAMS 0x0000000082400000, 0x0000000082400000| Untracked 
|  37|0x0000000082500000, 0x0000000082500000, 0x0000000082600000|  0%| F|  |TAMS 0x0000000082500000, 0x0000000082500000| Untracked 
|  38|0x0000000082600000, 0x0000000082600000, 0x0000000082700000|  0%| F|  |TAMS 0x0000000082600000, 0x0000000082600000| Untracked 
|  39|0x0000000082700000, 0x0000000082700000, 0x0000000082800000|  0%| F|  |TAMS 0x0000000082700000, 0x0000000082700000| Untracked 
|  40|0x0000000082800000, 0x0000000082800000, 0x0000000082900000|  0%| F|  |TAMS 0x0000000082800000, 0x0000000082800000| Untracked 
|  41|0x0000000082900000, 0x0000000082900000, 0x0000000082a00000|  0%| F|  |TAMS 0x0000000082900000, 0x0000000082900000| Untracked 
|  42|0x0000000082a00000, 0x0000000082a00000, 0x0000000082b00000|  0%| F|  |TAMS 0x0000000082a00000, 0x0000000082a00000| Untracked 
|  43|0x0000000082b00000, 0x0000000082b00000, 0x0000000082c00000|  0%| F|  |TAMS 0x0000000082b00000, 0x0000000082b00000| Untracked 
|  44|0x0000000082c00000, 0x0000000082c00000, 0x0000000082d00000|  0%| F|  |TAMS 0x0000000082c00000, 0x0000000082c00000| Untracked 
|  45|0x0000000082d00000, 0x0000000082d00000, 0x0000000082e00000|  0%| F|  |TAMS 0x0000000082d00000, 0x0000000082d00000| Untracked 
|  46|0x0000000082e00000, 0x0000000082e00000, 0x0000000082f00000|  0%| F|  |TAMS 0x0000000082e00000, 0x0000000082e00000| Untracked 
|  47|0x0000000082f00000, 0x0000000082f00000, 0x0000000083000000|  0%| F|  |TAMS 0x0000000082f00000, 0x0000000082f00000| Untracked 
|  48|0x0000000083000000, 0x0000000083000000, 0x0000000083100000|  0%| F|  |TAMS 0x0000000083000000, 0x0000000083000000| Untracked 
|  49|0x0000000083100000, 0x00000000831aea30, 0x0000000083200000| 68%| S|CS|TAMS 0x0000000083100000, 0x0000000083100000| Complete 
|  50|0x0000000083200000, 0x0000000083300000, 0x0000000083300000|100%| S|CS|TAMS 0x0000000083200000, 0x0000000083200000| Complete 
|  51|0x0000000083300000, 0x0000000083300000, 0x0000000083400000|  0%| F|  |TAMS 0x0000000083300000, 0x0000000083300000| Untracked 
|  52|0x0000000083400000, 0x0000000083400000, 0x0000000083500000|  0%| F|  |TAMS 0x0000000083400000, 0x0000000083400000| Untracked 
|  53|0x0000000083500000, 0x0000000083500000, 0x0000000083600000|  0%| F|  |TAMS 0x0000000083500000, 0x0000000083500000| Untracked 
|  54|0x0000000083600000, 0x0000000083600000, 0x0000000083700000|  0%| F|  |TAMS 0x0000000083600000, 0x0000000083600000| Untracked 
|  55|0x0000000083700000, 0x0000000083700000, 0x0000000083800000|  0%| F|  |TAMS 0x0000000083700000, 0x0000000083700000| Untracked 
|  56|0x0000000083800000, 0x0000000083800000, 0x0000000083900000|  0%| F|  |TAMS 0x0000000083800000, 0x0000000083800000| Untracked 
|  57|0x0000000083900000, 0x0000000083900000, 0x0000000083a00000|  0%| F|  |TAMS 0x0000000083900000, 0x0000000083900000| Untracked 
|  58|0x0000000083a00000, 0x0000000083a00000, 0x0000000083b00000|  0%| F|  |TAMS 0x0000000083a00000, 0x0000000083a00000| Untracked 
|  59|0x0000000083b00000, 0x0000000083b00000, 0x0000000083c00000|  0%| F|  |TAMS 0x0000000083b00000, 0x0000000083b00000| Untracked 
|  60|0x0000000083c00000, 0x0000000083c00000, 0x0000000083d00000|  0%| F|  |TAMS 0x0000000083c00000, 0x0000000083c00000| Untracked 
|  61|0x0000000083d00000, 0x0000000083d00000, 0x0000000083e00000|  0%| F|  |TAMS 0x0000000083d00000, 0x0000000083d00000| Untracked 
|  62|0x0000000083e00000, 0x0000000083e00000, 0x0000000083f00000|  0%| F|  |TAMS 0x0000000083e00000, 0x0000000083e00000| Untracked 
|  63|0x0000000083f00000, 0x0000000083f00000, 0x0000000084000000|  0%| F|  |TAMS 0x0000000083f00000, 0x0000000083f00000| Untracked 
|  64|0x0000000084000000, 0x0000000084000000, 0x0000000084100000|  0%| F|  |TAMS 0x0000000084000000, 0x0000000084000000| Untracked 
|  65|0x0000000084100000, 0x0000000084200000, 0x0000000084200000|100%| E|  |TAMS 0x0000000084100000, 0x0000000084100000| Complete 
|  66|0x0000000084200000, 0x0000000084300000, 0x0000000084300000|100%| E|CS|TAMS 0x0000000084200000, 0x0000000084200000| Complete 
|  67|0x0000000084300000, 0x0000000084400000, 0x0000000084400000|100%| E|CS|TAMS 0x0000000084300000, 0x0000000084300000| Complete 
|  68|0x0000000084400000, 0x0000000084500000, 0x0000000084500000|100%| E|CS|TAMS 0x0000000084400000, 0x0000000084400000| Complete 
|  69|0x0000000084500000, 0x0000000084600000, 0x0000000084600000|100%| E|CS|TAMS 0x0000000084500000, 0x0000000084500000| Complete 
|  70|0x0000000084600000, 0x0000000084700000, 0x0000000084700000|100%| E|CS|TAMS 0x0000000084600000, 0x0000000084600000| Complete 
|  71|0x0000000084700000, 0x0000000084800000, 0x0000000084800000|100%| E|CS|TAMS 0x0000000084700000, 0x0000000084700000| Complete 
| 184|0x000000008b800000, 0x000000008b900000, 0x000000008b900000|100%| E|CS|TAMS 0x000000008b800000, 0x000000008b800000| Complete 
| 185|0x000000008b900000, 0x000000008ba00000, 0x000000008ba00000|100%| E|CS|TAMS 0x000000008b900000, 0x000000008b900000| Complete 
| 186|0x000000008ba00000, 0x000000008bb00000, 0x000000008bb00000|100%| E|CS|TAMS 0x000000008ba00000, 0x000000008ba00000| Complete 
| 187|0x000000008bb00000, 0x000000008bc00000, 0x000000008bc00000|100%| E|CS|TAMS 0x000000008bb00000, 0x000000008bb00000| Complete 
| 188|0x000000008bc00000, 0x000000008bd00000, 0x000000008bd00000|100%| E|CS|TAMS 0x000000008bc00000, 0x000000008bc00000| Complete 
| 189|0x000000008bd00000, 0x000000008be00000, 0x000000008be00000|100%| E|CS|TAMS 0x000000008bd00000, 0x000000008bd00000| Complete 
| 190|0x000000008be00000, 0x000000008bf00000, 0x000000008bf00000|100%| E|CS|TAMS 0x000000008be00000, 0x000000008be00000| Complete 
| 191|0x000000008bf00000, 0x000000008c000000, 0x000000008c000000|100%| E|CS|TAMS 0x000000008bf00000, 0x000000008bf00000| Complete 
| 192|0x000000008c000000, 0x000000008c100000, 0x000000008c100000|100%| E|CS|TAMS 0x000000008c000000, 0x000000008c000000| Complete 
| 193|0x000000008c100000, 0x000000008c200000, 0x000000008c200000|100%| E|CS|TAMS 0x000000008c100000, 0x000000008c100000| Complete 
| 194|0x000000008c200000, 0x000000008c300000, 0x000000008c300000|100%| E|CS|TAMS 0x000000008c200000, 0x000000008c200000| Complete 
| 317|0x0000000093d00000, 0x0000000093e00000, 0x0000000093e00000|100%| E|CS|TAMS 0x0000000093d00000, 0x0000000093d00000| Complete 

Card table byte_map: [0x000001eb47f00000,0x000001eb48300000] _byte_map_base: 0x000001eb47b00000

Marking Bits (Prev, Next): (CMBitMap*) 0x000001eb2f439ca0, (CMBitMap*) 0x000001eb2f439c60
 Prev Bits: [0x000001eb4a700000, 0x000001eb4c700000)
 Next Bits: [0x000001eb48700000, 0x000001eb4a700000)

Polling page: 0x000001eb2f0b0000

Metaspace:

Usage:
  Non-class:     29.55 MB used.
      Class:      4.88 MB used.
       Both:     34.43 MB used.

Virtual space:
  Non-class space:       64.00 MB reserved,      29.75 MB ( 46%) committed,  1 nodes.
      Class space:        1.00 GB reserved,       5.06 MB ( <1%) committed,  1 nodes.
             Both:        1.06 GB reserved,      34.81 MB (  3%) committed. 

Chunk freelists:
   Non-Class:  1.80 MB
       Class:  10.94 MB
        Both:  12.73 MB

MaxMetaspaceSize: unlimited
CompressedClassSpaceSize: 1.00 GB
Initial GC threshold: 21.00 MB
Current GC threshold: 35.12 MB
CDS: on
MetaspaceReclaimPolicy: balanced
 - commit_granule_bytes: 65536.
 - commit_granule_words: 8192.
 - virtual_space_node_default_size: 8388608.
 - enlarge_chunks_in_place: 1.
 - new_chunks_are_fully_committed: 0.
 - uncommit_free_chunks: 1.
 - use_allocation_guard: 0.
 - handle_deallocations: 1.


Internal statistics:

num_allocs_failed_limit: 3.
num_arena_births: 474.
num_arena_deaths: 0.
num_vsnodes_births: 2.
num_vsnodes_deaths: 0.
num_space_committed: 557.
num_space_uncommitted: 0.
num_chunks_returned_to_freelist: 3.
num_chunks_taken_from_freelist: 1822.
num_chunk_merges: 3.
num_chunk_splits: 1187.
num_chunks_enlarged: 804.
num_inconsistent_stats: 0.

CodeHeap 'non-profiled nmethods': size=120000Kb used=2654Kb max_used=2654Kb free=117346Kb
 bounds [0x000001eb3ffa0000, 0x000001eb40240000, 0x000001eb474d0000]
CodeHeap 'profiled nmethods': size=120000Kb used=8968Kb max_used=8968Kb free=111031Kb
 bounds [0x000001eb384d0000, 0x000001eb38da0000, 0x000001eb3fa00000]
CodeHeap 'non-nmethods': size=5760Kb used=1598Kb max_used=1661Kb free=4161Kb
 bounds [0x000001eb3fa00000, 0x000001eb3fc70000, 0x000001eb3ffa0000]
 total_blobs=5023 nmethods=4359 adapters=576
 compilation: enabled
              stopped_count=0, restarted_count=0
 full_count=0

Compilation events (20 events):
Event: 123.616 Thread 0x000001eb94022ce0 4352       4       org.objectweb.asm.ByteVector::put122 (93 bytes)
Event: 123.618 Thread 0x000001eb94022ce0 nmethod 4352 0x000001eb40234810 code [0x000001eb402349a0, 0x000001eb40234b88]
Event: 123.684 Thread 0x000001eb94028fe0 4353       3       com.google.common.collect.ImmutableSet::<init> (5 bytes)
Event: 123.685 Thread 0x000001eb94028fe0 nmethod 4353 0x000001eb38d8e210 code [0x000001eb38d8e3c0, 0x000001eb38d8e5f8]
Event: 123.760 Thread 0x000001eb94028fe0 4354       3       org.gradle.internal.instantiation.generator.AbstractClassGenerator$PropertyMetadata::addGetter (129 bytes)
Event: 123.761 Thread 0x000001eb94028fe0 nmethod 4354 0x000001eb38d8e710 code [0x000001eb38d8e9e0, 0x000001eb38d8fb88]
Event: 123.761 Thread 0x000001eb94028fe0 4355   !   3       java.lang.reflect.Field::declaredAnnotations (82 bytes)
Event: 123.762 Thread 0x000001eb94028fe0 nmethod 4355 0x000001eb38d8ff90 code [0x000001eb38d90180, 0x000001eb38d906a8]
Event: 123.784 Thread 0x000001eb94022ce0 4356       4       org.objectweb.asm.SymbolTable::addConstantUtf8 (98 bytes)
Event: 123.816 Thread 0x000001eb94028fe0 4357       3       org.gradle.model.internal.asm.MethodVisitorScope::_ASTORE (8 bytes)
Event: 123.816 Thread 0x000001eb94028fe0 nmethod 4357 0x000001eb38d90990 code [0x000001eb38d90b40, 0x000001eb38d90dc8]
Event: 123.836 Thread 0x000001eb94022ce0 nmethod 4356 0x000001eb40234d10 code [0x000001eb40234f20, 0x000001eb40236200]
Event: 124.017 Thread 0x000001eb94028fe0 4358       3       jdk.internal.jimage.BasicImageReader::getLocationIndex (52 bytes)
Event: 124.017 Thread 0x000001eb94028fe0 nmethod 4358 0x000001eb38d90f10 code [0x000001eb38d91100, 0x000001eb38d91598]
Event: 124.100 Thread 0x000001eb94028fe0 4359       3       java.util.concurrent.locks.ReentrantLock::tryLock (8 bytes)
Event: 124.100 Thread 0x000001eb94028fe0 nmethod 4359 0x000001eb38d91790 code [0x000001eb38d91940, 0x000001eb38d91a88]
Event: 124.100 Thread 0x000001eb94028fe0 4360       3       java.util.concurrent.locks.ReentrantLock$Sync::tryLock (63 bytes)
Event: 124.100 Thread 0x000001eb94028fe0 nmethod 4360 0x000001eb38d91b90 code [0x000001eb38d91d60, 0x000001eb38d921b8]
Event: 124.153 Thread 0x000001eb94022ce0 4361       4       java.lang.StringLatin1::regionMatchesCI (98 bytes)
Event: 124.165 Thread 0x000001eb94022ce0 nmethod 4361 0x000001eb40236c10 code [0x000001eb40236dc0, 0x000001eb402373f8]

GC Heap History (14 events):
Event: 1.783 GC heap before
{Heap before GC invocations=0 (full 0):
 garbage-first heap   total 325632K, used 14336K [0x0000000080000000, 0x0000000100000000)
  region size 1024K, 15 young (15360K), 0 survivors (0K)
 Metaspace       used 1051K, committed 1216K, reserved 1114112K
  class space    used 76K, committed 128K, reserved 1048576K
}
Event: 1.873 GC heap after
{Heap after GC invocations=1 (full 0):
 garbage-first heap   total 325632K, used 2542K [0x0000000080000000, 0x0000000100000000)
  region size 1024K, 2 young (2048K), 2 survivors (2048K)
 Metaspace       used 1051K, committed 1216K, reserved 1114112K
  class space    used 76K, committed 128K, reserved 1048576K
}
Event: 6.735 GC heap before
{Heap before GC invocations=1 (full 0):
 garbage-first heap   total 325632K, used 24046K [0x0000000080000000, 0x0000000100000000)
  region size 1024K, 20 young (20480K), 2 survivors (2048K)
 Metaspace       used 3997K, committed 4224K, reserved 1114112K
  class space    used 502K, committed 640K, reserved 1048576K
}
Event: 6.741 GC heap after
{Heap after GC invocations=2 (full 0):
 garbage-first heap   total 325632K, used 11305K [0x0000000080000000, 0x0000000100000000)
  region size 1024K, 3 young (3072K), 3 survivors (3072K)
 Metaspace       used 3997K, committed 4224K, reserved 1114112K
  class space    used 502K, committed 640K, reserved 1048576K
}
Event: 15.708 GC heap before
{Heap before GC invocations=2 (full 0):
 garbage-first heap   total 325632K, used 34857K [0x0000000080000000, 0x0000000100000000)
  region size 1024K, 26 young (26624K), 3 survivors (3072K)
 Metaspace       used 4074K, committed 4288K, reserved 1114112K
  class space    used 504K, committed 640K, reserved 1048576K
}
Event: 15.711 GC heap after
{Heap after GC invocations=3 (full 0):
 garbage-first heap   total 325632K, used 12072K [0x0000000080000000, 0x0000000100000000)
  region size 1024K, 1 young (1024K), 1 survivors (1024K)
 Metaspace       used 4074K, committed 4288K, reserved 1114112K
  class space    used 504K, committed 640K, reserved 1048576K
}
Event: 77.852 GC heap before
{Heap before GC invocations=3 (full 0):
 garbage-first heap   total 325632K, used 138024K [0x0000000080000000, 0x0000000100000000)
  region size 1024K, 123 young (125952K), 1 survivors (1024K)
 Metaspace       used 21206K, committed 21504K, reserved 1114112K
  class space    used 3091K, committed 3264K, reserved 1048576K
}
Event: 77.872 GC heap after
{Heap after GC invocations=4 (full 0):
 garbage-first heap   total 325632K, used 23656K [0x0000000080000000, 0x0000000100000000)
  region size 1024K, 11 young (11264K), 11 survivors (11264K)
 Metaspace       used 21206K, committed 21504K, reserved 1114112K
  class space    used 3091K, committed 3264K, reserved 1048576K
}
Event: 91.622 GC heap before
{Heap before GC invocations=5 (full 0):
 garbage-first heap   total 86016K, used 63592K [0x0000000080000000, 0x0000000100000000)
  region size 1024K, 50 young (51200K), 11 survivors (11264K)
 Metaspace       used 25928K, committed 26304K, reserved 1114112K
  class space    used 3801K, committed 3968K, reserved 1048576K
}
Event: 91.640 GC heap after
{Heap after GC invocations=6 (full 0):
 garbage-first heap   total 86016K, used 25917K [0x0000000080000000, 0x0000000100000000)
  region size 1024K, 3 young (3072K), 3 survivors (3072K)
 Metaspace       used 25928K, committed 26304K, reserved 1114112K
  class space    used 3801K, committed 3968K, reserved 1048576K
}
Event: 102.018 GC heap before
{Heap before GC invocations=6 (full 0):
 garbage-first heap   total 86016K, used 62781K [0x0000000080000000, 0x0000000100000000)
  region size 1024K, 40 young (40960K), 3 survivors (3072K)
 Metaspace       used 31485K, committed 31872K, reserved 1114112K
  class space    used 4393K, committed 4608K, reserved 1048576K
}
Event: 102.028 GC heap after
{Heap after GC invocations=7 (full 0):
 garbage-first heap   total 86016K, used 30291K [0x0000000080000000, 0x0000000100000000)
  region size 1024K, 5 young (5120K), 5 survivors (5120K)
 Metaspace       used 31485K, committed 31872K, reserved 1114112K
  class space    used 4393K, committed 4608K, reserved 1048576K
}
Event: 110.583 GC heap before
{Heap before GC invocations=7 (full 0):
 garbage-first heap   total 86016K, used 64083K [0x0000000080000000, 0x0000000100000000)
  region size 1024K, 38 young (38912K), 5 survivors (5120K)
 Metaspace       used 33193K, committed 33664K, reserved 1114112K
  class space    used 4644K, committed 4864K, reserved 1048576K
}
Event: 110.597 GC heap after
{Heap after GC invocations=8 (full 0):
 garbage-first heap   total 86016K, used 32004K [0x0000000080000000, 0x0000000100000000)
  region size 1024K, 2 young (2048K), 2 survivors (2048K)
 Metaspace       used 33193K, committed 33664K, reserved 1114112K
  class space    used 4644K, committed 4864K, reserved 1048576K
}

Dll operation events (15 events):
Event: 0.027 Loaded shared library G:\proyeksaya\kyusui\jdk17\jdk-17.0.11+9\bin\java.dll
Event: 0.088 Loaded shared library G:\proyeksaya\kyusui\jdk17\jdk-17.0.11+9\bin\jsvml.dll
Event: 0.360 Loaded shared library G:\proyeksaya\kyusui\jdk17\jdk-17.0.11+9\bin\zip.dll
Event: 0.379 Loaded shared library G:\proyeksaya\kyusui\jdk17\jdk-17.0.11+9\bin\instrument.dll
Event: 0.389 Loaded shared library G:\proyeksaya\kyusui\jdk17\jdk-17.0.11+9\bin\net.dll
Event: 0.392 Loaded shared library G:\proyeksaya\kyusui\jdk17\jdk-17.0.11+9\bin\nio.dll
Event: 0.398 Loaded shared library G:\proyeksaya\kyusui\jdk17\jdk-17.0.11+9\bin\zip.dll
Event: 1.477 Loaded shared library G:\proyeksaya\kyusui\jdk17\jdk-17.0.11+9\bin\jimage.dll
Event: 2.000 Loaded shared library G:\proyeksaya\kyusui\jdk17\jdk-17.0.11+9\bin\verify.dll
Event: 2.834 Loaded shared library C:\Users\rizta\.gradle\native\c067742578af261105cb4f569cf0c3c89f3d7b1fecec35dd04571415982c5e48\windows-amd64\native-platform.dll
Event: 2.841 Loaded shared library C:\Users\rizta\.gradle\native\100fb08df4bc3b14c8652ba06237920a3bd2aa13389f12d3474272988ae205f9\windows-amd64\native-platform-file-events.dll
Event: 25.191 Loaded shared library G:\proyeksaya\kyusui\jdk17\jdk-17.0.11+9\bin\management.dll
Event: 25.216 Loaded shared library G:\proyeksaya\kyusui\jdk17\jdk-17.0.11+9\bin\management_ext.dll
Event: 39.980 Loaded shared library G:\proyeksaya\kyusui\jdk17\jdk-17.0.11+9\bin\extnet.dll
Event: 50.705 Loaded shared library G:\proyeksaya\kyusui\jdk17\jdk-17.0.11+9\bin\sunmscapi.dll

Deoptimization events (20 events):
Event: 116.601 Thread 0x000001eb94bf3490 DEOPT PACKING pc=0x000001eb40121b9c sp=0x000000a8378f73f0
Event: 116.601 Thread 0x000001eb94bf3490 DEOPT UNPACKING pc=0x000001eb3fa569a3 sp=0x000000a8378f7348 mode 2
Event: 121.158 Thread 0x000001eb94bf3490 DEOPT PACKING pc=0x000001eb389249a3 sp=0x000000a8378f8540
Event: 121.158 Thread 0x000001eb94bf3490 DEOPT UNPACKING pc=0x000001eb3fa57143 sp=0x000000a8378f79b0 mode 0
Event: 123.979 Thread 0x000001eb94bf3490 Uncommon trap: trap_request=0xffffff45 fr.pc=0x000001eb40160538 relative=0x0000000000000118
Event: 123.979 Thread 0x000001eb94bf3490 Uncommon trap: reason=unstable_if action=reinterpret pc=0x000001eb40160538 method=java.util.Arrays.hashCode([Ljava/lang/Object;)I @ 34 c2
Event: 123.979 Thread 0x000001eb94bf3490 DEOPT PACKING pc=0x000001eb40160538 sp=0x000000a8378f9970
Event: 123.979 Thread 0x000001eb94bf3490 DEOPT UNPACKING pc=0x000001eb3fa569a3 sp=0x000000a8378f98e8 mode 2
Event: 124.153 Thread 0x000001eb94bf3490 Uncommon trap: trap_request=0xffffffde fr.pc=0x000001eb40175684 relative=0x00000000000026e4
Event: 124.153 Thread 0x000001eb94bf3490 Uncommon trap: reason=class_check action=maybe_recompile pc=0x000001eb40175684 method=jdk.internal.loader.URLClassPath.getLoader(I)Ljdk/internal/loader/URLClassPath$Loader; @ 190 c2
Event: 124.153 Thread 0x000001eb94bf3490 DEOPT PACKING pc=0x000001eb40175684 sp=0x000000a8378f9540
Event: 124.153 Thread 0x000001eb94bf3490 DEOPT UNPACKING pc=0x000001eb3fa569a3 sp=0x000000a8378f9530 mode 2
Event: 124.153 Thread 0x000001eb94bf3490 Uncommon trap: trap_request=0xffffffde fr.pc=0x000001eb401c89cc relative=0x000000000000544c
Event: 124.153 Thread 0x000001eb94bf3490 Uncommon trap: reason=class_check action=maybe_recompile pc=0x000001eb401c89cc method=jdk.internal.loader.URLClassPath.getResource(Ljava/lang/String;Z)Ljdk/internal/loader/Resource; @ 53 c2
Event: 124.153 Thread 0x000001eb94bf3490 DEOPT PACKING pc=0x000001eb401c89cc sp=0x000000a8378f9600
Event: 124.153 Thread 0x000001eb94bf3490 DEOPT UNPACKING pc=0x000001eb3fa569a3 sp=0x000000a8378f95b8 mode 2
Event: 124.153 Thread 0x000001eb94bf3490 Uncommon trap: trap_request=0xffffff45 fr.pc=0x000001eb40093ee0 relative=0x0000000000000620
Event: 124.153 Thread 0x000001eb94bf3490 Uncommon trap: reason=unstable_if action=reinterpret pc=0x000001eb40093ee0 method=java.lang.String.regionMatches(ZILjava/lang/String;II)Z @ 36 c2
Event: 124.153 Thread 0x000001eb94bf3490 DEOPT PACKING pc=0x000001eb40093ee0 sp=0x000000a8378f9330
Event: 124.153 Thread 0x000001eb94bf3490 DEOPT UNPACKING pc=0x000001eb3fa569a3 sp=0x000000a8378f92a8 mode 2

Classes unloaded (0 events):
No events

Classes redefined (0 events):
No events

Internal exceptions (20 events):
Event: 104.154 Thread 0x000001eb94bf3490 Exception <a 'java/lang/NoSuchMethodError'{0x000000008badab58}: 'java.lang.Object java.lang.invoke.DirectMethodHandle$Holder.invokeStatic(java.lang.Object, java.lang.Object, java.lang.Object, java.lang.Object, java.lang.Object, java.lang.Object, java.lang.Object, java.lang.Object, java.lang.Object, java.lang.Object, java.lang.Object, java.lang.Object, java.lang.Object, java.lang.Object, java.lang.Object, java.lang.Object, java.lang.Object, java.lang.Object, java.lang.Object, java.lang.Object, java.lang.Obj
Event: 104.188 Thread 0x000001eb94bf3490 Exception <a 'java/lang/NoSuchMethodError'{0x000000008b90c1d8}: 'java.lang.Object java.lang.invoke.DirectMethodHandle$Holder.invokeStatic(java.lang.Object, java.lang.Object, java.lang.Object, java.lang.Object, java.lang.Object, java.lang.Object, java.lang.Object, java.lang.Object, java.lang.Object, java.lang.Object, java.lang.Object, java.lang.Object, java.lang.Object, java.lang.Object, java.lang.Object, java.lang.Object, java.lang.Object, java.lang.Object, java.lang.Object, java.lang.Object, java.lang.Obj
Event: 104.221 Thread 0x000001eb94bf3490 Exception <a 'java/lang/NoSuchMethodError'{0x000000008b93e668}: 'java.lang.Object java.lang.invoke.DirectMethodHandle$Holder.invokeStatic(java.lang.Object, java.lang.Object, java.lang.Object, java.lang.Object, java.lang.Object, java.lang.Object, java.lang.Object, java.lang.Object, java.lang.Object, java.lang.Object, java.lang.Object, java.lang.Object, java.lang.Object, java.lang.Object, java.lang.Object, java.lang.Object, java.lang.Object, java.lang.Object, java.lang.Object, java.lang.Object, java.lang.Obj
Event: 109.433 Thread 0x000001eb94bf3490 Exception <a 'java/lang/IncompatibleClassChangeError'{0x00000000836aeb80}: Found class java.lang.Object, but interface was expected> (0x00000000836aeb80) 
thrown [s\src\hotspot\share\interpreter\linkResolver.cpp, line 826]
Event: 109.718 Thread 0x000001eb94bf3490 Exception <a 'java/lang/NoSuchMethodError'{0x0000000083573690}: 'java.lang.Object java.lang.invoke.DirectMethodHandle$Holder.newInvokeSpecial(java.lang.Object, java.lang.Object, long)'> (0x0000000083573690) 
thrown [s\src\hotspot\share\interpreter\linkResolver.cpp, line 759]
Event: 109.719 Thread 0x000001eb94bf3490 Exception <a 'java/lang/NoSuchMethodError'{0x0000000083577f48}: 'java.lang.Object java.lang.invoke.Invokers$Holder.linkToTargetMethod(java.lang.Object, long, java.lang.Object)'> (0x0000000083577f48) 
thrown [s\src\hotspot\share\interpreter\linkResolver.cpp, line 759]
Event: 110.431 Thread 0x000001eb94bf3490 Exception <a 'java/lang/NoSuchMethodError'{0x000000008334ce90}: 'int java.lang.invoke.DirectMethodHandle$Holder.invokeInterface(java.lang.Object, java.lang.Object)'> (0x000000008334ce90) 
thrown [s\src\hotspot\share\interpreter\linkResolver.cpp, line 759]
Event: 113.251 Thread 0x000001eb94bf3490 Exception <a 'java/lang/NoSuchMethodError'{0x000000008c04d520}: 'java.lang.Object java.lang.invoke.DirectMethodHandle$Holder.invokeVirtual(java.lang.Object, java.lang.Object, int)'> (0x000000008c04d520) 
thrown [s\src\hotspot\share\interpreter\linkResolver.cpp, line 759]
Event: 117.775 Thread 0x000001eb94bf3490 Exception <a 'java/lang/NoSuchMethodError'{0x000000008bb15dd8}: 'java.lang.Object java.lang.invoke.DirectMethodHandle$Holder.newInvokeSpecial(java.lang.Object, java.lang.Object, java.lang.Object, java.lang.Object, int)'> (0x000000008bb15dd8) 
thrown [s\src\hotspot\share\interpreter\linkResolver.cpp, line 759]
Event: 117.776 Thread 0x000001eb94bf3490 Exception <a 'java/lang/NoSuchMethodError'{0x000000008bb1ae58}: 'java.lang.Object java.lang.invoke.DirectMethodHandle$Holder.invokeSpecial(java.lang.Object, java.lang.Object, java.lang.Object, java.lang.Object, java.lang.Object, int)'> (0x000000008bb1ae58) 
thrown [s\src\hotspot\share\interpreter\linkResolver.cpp, line 759]
Event: 117.778 Thread 0x000001eb94bf3490 Exception <a 'java/lang/NoSuchMethodError'{0x000000008bb1f888}: 'java.lang.Object java.lang.invoke.Invokers$Holder.linkToTargetMethod(java.lang.Object, java.lang.Object, java.lang.Object, int, java.lang.Object)'> (0x000000008bb1f888) 
thrown [s\src\hotspot\share\interpreter\linkResolver.cpp, line 759]
Event: 119.271 Thread 0x000001eb94bf3490 Exception <a 'java/lang/NoSuchMethodError'{0x000000008b98f6e0}: 'int java.lang.invoke.DirectMethodHandle$Holder.invokeInterface(java.lang.Object, java.lang.Object, java.lang.Object, java.lang.Object)'> (0x000000008b98f6e0) 
thrown [s\src\hotspot\share\interpreter\linkResolver.cpp, line 759]
Event: 120.373 Thread 0x000001eb94bf3490 Exception <a 'java/lang/NoSuchMethodError'{0x0000000084607d38}: 'java.lang.Object java.lang.invoke.DirectMethodHandle$Holder.invokeStatic(java.lang.Object, long, java.lang.Object)'> (0x0000000084607d38) 
thrown [s\src\hotspot\share\interpreter\linkResolver.cpp, line 759]
Event: 120.391 Thread 0x000001eb94bf3490 Exception <a 'java/lang/NoSuchMethodError'{0x000000008460fb90}: 'java.lang.Object java.lang.invoke.DirectMethodHandle$Holder.newInvokeSpecial(java.lang.Object, long)'> (0x000000008460fb90) 
thrown [s\src\hotspot\share\interpreter\linkResolver.cpp, line 759]
Event: 121.159 Thread 0x000001eb94bf3490 Exception <a 'java/lang/NoSuchMethodError'{0x000000008466cc28}: 'java.lang.Object java.lang.invoke.DirectMethodHandle$Holder.newInvokeSpecial(java.lang.Object, java.lang.Object, java.lang.Object, java.lang.Object, java.lang.Object, long)'> (0x000000008466cc28) 
thrown [s\src\hotspot\share\interpreter\linkResolver.cpp, line 759]
Event: 121.160 Thread 0x000001eb94bf3490 Exception <a 'java/lang/NoSuchMethodError'{0x0000000084671d38}: 'java.lang.Object java.lang.invoke.DirectMethodHandle$Holder.invokeSpecial(java.lang.Object, java.lang.Object, java.lang.Object, java.lang.Object, java.lang.Object, java.lang.Object, long)'> (0x0000000084671d38) 
thrown [s\src\hotspot\share\interpreter\linkResolver.cpp, line 759]
Event: 121.392 Thread 0x000001eb94bf3490 Exception <a 'java/lang/NoSuchMethodError'{0x00000000846be610}: 'java.lang.Object java.lang.invoke.DirectMethodHandle$Holder.newInvokeSpecial(java.lang.Object, java.lang.Object, java.lang.Object, long)'> (0x00000000846be610) 
thrown [s\src\hotspot\share\interpreter\linkResolver.cpp, line 759]
Event: 121.418 Thread 0x000001eb94bf3490 Exception <a 'java/lang/NoSuchMethodError'{0x00000000846c33a8}: 'java.lang.Object java.lang.invoke.DirectMethodHandle$Holder.invokeSpecial(java.lang.Object, java.lang.Object, java.lang.Object, java.lang.Object, long)'> (0x00000000846c33a8) 
thrown [s\src\hotspot\share\interpreter\linkResolver.cpp, line 759]
Event: 121.419 Thread 0x000001eb94bf3490 Exception <a 'java/lang/NoSuchMethodError'{0x00000000846c7828}: 'java.lang.Object java.lang.invoke.Invokers$Holder.linkToTargetMethod(java.lang.Object, java.lang.Object, long, java.lang.Object)'> (0x00000000846c7828) 
thrown [s\src\hotspot\share\interpreter\linkResolver.cpp, line 759]
Event: 123.979 Thread 0x000001eb94bf3490 Implicit null exception at 0x000001eb4016046c to 0x000001eb4016051c

VM Operations (20 events):
Event: 116.869 Executing VM operation: Cleanup
Event: 116.917 Executing VM operation: Cleanup done
Event: 117.289 Executing VM operation: HandshakeAllThreads
Event: 117.289 Executing VM operation: HandshakeAllThreads done
Event: 118.302 Executing VM operation: Cleanup
Event: 118.318 Executing VM operation: Cleanup done
Event: 118.865 Executing VM operation: HandshakeAllThreads
Event: 118.866 Executing VM operation: HandshakeAllThreads done
Event: 119.016 Executing VM operation: HandshakeAllThreads
Event: 119.016 Executing VM operation: HandshakeAllThreads done
Event: 119.237 Executing VM operation: HandshakeAllThreads
Event: 119.238 Executing VM operation: HandshakeAllThreads done
Event: 120.184 Executing VM operation: HandshakeAllThreads
Event: 120.194 Executing VM operation: HandshakeAllThreads done
Event: 120.194 Executing VM operation: Cleanup
Event: 120.226 Executing VM operation: Cleanup done
Event: 122.229 Executing VM operation: Cleanup
Event: 122.229 Executing VM operation: Cleanup done
Event: 123.240 Executing VM operation: Cleanup
Event: 123.274 Executing VM operation: Cleanup done

Events (20 events):
Event: 104.047 loading class java/lang/invoke/BoundMethodHandle$Species_LLLLLLLLLLLLLLLLLLL done
Event: 104.131 loading class java/lang/invoke/BoundMethodHandle$Species_LLLLLLLLLLLLLLLLLLLL
Event: 104.131 loading class java/lang/invoke/BoundMethodHandle$Species_LLLLLLLLLLLLLLLLLLLL done
Event: 104.152 loading class java/lang/invoke/BoundMethodHandle$Species_LLLLLLLLLLLLLLLLLLLLL
Event: 104.152 loading class java/lang/invoke/BoundMethodHandle$Species_LLLLLLLLLLLLLLLLLLLLL done
Event: 104.168 loading class java/lang/invoke/BoundMethodHandle$Species_LLLLLLLLLLLLLLLLLLLLLL
Event: 104.168 loading class java/lang/invoke/BoundMethodHandle$Species_LLLLLLLLLLLLLLLLLLLLLL done
Event: 104.204 loading class java/lang/invoke/BoundMethodHandle$Species_LLLLLLLLLLLLLLLLLLLLLLL
Event: 104.204 loading class java/lang/invoke/BoundMethodHandle$Species_LLLLLLLLLLLLLLLLLLLLLLL done
Event: 110.258 loading class java/nio/charset/CharacterCodingException
Event: 110.258 loading class java/nio/charset/CharacterCodingException done
Event: 113.199 Thread 0x000001eb94bf2a70 Thread exited: 0x000001eb94bf2a70
Event: 113.253 loading class java/util/stream/Streams$RangeIntSpliterator
Event: 113.283 loading class java/util/stream/Streams$RangeIntSpliterator done
Event: 114.057 loading class jdk/internal/loader/URLClassPath$FileLoader
Event: 114.057 loading class jdk/internal/loader/URLClassPath$FileLoader done
Event: 114.101 loading class jdk/internal/loader/URLClassPath$FileLoader$1
Event: 114.101 loading class jdk/internal/loader/URLClassPath$FileLoader$1 done
Event: 119.014 loading class java/util/ArrayList$ListItr
Event: 119.015 loading class java/util/ArrayList$ListItr done


Dynamic libraries:
0x00007ff6c6eb0000 - 0x00007ff6c6ebe000 	G:\proyeksaya\kyusui\jdk17\jdk-17.0.11+9\bin\java.exe
0x00007ffc15fa0000 - 0x00007ffc16207000 	C:\WINDOWS\SYSTEM32\ntdll.dll
0x00007ffc152c0000 - 0x00007ffc1538b000 	C:\WINDOWS\System32\KERNEL32.DLL
0x00007ffc132e0000 - 0x00007ffc136e2000 	C:\WINDOWS\System32\KERNELBASE.dll
0x00007ffc13a30000 - 0x00007ffc13b7c000 	C:\WINDOWS\System32\ucrtbase.dll
0x00007ffc0dab0000 - 0x00007ffc0dac7000 	G:\proyeksaya\kyusui\jdk17\jdk-17.0.11+9\bin\jli.dll
0x00007ffc13f40000 - 0x00007ffc1410f000 	C:\WINDOWS\System32\USER32.dll
0x00007ffc13940000 - 0x00007ffc13967000 	C:\WINDOWS\System32\win32u.dll
0x00007ffc159b0000 - 0x00007ffc159db000 	C:\WINDOWS\System32\GDI32.dll
0x00007ffc13b90000 - 0x00007ffc13cb9000 	C:\WINDOWS\System32\gdi32full.dll
0x00007ffc13230000 - 0x00007ffc132d3000 	C:\WINDOWS\System32\msvcp_win.dll
0x00007ffc0bbc0000 - 0x00007ffc0bbdb000 	G:\proyeksaya\kyusui\jdk17\jdk-17.0.11+9\bin\VCRUNTIME140.dll
0x00007ffc04620000 - 0x00007ffc048b0000 	C:\WINDOWS\WinSxS\amd64_microsoft.windows.common-controls_6595b64144ccf1df_6.0.26100.9278_none_3e0d1ba8e3303201\COMCTL32.dll
0x00007ffc15e80000 - 0x00007ffc15f29000 	C:\WINDOWS\System32\msvcrt.dll
0x00007ffc15d20000 - 0x00007ffc15d51000 	C:\WINDOWS\System32\IMM32.DLL
0x00007ffc0d9d0000 - 0x00007ffc0d9dc000 	G:\proyeksaya\kyusui\jdk17\jdk-17.0.11+9\bin\vcruntime140_1.dll
0x00007ffbed250000 - 0x00007ffbed2dd000 	G:\proyeksaya\kyusui\jdk17\jdk-17.0.11+9\bin\msvcp140.dll
0x00007ffba1670000 - 0x00007ffba22d2000 	G:\proyeksaya\kyusui\jdk17\jdk-17.0.11+9\bin\server\jvm.dll
0x00007ffc15a60000 - 0x00007ffc15b1c000 	C:\WINDOWS\System32\ADVAPI32.dll
0x00007ffc14bc0000 - 0x00007ffc14c69000 	C:\WINDOWS\System32\sechost.dll
0x00007ffc15390000 - 0x00007ffc154a8000 	C:\WINDOWS\System32\RPCRT4.dll
0x00007ffc13020000 - 0x00007ffc1307e000 	C:\WINDOWS\SYSTEM32\POWRPROF.dll
0x00007ffc0abe0000 - 0x00007ffc0abea000 	C:\WINDOWS\SYSTEM32\WSOCK32.dll
0x00007ffc154b0000 - 0x00007ffc15530000 	C:\WINDOWS\System32\WS2_32.dll
0x00007ffc06880000 - 0x00007ffc068b6000 	C:\WINDOWS\SYSTEM32\WINMM.dll
0x00007ffc0ba70000 - 0x00007ffc0ba7b000 	C:\WINDOWS\SYSTEM32\VERSION.dll
0x00007ffc13000000 - 0x00007ffc13015000 	C:\WINDOWS\SYSTEM32\UMPDC.dll
0x00007ffc11e10000 - 0x00007ffc11e2b000 	C:\WINDOWS\SYSTEM32\kernel.appcore.dll
0x00007ffc0ab70000 - 0x00007ffc0ab7a000 	G:\proyeksaya\kyusui\jdk17\jdk-17.0.11+9\bin\jimage.dll
0x00007ffc108b0000 - 0x00007ffc10afc000 	C:\WINDOWS\SYSTEM32\DBGHELP.DLL
0x00007ffc15620000 - 0x00007ffc159a5000 	C:\WINDOWS\System32\combase.dll
0x00007ffc15540000 - 0x00007ffc15619000 	C:\WINDOWS\System32\OLEAUT32.dll
0x00007ffbf6680000 - 0x00007ffbf66bb000 	C:\WINDOWS\SYSTEM32\dbgcore.DLL
0x00007ffc13970000 - 0x00007ffc13a1c000 	C:\WINDOWS\System32\bcryptPrimitives.dll
0x00007ffc0ab40000 - 0x00007ffc0ab4e000 	G:\proyeksaya\kyusui\jdk17\jdk-17.0.11+9\bin\instrument.dll
0x00007ffc05b30000 - 0x00007ffc05b55000 	G:\proyeksaya\kyusui\jdk17\jdk-17.0.11+9\bin\java.dll
0x00007ffbe73f0000 - 0x00007ffbe74c7000 	G:\proyeksaya\kyusui\jdk17\jdk-17.0.11+9\bin\jsvml.dll
0x00007ffc14280000 - 0x00007ffc14a18000 	C:\WINDOWS\System32\SHELL32.dll
0x00007ffc10bb0000 - 0x00007ffc1145e000 	C:\WINDOWS\SYSTEM32\windows.storage.dll
0x00007ffc13e30000 - 0x00007ffc13f2b000 	C:\WINDOWS\System32\SHCORE.dll
0x00007ffc13dc0000 - 0x00007ffc13e26000 	C:\WINDOWS\System32\shlwapi.dll
0x00007ffc130c0000 - 0x00007ffc130e9000 	C:\WINDOWS\SYSTEM32\profapi.dll
0x00007ffc04b90000 - 0x00007ffc04ba8000 	G:\proyeksaya\kyusui\jdk17\jdk-17.0.11+9\bin\zip.dll
0x00007ffc04b50000 - 0x00007ffc04b69000 	G:\proyeksaya\kyusui\jdk17\jdk-17.0.11+9\bin\net.dll
0x00007ffc0a330000 - 0x00007ffc0a45a000 	C:\WINDOWS\SYSTEM32\WINHTTP.dll
0x00007ffc12400000 - 0x00007ffc1246c000 	C:\WINDOWS\system32\mswsock.dll
0x00007ffc042f0000 - 0x00007ffc04306000 	G:\proyeksaya\kyusui\jdk17\jdk-17.0.11+9\bin\nio.dll
0x00007ffc09e80000 - 0x00007ffc09e90000 	G:\proyeksaya\kyusui\jdk17\jdk-17.0.11+9\bin\verify.dll
0x00007ffbed5b0000 - 0x00007ffbed5d7000 	C:\Users\rizta\.gradle\native\c067742578af261105cb4f569cf0c3c89f3d7b1fecec35dd04571415982c5e48\windows-amd64\native-platform.dll
0x00007ffb96d50000 - 0x00007ffb96e94000 	C:\Users\rizta\.gradle\native\100fb08df4bc3b14c8652ba06237920a3bd2aa13389f12d3474272988ae205f9\windows-amd64\native-platform-file-events.dll
0x00007ffc09c60000 - 0x00007ffc09c69000 	G:\proyeksaya\kyusui\jdk17\jdk-17.0.11+9\bin\management.dll
0x00007ffc09c00000 - 0x00007ffc09c0b000 	G:\proyeksaya\kyusui\jdk17\jdk-17.0.11+9\bin\management_ext.dll
0x00007ffc15b30000 - 0x00007ffc15b38000 	C:\WINDOWS\System32\PSAPI.DLL
0x00007ffc12710000 - 0x00007ffc1272b000 	C:\WINDOWS\SYSTEM32\CRYPTSP.dll
0x00007ffc11d70000 - 0x00007ffc11da9000 	C:\WINDOWS\system32\rsaenh.dll
0x00007ffc124b0000 - 0x00007ffc124e4000 	C:\WINDOWS\SYSTEM32\USERENV.dll
0x00007ffc13090000 - 0x00007ffc130ba000 	C:\WINDOWS\SYSTEM32\bcrypt.dll
0x00007ffc126f0000 - 0x00007ffc126fc000 	C:\WINDOWS\SYSTEM32\CRYPTBASE.dll
0x00007ffc117b0000 - 0x00007ffc117e3000 	C:\WINDOWS\SYSTEM32\IPHLPAPI.DLL
0x00007ffc13f30000 - 0x00007ffc13f3a000 	C:\WINDOWS\System32\NSI.dll
0x00007ffc0a080000 - 0x00007ffc0a09d000 	C:\WINDOWS\SYSTEM32\dhcpcsvc6.DLL
0x00007ffc0a050000 - 0x00007ffc0a075000 	C:\WINDOWS\SYSTEM32\dhcpcsvc.DLL
0x00007ffc11840000 - 0x00007ffc11998000 	C:\WINDOWS\SYSTEM32\DNSAPI.dll
0x00007ffc121c0000 - 0x00007ffc121cd000 	C:\WINDOWS\SYSTEM32\DSPARSE.dll
0x00007ffc09aa0000 - 0x00007ffc09aa9000 	G:\proyeksaya\kyusui\jdk17\jdk-17.0.11+9\bin\extnet.dll
0x00007ffc05af0000 - 0x00007ffc05afe000 	G:\proyeksaya\kyusui\jdk17\jdk-17.0.11+9\bin\sunmscapi.dll
0x00007ffc137b0000 - 0x00007ffc1392e000 	C:\WINDOWS\System32\CRYPT32.dll
0x00007ffc12960000 - 0x00007ffc12990000 	C:\WINDOWS\SYSTEM32\ncrypt.dll
0x00007ffc12910000 - 0x00007ffc1294f000 	C:\WINDOWS\SYSTEM32\NTASN1.dll
0x00007ffbb1550000 - 0x00007ffbb1558000 	C:\WINDOWS\system32\wshunix.dll

dbghelp: loaded successfully - version: 4.0.5 - missing functions: none
symbol engine: initialized successfully - sym options: 0x614 - pdb path: .;G:\proyeksaya\kyusui\jdk17\jdk-17.0.11+9\bin;C:\WINDOWS\SYSTEM32;C:\WINDOWS\WinSxS\amd64_microsoft.windows.common-controls_6595b64144ccf1df_6.0.26100.9278_none_3e0d1ba8e3303201;G:\proyeksaya\kyusui\jdk17\jdk-17.0.11+9\bin\server;C:\Users\rizta\.gradle\native\c067742578af261105cb4f569cf0c3c89f3d7b1fecec35dd04571415982c5e48\windows-amd64;C:\Users\rizta\.gradle\native\100fb08df4bc3b14c8652ba06237920a3bd2aa13389f12d3474272988ae205f9\windows-amd64

VM Arguments:
jvm_args: --enable-native-access=ALL-UNNAMED --add-opens=java.base/java.util=ALL-UNNAMED --add-opens=java.base/java.lang=ALL-UNNAMED --add-opens=java.base/java.lang.invoke=ALL-UNNAMED --add-opens=java.prefs/java.util.prefs=ALL-UNNAMED --add-opens=java.base/java.nio.charset=ALL-UNNAMED --add-opens=java.base/java.net=ALL-UNNAMED --add-opens=java.base/java.util.concurrent.atomic=ALL-UNNAMED -Xmx2048m -Dfile.encoding=UTF-8 -Duser.country=ID -Duser.language=en -Duser.variant -javaagent:C:\Users\rizta\.gradle\wrapper\dists\gradle-8.8-bin\dl7vupf4psengwqhwktix4v1\gradle-8.8\lib\agents\gradle-instrumentation-agent-8.8.jar 
java_command: org.gradle.launcher.daemon.bootstrap.GradleDaemon 8.8
java_class_path (initial): C:\Users\rizta\.gradle\wrapper\dists\gradle-8.8-bin\dl7vupf4psengwqhwktix4v1\gradle-8.8\lib\gradle-launcher-8.8.jar
Launcher Type: SUN_STANDARD

[Global flags]
     intx CICompilerCount                          = 3                                         {product} {ergonomic}
     uint ConcGCThreads                            = 1                                         {product} {ergonomic}
     uint G1ConcRefinementThreads                  = 4                                         {product} {ergonomic}
   size_t G1HeapRegionSize                         = 1048576                                   {product} {ergonomic}
    uintx GCDrainStackTargetSize                   = 64                                        {product} {ergonomic}
   size_t InitialHeapSize                          = 333447168                                 {product} {ergonomic}
   size_t MarkStackSize                            = 4194304                                   {product} {ergonomic}
   size_t MaxHeapSize                              = 2147483648                                {product} {command line}
   size_t MaxNewSize                               = 1287651328                                {product} {ergonomic}
   size_t MinHeapDeltaBytes                        = 1048576                                   {product} {ergonomic}
   size_t MinHeapSize                              = 8388608                                   {product} {ergonomic}
    uintx NonNMethodCodeHeapSize                   = 5832780                                {pd product} {ergonomic}
    uintx NonProfiledCodeHeapSize                  = 122912730                              {pd product} {ergonomic}
    uintx ProfiledCodeHeapSize                     = 122912730                              {pd product} {ergonomic}
    uintx ReservedCodeCacheSize                    = 251658240                              {pd product} {ergonomic}
     bool SegmentedCodeCache                       = true                                      {product} {ergonomic}
   size_t SoftMaxHeapSize                          = 2147483648                             {manageable} {ergonomic}
     bool UseCompressedClassPointers               = true                           {product lp64_product} {ergonomic}
     bool UseCompressedOops                        = true                           {product lp64_product} {ergonomic}
     bool UseG1GC                                  = true                                      {product} {ergonomic}
     bool UseLargePagesIndividualAllocation        = false                                  {pd product} {ergonomic}

Logging:
Log output configuration:
 #0: stdout all=warning uptime,level,tags
 #1: stderr all=off uptime,level,tags

Environment Variables:
JAVA_HOME=G:\Android\Android Studio\jbr
PATH=C:\WINDOWS\system32;C:\WINDOWS;C:\WINDOWS\System32\Wbem;C:\WINDOWS\System32\WindowsPowerShell\v1.0\;C:\WINDOWS\System32\OpenSSH\;C:\Program Files\Git\cmd;C:\Program Files\dotnet\;C:\xampp\php;C:\ProgramData\ComposerSetup\bin;G:\Android\Android Studio\bin;C:\Users\rizta\AppData\Local\Android\Sdk\platform-tools;C:\Users\rizta\AppData\Local\Android\Sdk\emulator;C:\Users\rizta\AppData\Local\Android\Sdk\cmdline-tools\latest\bin;G:\Android\Android Studio\jbr\bin;C:\Program Files\nodejs\;C:\Users\rizta\AppData\Local\Programs\OpenAI\Codex\bin;C:\Users\rizta\AppData\Local\Microsoft\WindowsApps;C:\Users\rizta\AppData\Local\Python\bin;C:\Users\rizta\AppData\Local\Programs\Microsoft VS Code\bin;C:\Users\rizta\AppData\Local\GitHubDesktop\bin;C:\Users\rizta\AppData\Roaming\Composer\vendor\bin;C:\Users\rizta\AppData\Roaming\npm;C:\Users\rizta\AppData\Local\Programs\DockerDesktop\resources\bin
USERNAME=rizta
OS=Windows_NT
PROCESSOR_IDENTIFIER=Intel64 Family 6 Model 142 Stepping 12, GenuineIntel
TMP=C:\Users\rizta\AppData\Local\Temp
TEMP=C:\Users\rizta\AppData\Local\Temp



Periodic native trim disabled


---------------  S Y S T E M  ---------------

OS:
 Windows 11 , 64 bit Build 26100 (10.0.26100.9444)
OS uptime: 0 days 15:23 hours
Hyper-V role detected

CPU: total 4 (initial active 4) (2 cores per cpu, 2 threads per core) family 6 model 142 stepping 12 microcode 0xfc, cx8, cmov, fxsr, ht, mmx, 3dnowpref, sse, sse2, sse3, ssse3, sse4.1, sse4.2, popcnt, lzcnt, tsc, tscinvbit, avx, avx2, aes, erms, clmul, bmi1, bmi2, adx, fma, vzeroupper, clflush, clflushopt, hv
Processor Information for all 4 processors :
  Max Mhz: 2592, Current Mhz: 2093, Mhz Limit: 2073

Memory: 4k page, system-wide physical 20317M (1721M free)
TotalPageFile size 29469M (AvailPageFile size 1145M)
current process WorkingSet (physical memory assigned to process): 213M, peak: 233M
current process commit charge ("private bytes"): 248M, peak: 469M

vm_info: OpenJDK 64-Bit Server VM (17.0.11+9) for windows-amd64 JRE (17.0.11+9), built on Apr 17 2024 06:07:48 by "admin" with MS VC++ 16.10 / 16.11 (VS2019)

END.
