#
# There is insufficient memory for the Java Runtime Environment to continue.
# Native memory allocation (mmap) failed to map 65536 bytes. Error detail: Failed to commit metaspace.
# Possible reasons:
#   The system is out of physical RAM or swap space
#   This process is running with CompressedOops enabled, and the Java Heap may be blocking the growth of the native heap
# Possible solutions:
#   Reduce memory load on the system
#   Increase physical memory or swap space
#   Check if swap backing store is full
#   Decrease Java heap size (-Xmx/-Xms)
#   Decrease number of Java threads
#   Decrease Java thread stack sizes (-Xss)
#   Set larger code cache with -XX:ReservedCodeCacheSize=
#   JVM is running with Unscaled Compressed Oops mode in which the Java heap is
#     placed in the first 4GB address space. The Java Heap base address is the
#     maximum limit for the native heap growth. Please use -XX:HeapBaseMinAddress
#     to set the Java Heap base and to place the Java Heap above 4GB virtual address.
# This output file may be truncated or incomplete.
#
#  Out of Memory Error (virtualSpaceNode.cpp:110), pid=23536, tid=21536
#
# JRE version: OpenJDK Runtime Environment Temurin-17.0.11+9 (17.0.11+9) (build 17.0.11+9)
# Java VM: OpenJDK 64-Bit Server VM Temurin-17.0.11+9 (17.0.11+9, mixed mode, sharing, tiered, compressed oops, compressed class ptrs, g1 gc, windows-amd64)
# No core dump will be written. Minidumps are not enabled by default on client versions of Windows
#

---------------  S U M M A R Y ------------

Command Line: --enable-native-access=ALL-UNNAMED --add-opens=java.base/java.util=ALL-UNNAMED --add-opens=java.base/java.lang=ALL-UNNAMED --add-opens=java.base/java.lang.invoke=ALL-UNNAMED --add-opens=java.prefs/java.util.prefs=ALL-UNNAMED --add-opens=java.base/java.nio.charset=ALL-UNNAMED --add-opens=java.base/java.net=ALL-UNNAMED --add-opens=java.base/java.util.concurrent.atomic=ALL-UNNAMED -Xmx2048m -Dfile.encoding=UTF-8 -Duser.country=ID -Duser.language=en -Duser.variant -javaagent:C:\Users\rizta\.gradle\wrapper\dists\gradle-8.8-bin\dl7vupf4psengwqhwktix4v1\gradle-8.8\lib\agents\gradle-instrumentation-agent-8.8.jar org.gradle.launcher.daemon.bootstrap.GradleDaemon 8.8

Host: Intel(R) Core(TM) i3-10110U CPU @ 2.10GHz, 4 cores, 19G,  Windows 11 , 64 bit Build 26100 (10.0.26100.9444)
Time: Fri Oct  2 15:55:08 2026 SE Asia Standard Time elapsed time: 126.942695 seconds (0d 0h 2m 6s)

---------------  T H R E A D  ---------------

Current thread (0x00000217e4b66440):  JavaThread "Daemon worker" [_thread_in_vm, id=21536, stack(0x000000fe46900000,0x000000fe46a00000)]

Stack: [0x000000fe46900000,0x000000fe46a00000]
Native frames: (J=compiled Java code, j=interpreted, Vv=VM code, C=native code)
V  [jvm.dll+0x67d429]
V  [jvm.dll+0x834b7a]
V  [jvm.dll+0x83663e]
V  [jvm.dll+0x836ca3]
V  [jvm.dll+0x247dbf]
V  [jvm.dll+0x83083b]
V  [jvm.dll+0x621d56]
V  [jvm.dll+0x1c1b3e]
V  [jvm.dll+0x6246b1]
V  [jvm.dll+0x6226f6]
V  [jvm.dll+0x62c5c7]
V  [jvm.dll+0x1ebb1b]
V  [jvm.dll+0x1ec055]
V  [jvm.dll+0x1ecb10]
V  [jvm.dll+0x1e1f11]
V  [jvm.dll+0x54250e]
V  [jvm.dll+0x7aecb8]
V  [jvm.dll+0x7aeda4]
V  [jvm.dll+0x4106a5]
V  [jvm.dll+0x416819]
C  [java.dll+0x17ec]

Java frames: (J=compiled Java code, j=interpreted, Vv=VM code)
J 878  java.lang.ClassLoader.defineClass1(Ljava/lang/ClassLoader;Ljava/lang/String;[BIILjava/security/ProtectionDomain;Ljava/lang/String;)Ljava/lang/Class; java.base@17.0.11 (0 bytes) @ 0x00000217909b2ee3 [0x00000217909b2e20+0x00000000000000c3]
J 1048 c1 java.lang.ClassLoader.defineClass(Ljava/lang/String;[BIILjava/security/ProtectionDomain;)Ljava/lang/Class; java.base@17.0.11 (43 bytes) @ 0x000002178907bf54 [0x000002178907bc00+0x0000000000000354]
J 4151 c1 java.security.SecureClassLoader.defineClass(Ljava/lang/String;[BIILjava/security/CodeSource;)Ljava/lang/Class; java.base@17.0.11 (16 bytes) @ 0x00000217896e4c8c [0x00000217896e4bc0+0x00000000000000cc]
J 8315 c2 java.net.URLClassLoader$1.run()Ljava/lang/Class; java.base@17.0.11 (81 bytes) @ 0x0000021790d38444 [0x0000021790d37780+0x0000000000000cc4]
J 2387 c2 java.net.URLClassLoader.findClass(Ljava/lang/String;)Ljava/lang/Class; java.base@17.0.11 (47 bytes) @ 0x0000021790a946a8 [0x0000021790a945e0+0x00000000000000c8]
J 8212 c1 org.gradle.internal.classloader.VisitableURLClassLoader$InstrumentingVisitableURLClassLoader.findClass(Ljava/lang/String;)Ljava/lang/Class; (36 bytes) @ 0x0000021789c390e4 [0x0000021789c39020+0x00000000000000c4]
J 4583 c2 java.lang.ClassLoader.loadClass(Ljava/lang/String;Z)Ljava/lang/Class; java.base@17.0.11 (121 bytes) @ 0x0000021790c1027c [0x0000021790c0fde0+0x000000000000049c]
J 3044 c2 java.lang.ClassLoader.loadClass(Ljava/lang/String;)Ljava/lang/Class; java.base@17.0.11 (7 bytes) @ 0x0000021790ae5640 [0x0000021790ae5600+0x0000000000000040]
v  ~StubRoutines::call_stub
j  com.google.protobuf.DescriptorProtos$FileDescriptorProto.toBuilder()Lcom/google/protobuf/DescriptorProtos$FileDescriptorProto$Builder;+7
j  com.google.protobuf.DescriptorProtos$FileDescriptorProto.newBuilder()Lcom/google/protobuf/DescriptorProtos$FileDescriptorProto$Builder;+3
j  com.google.protobuf.DescriptorProtos$FileDescriptorProto$1.parsePartialFrom(Lcom/google/protobuf/CodedInputStream;Lcom/google/protobuf/ExtensionRegistryLite;)Lcom/google/protobuf/DescriptorProtos$FileDescriptorProto;+0
j  com.google.protobuf.DescriptorProtos$FileDescriptorProto$1.parsePartialFrom(Lcom/google/protobuf/CodedInputStream;Lcom/google/protobuf/ExtensionRegistryLite;)Ljava/lang/Object;+3
j  com.google.protobuf.AbstractParser.parsePartialFrom([BIILcom/google/protobuf/ExtensionRegistryLite;)Lcom/google/protobuf/MessageLite;+13
j  com.google.protobuf.AbstractParser.parseFrom([BIILcom/google/protobuf/ExtensionRegistryLite;)Lcom/google/protobuf/MessageLite;+7
j  com.google.protobuf.AbstractParser.parseFrom([BLcom/google/protobuf/ExtensionRegistryLite;)Lcom/google/protobuf/MessageLite;+6
j  com.google.protobuf.AbstractParser.parseFrom([B)Lcom/google/protobuf/MessageLite;+5
j  com.google.protobuf.AbstractParser.parseFrom([B)Ljava/lang/Object;+2
j  com.google.protobuf.DescriptorProtos$FileDescriptorProto.parseFrom([B)Lcom/google/protobuf/DescriptorProtos$FileDescriptorProto;+4
j  com.google.protobuf.Descriptors$FileDescriptor.internalBuildGeneratedFileFrom([Ljava/lang/String;[Lcom/google/protobuf/Descriptors$FileDescriptor;)Lcom/google/protobuf/Descriptors$FileDescriptor;+6
j  com.android.tools.build.gradle.internal.profile.AnalyticsEnums.<clinit>()V+20
v  ~StubRoutines::call_stub
j  com.android.tools.build.gradle.internal.profile.BooleanOption.getDescriptor()Lcom/google/protobuf/Descriptors$EnumDescriptor;+0
j  com.android.build.gradle.internal.profile.AnalyticsUtil.toProto(Lcom/android/build/gradle/options/BooleanOption;)Lcom/android/tools/build/gradle/internal/profile/BooleanOption;+0
j  com.android.build.gradle.internal.profile.AnalyticsUtil.lambda$toProto$0(Lcom/google/wireless/android/sdk/stats/GradleProjectOptionsSettings$Builder;Lcom/android/build/gradle/options/BooleanOption;Ljava/lang/Boolean;)V+9
j  com.android.build.gradle.internal.profile.AnalyticsUtil$$Lambda$1096+0x00000217a07e2b90.accept(Ljava/lang/Object;Ljava/lang/Object;)V+12
j  com.google.common.collect.RegularImmutableMap.forEach(Ljava/util/function/BiConsumer;)V+43
j  com.android.build.gradle.internal.profile.AnalyticsUtil.toProto(Lcom/android/build/gradle/options/ProjectOptions;)Lcom/google/wireless/android/sdk/stats/GradleProjectOptionsSettings;+14
j  com.android.build.gradle.internal.plugins.AndroidPluginBaseServices.basePluginApply(Lorg/gradle/api/Project;)V+241
j  com.android.build.gradle.internal.plugins.BasePlugin$apply$1.run()V+8
j  com.android.build.gradle.internal.crash.CrashReporting.runAction(Ljava/lang/Runnable;)V+8
j  com.android.build.gradle.internal.plugins.BasePlugin.apply(Lorg/gradle/api/Project;)V+19
j  com.android.build.gradle.internal.plugins.BasePlugin.apply(Ljava/lang/Object;)V+5
j  org.gradle.api.internal.plugins.ImperativeOnlyPluginTarget.applyImperative(Ljava/lang/String;Lorg/gradle/api/Plugin;)V+13
j  org.gradle.api.internal.plugins.RuleBasedPluginTarget.applyImperative(Ljava/lang/String;Lorg/gradle/api/Plugin;)V+6
j  org.gradle.api.internal.plugins.DefaultPluginManager.addPlugin(Ljava/lang/Runnable;Lorg/gradle/api/internal/plugins/PluginImplementation;Ljava/lang/String;Ljava/lang/Class;)V+54
j  org.gradle.api.internal.plugins.DefaultPluginManager.access$100(Lorg/gradle/api/internal/plugins/DefaultPluginManager;Ljava/lang/Runnable;Lorg/gradle/api/internal/plugins/PluginImplementation;Ljava/lang/String;Ljava/lang/Class;)V+6
j  org.gradle.api.internal.plugins.DefaultPluginManager$AddPluginBuildOperation.run(Lorg/gradle/internal/operations/BuildOperationContext;)V+20
j  org.gradle.internal.operations.DefaultBuildOperationRunner$1.execute(Lorg/gradle/internal/operations/RunnableBuildOperation;Lorg/gradle/internal/operations/BuildOperationContext;)V+2
j  org.gradle.internal.operations.DefaultBuildOperationRunner$1.execute(Lorg/gradle/internal/operations/BuildOperation;Lorg/gradle/internal/operations/BuildOperationContext;)V+6
J 7455 c1 org.gradle.internal.operations.DefaultBuildOperationRunner$2.execute(Lorg/gradle/internal/operations/BuildOperationDescriptor;Lorg/gradle/internal/operations/BuildOperationState;Lorg/gradle/internal/operations/BuildOperationState;Lorg/gradle/internal/operations/DefaultBuildOperationRunner$ReadableBuildOperationContext;Lorg/gradle/internal/operations/DefaultBuildOperationRunner$BuildOperationExecutionListener;)Lorg/gradle/internal/operations/BuildOperation; (110 bytes) @ 0x0000021789ab1eb4 [0x0000021789ab1cc0+0x00000000000001f4]
J 7464 c1 org.gradle.internal.operations.DefaultBuildOperationRunner$2.execute(Lorg/gradle/internal/operations/BuildOperationDescriptor;Lorg/gradle/internal/operations/BuildOperationState;Lorg/gradle/internal/operations/BuildOperationState;Lorg/gradle/internal/operations/DefaultBuildOperationRunner$ReadableBuildOperationContext;Lorg/gradle/internal/operations/DefaultBuildOperationRunner$BuildOperationExecutionListener;)Ljava/lang/Object; (12 bytes) @ 0x0000021789ab6914 [0x0000021789ab68a0+0x0000000000000074]
J 7162 c1 org.gradle.internal.operations.DefaultBuildOperationRunner.execute(Lorg/gradle/internal/operations/BuildOperationDescriptor$Builder;Lorg/gradle/internal/operations/BuildOperationState;Lorg/gradle/internal/operations/DefaultBuildOperationRunner$BuildOperationExecution;)Ljava/lang/Object; (147 bytes) @ 0x0000021789a2c5b4 [0x0000021789a2ba60+0x0000000000000b54]
J 6968 c1 org.gradle.internal.operations.DefaultBuildOperationRunner.execute(Lorg/gradle/internal/operations/BuildOperation;Lorg/gradle/internal/operations/BuildOperationWorker;Lorg/gradle/internal/operations/BuildOperationState;)V (23 bytes) @ 0x00000217899d6484 [0x00000217899d61e0+0x00000000000002a4]
j  org.gradle.internal.operations.DefaultBuildOperationRunner.run(Lorg/gradle/internal/operations/RunnableBuildOperation;)V+9
j  org.gradle.api.internal.plugins.DefaultPluginManager.lambda$doApply$0(Ljava/lang/Runnable;Lorg/gradle/api/internal/plugins/PluginImplementation;Ljava/lang/String;Ljava/lang/Class;Lorg/gradle/internal/code/UserCodeApplicationId;)V+20
j  org.gradle.api.internal.plugins.DefaultPluginManager$$Lambda$855+0x00000217a068dbf0.execute(Ljava/lang/Object;)V+24
j  org.gradle.internal.code.DefaultUserCodeApplicationContext.apply(Lorg/gradle/internal/code/UserCodeSource;Lorg/gradle/api/Action;)V+37
j  org.gradle.api.internal.plugins.DefaultPluginManager.doApply(Lorg/gradle/api/internal/plugins/PluginImplementation;)V+144
j  org.gradle.api.internal.plugins.DefaultPluginManager.apply(Ljava/lang/String;)V+52
j  org.gradle.api.internal.plugins.DefaultObjectConfigurationAction.applyType(Ljava/lang/String;)V+43
j  org.gradle.api.internal.plugins.DefaultObjectConfigurationAction.access$200(Lorg/gradle/api/internal/plugins/DefaultObjectConfigurationAction;Ljava/lang/String;)V+2
j  org.gradle.api.internal.plugins.DefaultObjectConfigurationAction$3.run()V+8
j  org.gradle.api.internal.plugins.DefaultObjectConfigurationAction.execute()V+58
j  org.gradle.api.internal.project.AbstractPluginAware.apply(Ljava/util/Map;)V+12
j  com.android.build.gradle.AppPlugin.apply(Lorg/gradle/api/Project;)V+15
j  com.android.build.gradle.AppPlugin.apply(Ljava/lang/Object;)V+5
j  org.gradle.api.internal.plugins.ImperativeOnlyPluginTarget.applyImperative(Ljava/lang/String;Lorg/gradle/api/Plugin;)V+13
j  org.gradle.api.internal.plugins.RuleBasedPluginTarget.applyImperative(Ljava/lang/String;Lorg/gradle/api/Plugin;)V+6
j  org.gradle.api.internal.plugins.DefaultPluginManager.addPlugin(Ljava/lang/Runnable;Lorg/gradle/api/internal/plugins/PluginImplementation;Ljava/lang/String;Ljava/lang/Class;)V+54
j  org.gradle.api.internal.plugins.DefaultPluginManager.access$100(Lorg/gradle/api/internal/plugins/DefaultPluginManager;Ljava/lang/Runnable;Lorg/gradle/api/internal/plugins/PluginImplementation;Ljava/lang/String;Ljava/lang/Class;)V+6
j  org.gradle.api.internal.plugins.DefaultPluginManager$AddPluginBuildOperation.run(Lorg/gradle/internal/operations/BuildOperationContext;)V+20
j  org.gradle.internal.operations.DefaultBuildOperationRunner$1.execute(Lorg/gradle/internal/operations/RunnableBuildOperation;Lorg/gradle/internal/operations/BuildOperationContext;)V+2
j  org.gradle.internal.operations.DefaultBuildOperationRunner$1.execute(Lorg/gradle/internal/operations/BuildOperation;Lorg/gradle/internal/operations/BuildOperationContext;)V+6
J 7455 c1 org.gradle.internal.operations.DefaultBuildOperationRunner$2.execute(Lorg/gradle/internal/operations/BuildOperationDescriptor;Lorg/gradle/internal/operations/BuildOperationState;Lorg/gradle/internal/operations/BuildOperationState;Lorg/gradle/internal/operations/DefaultBuildOperationRunner$ReadableBuildOperationContext;Lorg/gradle/internal/operations/DefaultBuildOperationRunner$BuildOperationExecutionListener;)Lorg/gradle/internal/operations/BuildOperation; (110 bytes) @ 0x0000021789ab1eb4 [0x0000021789ab1cc0+0x00000000000001f4]
J 7464 c1 org.gradle.internal.operations.DefaultBuildOperationRunner$2.execute(Lorg/gradle/internal/operations/BuildOperationDescriptor;Lorg/gradle/internal/operations/BuildOperationState;Lorg/gradle/internal/operations/BuildOperationState;Lorg/gradle/internal/operations/DefaultBuildOperationRunner$ReadableBuildOperationContext;Lorg/gradle/internal/operations/DefaultBuildOperationRunner$BuildOperationExecutionListener;)Ljava/lang/Object; (12 bytes) @ 0x0000021789ab6914 [0x0000021789ab68a0+0x0000000000000074]
J 7162 c1 org.gradle.internal.operations.DefaultBuildOperationRunner.execute(Lorg/gradle/internal/operations/BuildOperationDescriptor$Builder;Lorg/gradle/internal/operations/BuildOperationState;Lorg/gradle/internal/operations/DefaultBuildOperationRunner$BuildOperationExecution;)Ljava/lang/Object; (147 bytes) @ 0x0000021789a2c5b4 [0x0000021789a2ba60+0x0000000000000b54]
J 6968 c1 org.gradle.internal.operations.DefaultBuildOperationRunner.execute(Lorg/gradle/internal/operations/BuildOperation;Lorg/gradle/internal/operations/BuildOperationWorker;Lorg/gradle/internal/operations/BuildOperationState;)V (23 bytes) @ 0x00000217899d6484 [0x00000217899d61e0+0x00000000000002a4]
j  org.gradle.internal.operations.DefaultBuildOperationRunner.run(Lorg/gradle/internal/operations/RunnableBuildOperation;)V+9
j  org.gradle.api.internal.plugins.DefaultPluginManager.lambda$doApply$0(Ljava/lang/Runnable;Lorg/gradle/api/internal/plugins/PluginImplementation;Ljava/lang/String;Ljava/lang/Class;Lorg/gradle/internal/code/UserCodeApplicationId;)V+20
j  org.gradle.api.internal.plugins.DefaultPluginManager$$Lambda$855+0x00000217a068dbf0.execute(Ljava/lang/Object;)V+24
j  org.gradle.internal.code.DefaultUserCodeApplicationContext.apply(Lorg/gradle/internal/code/UserCodeSource;Lorg/gradle/api/Action;)V+37
j  org.gradle.api.internal.plugins.DefaultPluginManager.doApply(Lorg/gradle/api/internal/plugins/PluginImplementation;)V+144
j  org.gradle.api.internal.plugins.DefaultPluginManager.apply(Ljava/lang/String;)V+52
j  org.gradle.plugin.use.resolve.internal.ArtifactRepositoriesPluginResolver$ExternalPluginResolution.applyTo(Lorg/gradle/api/internal/plugins/PluginManagerInternal;)V+55
j  org.gradle.plugin.use.internal.DefaultPluginRequestApplicator$ApplyAction.apply(Lorg/gradle/api/internal/plugins/PluginManagerInternal;)V+21
j  org.gradle.plugin.use.internal.DefaultPluginRequestApplicator.lambda$applyPlugins$1(Lorg/gradle/api/internal/plugins/PluginManagerInternal;Lorg/gradle/plugin/use/internal/DefaultPluginRequestApplicator$ApplyAction;)V+2
j  org.gradle.plugin.use.internal.DefaultPluginRequestApplicator$$Lambda$1063+0x00000217a07431a8.accept(Ljava/lang/Object;)V+8
j  java.util.ArrayList.forEach(Ljava/util/function/Consumer;)V+46 java.base@17.0.11
j  org.gradle.plugin.use.internal.DefaultPluginRequestApplicator.applyPlugins(Lorg/gradle/plugin/management/internal/PluginRequests;Lorg/gradle/api/internal/initialization/ScriptHandlerInternal;Lorg/gradle/api/internal/plugins/PluginManagerInternal;Lorg/gradle/api/internal/initialization/ClassLoaderScope;)V+375
j  org.gradle.kotlin.dsl.provider.PluginRequestsHandler.handle(Lorg/gradle/plugin/management/internal/PluginRequests;Lorg/gradle/api/internal/initialization/ScriptHandlerInternal;Lorg/gradle/api/internal/plugins/PluginAwareInternal;Lorg/gradle/api/internal/initialization/ClassLoaderScope;)V+66
j  org.gradle.kotlin.dsl.provider.StandardKotlinScriptEvaluator$InterpreterHost.applyPluginsTo(Lorg/gradle/kotlin/dsl/support/KotlinScriptHost;Lorg/gradle/plugin/management/internal/PluginRequests;)V+52
j  org.gradle.kotlin.dsl.execution.Interpreter$ProgramHost.applyPluginsTo(Lorg/gradle/kotlin/dsl/support/KotlinScriptHost;Lorg/gradle/plugin/management/internal/PluginRequests;)V+21
j  Program.execute(Lorg/gradle/kotlin/dsl/execution/ExecutableProgram$Host;Lorg/gradle/kotlin/dsl/support/KotlinScriptHost;)V+38
j  org.gradle.kotlin.dsl.execution.Interpreter$ProgramHost.eval(Lorg/gradle/kotlin/dsl/execution/CompiledScript;Lorg/gradle/kotlin/dsl/support/KotlinScriptHost;)V+88
j  org.gradle.kotlin.dsl.execution.Interpreter.eval(Ljava/lang/Object;Lorg/gradle/groovy/scripts/ScriptSource;Lorg/gradle/internal/hash/HashCode;Lorg/gradle/api/initialization/dsl/ScriptHandler;Lorg/gradle/api/internal/initialization/ClassLoaderScope;Lorg/gradle/api/internal/initialization/ClassLoaderScope;ZLjava/util/EnumSet;)V+213
j  org.gradle.kotlin.dsl.provider.StandardKotlinScriptEvaluator.evaluate(Ljava/lang/Object;Lorg/gradle/groovy/scripts/ScriptSource;Lorg/gradle/api/initialization/dsl/ScriptHandler;Lorg/gradle/api/internal/initialization/ClassLoaderScope;Lorg/gradle/api/internal/initialization/ClassLoaderScope;ZLjava/util/EnumSet;)V+163
j  org.gradle.kotlin.dsl.provider.KotlinScriptPluginFactory$create$1.invoke(Ljava/lang/Object;)V+41
j  org.gradle.kotlin.dsl.provider.KotlinScriptPluginFactory$create$1.invoke(Ljava/lang/Object;)Ljava/lang/Object;+2
j  org.gradle.kotlin.dsl.provider.KotlinScriptPlugin.apply(Ljava/lang/Object;)V+22
j  org.gradle.configuration.BuildOperationScriptPlugin$1.run(Lorg/gradle/internal/operations/BuildOperationContext;)V+11
j  org.gradle.internal.operations.DefaultBuildOperationRunner$1.execute(Lorg/gradle/internal/operations/RunnableBuildOperation;Lorg/gradle/internal/operations/BuildOperationContext;)V+2
j  org.gradle.internal.operations.DefaultBuildOperationRunner$1.execute(Lorg/gradle/internal/operations/BuildOperation;Lorg/gradle/internal/operations/BuildOperationContext;)V+6
j  org.gradle.internal.operations.DefaultBuildOperationRunner$2.execute(Lorg/gradle/internal/operations/BuildOperationDescriptor;Lorg/gradle/internal/operations/BuildOperationState;Lorg/gradle/internal/operations/BuildOperationState;Lorg/gradle/internal/operations/DefaultBuildOperationRunner$ReadableBuildOperationContext;Lorg/gradle/internal/operations/DefaultBuildOperationRunner$BuildOperationExecutionListener;)Lorg/gradle/internal/operations/BuildOperation;+22
j  org.gradle.internal.operations.DefaultBuildOperationRunner$2.execute(Lorg/gradle/internal/operations/BuildOperationDescriptor;Lorg/gradle/internal/operations/BuildOperationState;Lorg/gradle/internal/operations/BuildOperationState;Lorg/gradle/internal/operations/DefaultBuildOperationRunner$ReadableBuildOperationContext;Lorg/gradle/internal/operations/DefaultBuildOperationRunner$BuildOperationExecutionListener;)Ljava/lang/Object;+8
j  org.gradle.internal.operations.DefaultBuildOperationRunner.execute(Lorg/gradle/internal/operations/BuildOperationDescriptor$Builder;Lorg/gradle/internal/operations/BuildOperationState;Lorg/gradle/internal/operations/DefaultBuildOperationRunner$BuildOperationExecution;)Ljava/lang/Object;+141
j  org.gradle.internal.operations.DefaultBuildOperationRunner.execute(Lorg/gradle/internal/operations/BuildOperation;Lorg/gradle/internal/operations/BuildOperationWorker;Lorg/gradle/internal/operations/BuildOperationState;)V+18
j  org.gradle.internal.operations.DefaultBuildOperationRunner.run(Lorg/gradle/internal/operations/RunnableBuildOperation;)V+9
j  org.gradle.configuration.BuildOperationScriptPlugin.lambda$apply$0(Ljava/lang/Object;Lorg/gradle/internal/code/UserCodeApplicationId;)V+14
j  org.gradle.configuration.BuildOperationScriptPlugin$$Lambda$511+0x00000217a0494248.execute(Ljava/lang/Object;)V+12
j  org.gradle.internal.code.DefaultUserCodeApplicationContext.apply(Lorg/gradle/internal/code/UserCodeSource;Lorg/gradle/api/Action;)V+37
j  org.gradle.configuration.BuildOperationScriptPlugin.apply(Ljava/lang/Object;)V+71
j  org.gradle.configuration.project.BuildScriptProcessor$$Lambda$870+0x00000217a06ac000.accept(Ljava/lang/Object;)V+8
j  org.gradle.api.internal.project.DefaultProjectStateRegistry$ProjectStateImpl.lambda$applyToMutableState$1(Ljava/util/function/Consumer;Lorg/gradle/api/internal/project/ProjectInternal;)Ljava/lang/Object;+2
j  org.gradle.api.internal.project.DefaultProjectStateRegistry$ProjectStateImpl$$Lambda$843+0x00000217a0665f20.apply(Ljava/lang/Object;)Ljava/lang/Object;+8
j  org.gradle.api.internal.project.DefaultProjectStateRegistry$ProjectStateImpl.fromMutableState(Ljava/util/function/Function;)Ljava/lang/Object;+97
j  org.gradle.api.internal.project.DefaultProjectStateRegistry$ProjectStateImpl.applyToMutableState(Ljava/util/function/Consumer;)V+7
j  org.gradle.configuration.project.BuildScriptProcessor.execute(Lorg/gradle/api/internal/project/ProjectInternal;)V+88
j  org.gradle.configuration.project.BuildScriptProcessor.execute(Ljava/lang/Object;)V+5
j  org.gradle.configuration.project.ConfigureActionsProjectEvaluator.evaluate(Lorg/gradle/api/internal/project/ProjectInternal;Lorg/gradle/api/internal/project/ProjectStateInternal;)V+33
j  org.gradle.configuration.project.LifecycleProjectEvaluator$EvaluateProject.lambda$run$0(Lorg/gradle/internal/operations/BuildOperationContext;Lorg/gradle/api/internal/project/ProjectInternal;)V+67
j  org.gradle.configuration.project.LifecycleProjectEvaluator$EvaluateProject$$Lambda$842+0x00000217a0665cf0.accept(Ljava/lang/Object;)V+12
j  org.gradle.api.internal.project.DefaultProjectStateRegistry$ProjectStateImpl.lambda$applyToMutableState$1(Ljava/util/function/Consumer;Lorg/gradle/api/internal/project/ProjectInternal;)Ljava/lang/Object;+2
j  org.gradle.api.internal.project.DefaultProjectStateRegistry$ProjectStateImpl$$Lambda$843+0x00000217a0665f20.apply(Ljava/lang/Object;)Ljava/lang/Object;+8
j  org.gradle.api.internal.project.DefaultProjectStateRegistry$ProjectStateImpl.lambda$fromMutableState$2(Ljava/util/function/Function;)Ljava/lang/Object;+5
j  org.gradle.api.internal.project.DefaultProjectStateRegistry$ProjectStateImpl$$Lambda$844+0x00000217a0666160.create()Ljava/lang/Object;+8
j  org.gradle.internal.work.DefaultWorkerLeaseService.withReplacedLocks(Ljava/util/Collection;Lorg/gradle/internal/resources/ResourceLock;Lorg/gradle/internal/Factory;)Ljava/lang/Object;+40
j  org.gradle.api.internal.project.DefaultProjectStateRegistry$ProjectStateImpl.fromMutableState(Ljava/util/function/Function;)Ljava/lang/Object;+132
j  org.gradle.api.internal.project.DefaultProjectStateRegistry$ProjectStateImpl.applyToMutableState(Ljava/util/function/Consumer;)V+7
j  org.gradle.configuration.project.LifecycleProjectEvaluator$EvaluateProject.run(Lorg/gradle/internal/operations/BuildOperationContext;)V+16
j  org.gradle.internal.operations.DefaultBuildOperationRunner$1.execute(Lorg/gradle/internal/operations/RunnableBuildOperation;Lorg/gradle/internal/operations/BuildOperationContext;)V+2
j  org.gradle.internal.operations.DefaultBuildOperationRunner$1.execute(Lorg/gradle/internal/operations/BuildOperation;Lorg/gradle/internal/operations/BuildOperationContext;)V+6
j  org.gradle.internal.operations.DefaultBuildOperationRunner$2.execute(Lorg/gradle/internal/operations/BuildOperationDescriptor;Lorg/gradle/internal/operations/BuildOperationState;Lorg/gradle/internal/operations/BuildOperationState;Lorg/gradle/internal/operations/DefaultBuildOperationRunner$ReadableBuildOperationContext;Lorg/gradle/internal/operations/DefaultBuildOperationRunner$BuildOperationExecutionListener;)Lorg/gradle/internal/operations/BuildOperation;+22
j  org.gradle.internal.operations.DefaultBuildOperationRunner$2.execute(Lorg/gradle/internal/operations/BuildOperationDescriptor;Lorg/gradle/internal/operations/BuildOperationState;Lorg/gradle/internal/operations/BuildOperationState;Lorg/gradle/internal/operations/DefaultBuildOperationRunner$ReadableBuildOperationContext;Lorg/gradle/internal/operations/DefaultBuildOperationRunner$BuildOperationExecutionListener;)Ljava/lang/Object;+8
j  org.gradle.internal.operations.DefaultBuildOperationRunner.execute(Lorg/gradle/internal/operations/BuildOperationDescriptor$Builder;Lorg/gradle/internal/operations/BuildOperationState;Lorg/gradle/internal/operations/DefaultBuildOperationRunner$BuildOperationExecution;)Ljava/lang/Object;+141
j  org.gradle.internal.operations.DefaultBuildOperationRunner.execute(Lorg/gradle/internal/operations/BuildOperation;Lorg/gradle/internal/operations/BuildOperationWorker;Lorg/gradle/internal/operations/BuildOperationState;)V+18
j  org.gradle.internal.operations.DefaultBuildOperationRunner.run(Lorg/gradle/internal/operations/RunnableBuildOperation;)V+9
j  org.gradle.configuration.project.LifecycleProjectEvaluator.evaluate(Lorg/gradle/api/internal/project/ProjectInternal;Lorg/gradle/api/internal/project/ProjectStateInternal;)V+42
j  org.gradle.api.internal.project.DefaultProject.evaluate()Lorg/gradle/api/internal/project/DefaultProject;+9
j  org.gradle.api.internal.project.DefaultProject.evaluate()Lorg/gradle/api/Project;+1
j  org.gradle.api.internal.project.ProjectLifecycleController.lambda$ensureSelfConfigured$2()V+4
j  org.gradle.api.internal.project.ProjectLifecycleController$$Lambda$840+0x00000217a0664538.run()V+4
j  org.gradle.internal.model.StateTransitionController.lambda$doTransition$14(Ljava/lang/Runnable;)Lorg/gradle/internal/build/ExecutionResult;+1
j  org.gradle.internal.model.StateTransitionController$$Lambda$308+0x00000217a0335490.get()Ljava/lang/Object;+4
j  org.gradle.internal.model.StateTransitionController.doTransition(Lorg/gradle/internal/model/StateTransitionController$State;Lorg/gradle/internal/model/StateTransitionController$State;Ljava/util/function/Supplier;)Lorg/gradle/internal/build/ExecutionResult;+24
j  org.gradle.internal.model.StateTransitionController.doTransition(Lorg/gradle/internal/model/StateTransitionController$State;Lorg/gradle/internal/model/StateTransitionController$State;Ljava/lang/Runnable;)V+9
j  org.gradle.internal.model.StateTransitionController.lambda$maybeTransitionIfNotCurrentlyTransitioning$10(Lorg/gradle/internal/model/StateTransitionController$State;Lorg/gradle/internal/model/StateTransitionController$State;Ljava/lang/Runnable;)V+16
j  org.gradle.internal.model.StateTransitionController$$Lambda$841+0x00000217a0664758.run()V+16
j  org.gradle.internal.work.DefaultSynchronizer.withLock(Ljava/lang/Runnable;)V+6
j  org.gradle.internal.model.StateTransitionController.maybeTransitionIfNotCurrentlyTransitioning(Lorg/gradle/internal/model/StateTransitionController$State;Lorg/gradle/internal/model/StateTransitionController$State;Ljava/lang/Runnable;)V+13
j  org.gradle.api.internal.project.ProjectLifecycleController.ensureSelfConfigured()V+16
j  org.gradle.api.internal.project.DefaultProjectStateRegistry$ProjectStateImpl.ensureConfigured()V+19
j  org.gradle.execution.TaskPathProjectEvaluator.configure(Lorg/gradle/api/internal/project/ProjectInternal;)V+6
j  org.gradle.execution.TaskPathProjectEvaluator.configureHierarchy(Lorg/gradle/api/internal/project/ProjectInternal;)V+41
j  org.gradle.configuration.DefaultProjectsPreparer.prepareProjects(Lorg/gradle/api/internal/GradleInternal;)V+29
j  org.gradle.configuration.BuildTreePreparingProjectsPreparer.prepareProjects(Lorg/gradle/api/internal/GradleInternal;)V+114
j  org.gradle.configuration.BuildOperationFiringProjectsPreparer$ConfigureBuild.run(Lorg/gradle/internal/operations/BuildOperationContext;)V+11
j  org.gradle.internal.operations.DefaultBuildOperationRunner$1.execute(Lorg/gradle/internal/operations/RunnableBuildOperation;Lorg/gradle/internal/operations/BuildOperationContext;)V+2
j  org.gradle.internal.operations.DefaultBuildOperationRunner$1.execute(Lorg/gradle/internal/operations/BuildOperation;Lorg/gradle/internal/operations/BuildOperationContext;)V+6
j  org.gradle.internal.operations.DefaultBuildOperationRunner$2.execute(Lorg/gradle/internal/operations/BuildOperationDescriptor;Lorg/gradle/internal/operations/BuildOperationState;Lorg/gradle/internal/operations/BuildOperationState;Lorg/gradle/internal/operations/DefaultBuildOperationRunner$ReadableBuildOperationContext;Lorg/gradle/internal/operations/DefaultBuildOperationRunner$BuildOperationExecutionListener;)Lorg/gradle/internal/operations/BuildOperation;+22
j  org.gradle.internal.operations.DefaultBuildOperationRunner$2.execute(Lorg/gradle/internal/operations/BuildOperationDescriptor;Lorg/gradle/internal/operations/BuildOperationState;Lorg/gradle/internal/operations/BuildOperationState;Lorg/gradle/internal/operations/DefaultBuildOperationRunner$ReadableBuildOperationContext;Lorg/gradle/internal/operations/DefaultBuildOperationRunner$BuildOperationExecutionListener;)Ljava/lang/Object;+8
j  org.gradle.internal.operations.DefaultBuildOperationRunner.execute(Lorg/gradle/internal/operations/BuildOperationDescriptor$Builder;Lorg/gradle/internal/operations/BuildOperationState;Lorg/gradle/internal/operations/DefaultBuildOperationRunner$BuildOperationExecution;)Ljava/lang/Object;+141
j  org.gradle.internal.operations.DefaultBuildOperationRunner.execute(Lorg/gradle/internal/operations/BuildOperation;Lorg/gradle/internal/operations/BuildOperationWorker;Lorg/gradle/internal/operations/BuildOperationState;)V+18
j  org.gradle.internal.operations.DefaultBuildOperationRunner.run(Lorg/gradle/internal/operations/RunnableBuildOperation;)V+9
j  org.gradle.configuration.BuildOperationFiringProjectsPreparer.prepareProjects(Lorg/gradle/api/internal/GradleInternal;)V+13
j  org.gradle.initialization.VintageBuildModelController.lambda$prepareProjects$2()V+8
j  org.gradle.initialization.VintageBuildModelController$$Lambda$737+0x00000217a05d9498.run()V+4
j  org.gradle.internal.model.StateTransitionController.lambda$doTransition$14(Ljava/lang/Runnable;)Lorg/gradle/internal/build/ExecutionResult;+1
j  org.gradle.internal.model.StateTransitionController$$Lambda$308+0x00000217a0335490.get()Ljava/lang/Object;+4
j  org.gradle.internal.model.StateTransitionController.doTransition(Lorg/gradle/internal/model/StateTransitionController$State;Lorg/gradle/internal/model/StateTransitionController$State;Ljava/util/function/Supplier;)Lorg/gradle/internal/build/ExecutionResult;+24
j  org.gradle.internal.model.StateTransitionController.doTransition(Lorg/gradle/internal/model/StateTransitionController$State;Lorg/gradle/internal/model/StateTransitionController$State;Ljava/lang/Runnable;)V+9
j  org.gradle.internal.model.StateTransitionController.lambda$transitionIfNotPreviously$11(Lorg/gradle/internal/model/StateTransitionController$State;Lorg/gradle/internal/model/StateTransitionController$State;Ljava/lang/Runnable;)V+16
j  org.gradle.internal.model.StateTransitionController$$Lambda$307+0x00000217a0335270.run()V+16
j  org.gradle.internal.work.DefaultSynchronizer.withLock(Ljava/lang/Runnable;)V+6
j  org.gradle.internal.model.StateTransitionController.transitionIfNotPreviously(Lorg/gradle/internal/model/StateTransitionController$State;Lorg/gradle/internal/model/StateTransitionController$State;Ljava/lang/Runnable;)V+13
j  org.gradle.initialization.VintageBuildModelController.prepareProjects()V+16
j  org.gradle.initialization.VintageBuildModelController.getConfiguredModel()Lorg/gradle/api/internal/GradleInternal;+5
j  org.gradle.internal.build.DefaultBuildLifecycleController.lambda$withProjectsConfigured$1(Ljava/util/function/Function;)Ljava/lang/Object;+5
j  org.gradle.internal.build.DefaultBuildLifecycleController$$Lambda$304+0x00000217a0334c10.get()Ljava/lang/Object;+8
j  org.gradle.internal.model.StateTransitionController.lambda$notInState$3(Lorg/gradle/internal/model/StateTransitionController$State;Ljava/util/function/Supplier;)Ljava/lang/Object;+11
j  org.gradle.internal.model.StateTransitionController$$Lambda$305+0x00000217a0334e30.create()Ljava/lang/Object;+12
j  org.gradle.internal.work.DefaultSynchronizer.withLock(Lorg/gradle/internal/Factory;)Ljava/lang/Object;+6
j  org.gradle.internal.model.StateTransitionController.notInState(Lorg/gradle/internal/model/StateTransitionController$State;Ljava/util/function/Supplier;)Ljava/lang/Object;+12
j  org.gradle.internal.build.DefaultBuildLifecycleController.withProjectsConfigured(Ljava/util/function/Function;)Ljava/lang/Object;+14
j  org.gradle.internal.build.DefaultBuildToolingModelController.locateBuilderForTarget(Ljava/lang/String;Z)Lorg/gradle/tooling/provider/model/internal/ToolingModelScope;+38
j  org.gradle.internal.buildtree.DefaultBuildTreeModelCreator$DefaultBuildTreeModelController.lambda$locateBuilderForTarget$0(Ljava/lang/String;ZLorg/gradle/internal/build/BuildToolingModelController;)Lorg/gradle/tooling/provider/model/internal/ToolingModelScope;+3
j  org.gradle.internal.buildtree.DefaultBuildTreeModelCreator$DefaultBuildTreeModelController$$Lambda$301+0x00000217a03281f8.apply(Ljava/lang/Object;)Ljava/lang/Object;+12
j  org.gradle.internal.build.DefaultBuildLifecycleController.withToolingModels(Ljava/util/function/Function;)Ljava/lang/Object;+15
j  org.gradle.internal.build.AbstractBuildState.withToolingModels(Ljava/util/function/Function;)Ljava/lang/Object;+5
j  org.gradle.internal.buildtree.DefaultBuildTreeModelCreator$DefaultBuildTreeModelController.locateBuilderForTarget(Lorg/gradle/internal/build/BuildState;Ljava/lang/String;Z)Lorg/gradle/tooling/provider/model/internal/ToolingModelScope;+8
j  org.gradle.internal.buildtree.DefaultBuildTreeModelCreator$DefaultBuildTreeModelController.locateBuilderForDefaultTarget(Ljava/lang/String;Z)Lorg/gradle/tooling/provider/model/internal/ToolingModelScope;+10
j  org.gradle.tooling.internal.provider.runner.BuildModelActionRunner$ModelCreateAction.fromBuildModel(Lorg/gradle/internal/buildtree/BuildTreeModelController;)Ljava/lang/Object;+11
j  org.gradle.internal.buildtree.DefaultBuildTreeModelCreator.fromBuildModel(Lorg/gradle/internal/buildtree/BuildTreeModelAction;)Ljava/lang/Object;+10
j  org.gradle.internal.buildtree.DefaultBuildTreeLifecycleController.lambda$fromBuildModel$2(Lorg/gradle/internal/buildtree/BuildTreeModelAction;Z)Lorg/gradle/internal/build/ExecutionResult;+57
j  org.gradle.internal.buildtree.DefaultBuildTreeLifecycleController$$Lambda$297+0x00000217a0325928.get()Ljava/lang/Object;+12
j  org.gradle.internal.buildtree.DefaultBuildTreeLifecycleController.lambda$runBuild$4(Ljava/util/function/Supplier;)Ljava/lang/Object;+1
j  org.gradle.internal.buildtree.DefaultBuildTreeLifecycleController$$Lambda$298+0x00000217a0325b48.get()Ljava/lang/Object;+8
j  org.gradle.internal.model.StateTransitionController.lambda$transition$6(Ljava/util/function/Supplier;)Lorg/gradle/internal/build/ExecutionResult;+1
j  org.gradle.internal.model.StateTransitionController$$Lambda$300+0x00000217a0324800.get()Ljava/lang/Object;+4
j  org.gradle.internal.model.StateTransitionController.doTransition(Lorg/gradle/internal/model/StateTransitionController$State;Lorg/gradle/internal/model/StateTransitionController$State;Ljava/util/function/Supplier;)Lorg/gradle/internal/build/ExecutionResult;+24
j  org.gradle.internal.model.StateTransitionController.lambda$transition$7(Lorg/gradle/internal/model/StateTransitionController$State;Lorg/gradle/internal/model/StateTransitionController$State;Ljava/util/function/Supplier;)Ljava/lang/Object;+9
j  org.gradle.internal.model.StateTransitionController$$Lambda$299+0x00000217a0325d68.create()Ljava/lang/Object;+16
j  org.gradle.internal.work.DefaultSynchronizer.withLock(Lorg/gradle/internal/Factory;)Ljava/lang/Object;+6
j  org.gradle.internal.model.StateTransitionController.transition(Lorg/gradle/internal/model/StateTransitionController$State;Lorg/gradle/internal/model/StateTransitionController$State;Ljava/util/function/Supplier;)Ljava/lang/Object;+13
j  org.gradle.internal.buildtree.DefaultBuildTreeLifecycleController.runBuild(Ljava/util/function/Supplier;)Ljava/lang/Object;+17
j  org.gradle.internal.buildtree.DefaultBuildTreeLifecycleController.fromBuildModel(ZLorg/gradle/internal/buildtree/BuildTreeModelAction;)Ljava/lang/Object;+9
j  org.gradle.tooling.internal.provider.runner.BuildModelActionRunner.run(Lorg/gradle/internal/invocation/BuildAction;Lorg/gradle/internal/buildtree/BuildTreeLifecycleController;)Lorg/gradle/internal/buildtree/BuildActionRunner$Result;+40
j  org.gradle.launcher.exec.ChainingBuildActionRunner.run(Lorg/gradle/internal/invocation/BuildAction;Lorg/gradle/internal/buildtree/BuildTreeLifecycleController;)Lorg/gradle/internal/buildtree/BuildActionRunner$Result;+34
j  org.gradle.internal.buildtree.ProblemReportingBuildActionRunner.run(Lorg/gradle/internal/invocation/BuildAction;Lorg/gradle/internal/buildtree/BuildTreeLifecycleController;)Lorg/gradle/internal/buildtree/BuildActionRunner$Result;+12
j  org.gradle.launcher.exec.BuildOutcomeReportingBuildActionRunner.run(Lorg/gradle/internal/invocation/BuildAction;Lorg/gradle/internal/buildtree/BuildTreeLifecycleController;)Lorg/gradle/internal/buildtree/BuildActionRunner$Result;+69
j  org.gradle.tooling.internal.provider.FileSystemWatchingBuildActionRunner.run(Lorg/gradle/internal/invocation/BuildAction;Lorg/gradle/internal/buildtree/BuildTreeLifecycleController;)Lorg/gradle/internal/buildtree/BuildActionRunner$Result;+335
j  org.gradle.launcher.exec.BuildCompletionNotifyingBuildActionRunner.run(Lorg/gradle/internal/invocation/BuildAction;Lorg/gradle/internal/buildtree/BuildTreeLifecycleController;)Lorg/gradle/internal/buildtree/BuildActionRunner$Result;+6
j  org.gradle.launcher.exec.RootBuildLifecycleBuildActionExecutor.lambda$execute$0(Lorg/gradle/internal/invocation/BuildAction;Lorg/gradle/internal/buildtree/BuildTreeLifecycleController;)Lorg/gradle/internal/buildtree/BuildActionRunner$Result;+6
j  org.gradle.launcher.exec.RootBuildLifecycleBuildActionExecutor$$Lambda$268+0x00000217a0311f88.apply(Ljava/lang/Object;)Ljava/lang/Object;+12
j  org.gradle.composite.internal.DefaultRootBuildState.run(Ljava/util/function/Function;)Ljava/lang/Object;+87
j  org.gradle.launcher.exec.RootBuildLifecycleBuildActionExecutor.execute(Lorg/gradle/internal/invocation/BuildAction;Lorg/gradle/internal/buildtree/BuildTreeContext;)Lorg/gradle/internal/buildtree/BuildActionRunner$Result;+28
j  org.gradle.internal.buildtree.InitDeprecationLoggingActionExecutor.execute(Lorg/gradle/internal/invocation/BuildAction;Lorg/gradle/internal/buildtree/BuildTreeContext;)Lorg/gradle/internal/buildtree/BuildActionRunner$Result;+83
j  org.gradle.internal.buildtree.InitProblems.execute(Lorg/gradle/internal/invocation/BuildAction;Lorg/gradle/internal/buildtree/BuildTreeContext;)Lorg/gradle/internal/buildtree/BuildActionRunner$Result;+13
j  org.gradle.internal.buildtree.DefaultBuildTreeContext.execute(Lorg/gradle/internal/invocation/BuildAction;)Lorg/gradle/internal/buildtree/BuildActionRunner$Result;+64
j  org.gradle.launcher.exec.BuildTreeLifecycleBuildActionExecutor.lambda$execute$0(Lorg/gradle/internal/invocation/BuildAction;Lorg/gradle/internal/buildtree/BuildTreeContext;)Lorg/gradle/internal/buildtree/BuildActionRunner$Result;+2
j  org.gradle.launcher.exec.BuildTreeLifecycleBuildActionExecutor$$Lambda$209+0x00000217a0269eb0.apply(Ljava/lang/Object;)Ljava/lang/Object;+8
j  org.gradle.internal.buildtree.BuildTreeState.run(Ljava/util/function/Function;)Ljava/lang/Object;+45
j  org.gradle.launcher.exec.BuildTreeLifecycleBuildActionExecutor.execute(Lorg/gradle/internal/invocation/BuildAction;Lorg/gradle/internal/session/BuildSessionContext;)Lorg/gradle/internal/buildtree/BuildActionRunner$Result;+74
j  org.gradle.launcher.exec.RunAsBuildOperationBuildActionExecutor$3.call(Lorg/gradle/internal/operations/BuildOperationContext;)Lorg/gradle/internal/buildtree/BuildActionRunner$Result;+25
j  org.gradle.launcher.exec.RunAsBuildOperationBuildActionExecutor$3.call(Lorg/gradle/internal/operations/BuildOperationContext;)Ljava/lang/Object;+2
j  org.gradle.internal.operations.DefaultBuildOperationRunner$CallableBuildOperationWorker.execute(Lorg/gradle/internal/operations/CallableBuildOperation;Lorg/gradle/internal/operations/BuildOperationContext;)V+3
j  org.gradle.internal.operations.DefaultBuildOperationRunner$CallableBuildOperationWorker.execute(Lorg/gradle/internal/operations/BuildOperation;Lorg/gradle/internal/operations/BuildOperationContext;)V+6
j  org.gradle.internal.operations.DefaultBuildOperationRunner$2.execute(Lorg/gradle/internal/operations/BuildOperationDescriptor;Lorg/gradle/internal/operations/BuildOperationState;Lorg/gradle/internal/operations/BuildOperationState;Lorg/gradle/internal/operations/DefaultBuildOperationRunner$ReadableBuildOperationContext;Lorg/gradle/internal/operations/DefaultBuildOperationRunner$BuildOperationExecutionListener;)Lorg/gradle/internal/operations/BuildOperation;+22
j  org.gradle.internal.operations.DefaultBuildOperationRunner$2.execute(Lorg/gradle/internal/operations/BuildOperationDescriptor;Lorg/gradle/internal/operations/BuildOperationState;Lorg/gradle/internal/operations/BuildOperationState;Lorg/gradle/internal/operations/DefaultBuildOperationRunner$ReadableBuildOperationContext;Lorg/gradle/internal/operations/DefaultBuildOperationRunner$BuildOperationExecutionListener;)Ljava/lang/Object;+8
j  org.gradle.internal.operations.DefaultBuildOperationRunner.execute(Lorg/gradle/internal/operations/BuildOperationDescriptor$Builder;Lorg/gradle/internal/operations/BuildOperationState;Lorg/gradle/internal/operations/DefaultBuildOperationRunner$BuildOperationExecution;)Ljava/lang/Object;+141
j  org.gradle.internal.operations.DefaultBuildOperationRunner.execute(Lorg/gradle/internal/operations/BuildOperation;Lorg/gradle/internal/operations/BuildOperationWorker;Lorg/gradle/internal/operations/BuildOperationState;)V+18
j  org.gradle.internal.operations.DefaultBuildOperationRunner.call(Lorg/gradle/internal/operations/CallableBuildOperation;)Ljava/lang/Object;+16
j  org.gradle.launcher.exec.RunAsBuildOperationBuildActionExecutor.execute(Lorg/gradle/internal/invocation/BuildAction;Lorg/gradle/internal/session/BuildSessionContext;)Lorg/gradle/internal/buildtree/BuildActionRunner$Result;+23
j  org.gradle.launcher.exec.RunAsWorkerThreadBuildActionExecutor.lambda$execute$0(Lorg/gradle/internal/invocation/BuildAction;Lorg/gradle/internal/session/BuildSessionContext;)Lorg/gradle/internal/buildtree/BuildActionRunner$Result;+6
j  org.gradle.launcher.exec.RunAsWorkerThreadBuildActionExecutor$$Lambda$202+0x00000217a0241f58.create()Ljava/lang/Object;+12
j  org.gradle.internal.work.DefaultWorkerLeaseService.withLocks(Ljava/util/Collection;Lorg/gradle/internal/Factory;)Ljava/lang/Object;+28
j  org.gradle.internal.work.DefaultWorkerLeaseService.runAsWorkerThread(Lorg/gradle/internal/Factory;)Ljava/lang/Object;+33
j  org.gradle.launcher.exec.RunAsWorkerThreadBuildActionExecutor.execute(Lorg/gradle/internal/invocation/BuildAction;Lorg/gradle/internal/session/BuildSessionContext;)Lorg/gradle/internal/buildtree/BuildActionRunner$Result;+12
j  org.gradle.tooling.internal.provider.continuous.ContinuousBuildActionExecutor.execute(Lorg/gradle/internal/invocation/BuildAction;Lorg/gradle/internal/session/BuildSessionContext;)Lorg/gradle/internal/buildtree/BuildActionRunner$Result;+58
j  org.gradle.tooling.internal.provider.SubscribableBuildActionExecutor.execute(Lorg/gradle/internal/invocation/BuildAction;Lorg/gradle/internal/session/BuildSessionContext;)Lorg/gradle/internal/buildtree/BuildActionRunner$Result;+30
j  org.gradle.internal.session.DefaultBuildSessionContext.execute(Lorg/gradle/internal/invocation/BuildAction;)Lorg/gradle/internal/buildtree/BuildActionRunner$Result;+64
j  org.gradle.tooling.internal.provider.BuildSessionLifecycleBuildActionExecuter$ActionImpl.apply(Lorg/gradle/internal/session/BuildSessionContext;)Lorg/gradle/launcher/exec/BuildActionResult;+6
j  org.gradle.tooling.internal.provider.BuildSessionLifecycleBuildActionExecuter$ActionImpl.apply(Ljava/lang/Object;)Ljava/lang/Object;+5
j  org.gradle.internal.session.BuildSessionState.run(Ljava/util/function/Function;)Ljava/lang/Object;+5
j  org.gradle.tooling.internal.provider.BuildSessionLifecycleBuildActionExecuter.execute(Lorg/gradle/internal/invocation/BuildAction;Lorg/gradle/launcher/exec/BuildActionParameters;Lorg/gradle/initialization/BuildRequestContext;)Lorg/gradle/launcher/exec/BuildActionResult;+95
j  org.gradle.tooling.internal.provider.BuildSessionLifecycleBuildActionExecuter.execute(Lorg/gradle/internal/invocation/BuildAction;Ljava/lang/Object;Ljava/lang/Object;)Lorg/gradle/launcher/exec/BuildActionResult;+10
j  org.gradle.tooling.internal.provider.StartParamsValidatingActionExecuter.execute(Lorg/gradle/internal/invocation/BuildAction;Lorg/gradle/launcher/exec/BuildActionParameters;Lorg/gradle/initialization/BuildRequestContext;)Lorg/gradle/launcher/exec/BuildActionResult;+203
j  org.gradle.tooling.internal.provider.StartParamsValidatingActionExecuter.execute(Lorg/gradle/internal/invocation/BuildAction;Ljava/lang/Object;Ljava/lang/Object;)Lorg/gradle/launcher/exec/BuildActionResult;+10
j  org.gradle.tooling.internal.provider.SessionFailureReportingActionExecuter.execute(Lorg/gradle/internal/invocation/BuildAction;Lorg/gradle/launcher/exec/BuildActionParameters;Lorg/gradle/initialization/BuildRequestContext;)Lorg/gradle/launcher/exec/BuildActionResult;+7
j  org.gradle.tooling.internal.provider.SessionFailureReportingActionExecuter.execute(Lorg/gradle/internal/invocation/BuildAction;Ljava/lang/Object;Ljava/lang/Object;)Lorg/gradle/launcher/exec/BuildActionResult;+10
j  org.gradle.tooling.internal.provider.SetupLoggingActionExecuter.execute(Lorg/gradle/internal/invocation/BuildAction;Lorg/gradle/launcher/exec/BuildActionParameters;Lorg/gradle/initialization/BuildRequestContext;)Lorg/gradle/launcher/exec/BuildActionResult;+50
j  org.gradle.tooling.internal.provider.SetupLoggingActionExecuter.execute(Lorg/gradle/internal/invocation/BuildAction;Ljava/lang/Object;Ljava/lang/Object;)Lorg/gradle/launcher/exec/BuildActionResult;+10
j  org.gradle.launcher.daemon.server.exec.ExecuteBuild.doBuild(Lorg/gradle/launcher/daemon/server/api/DaemonCommandExecution;Lorg/gradle/launcher/daemon/protocol/Build;)V+117
j  org.gradle.launcher.daemon.server.exec.BuildCommandOnly.execute(Lorg/gradle/launcher/daemon/server/api/DaemonCommandExecution;)V+49
j  org.gradle.launcher.daemon.server.api.DaemonCommandExecution.proceed()Z+23
j  org.gradle.launcher.daemon.server.exec.WatchForDisconnection.execute(Lorg/gradle/launcher/daemon/server/api/DaemonCommandExecution;)V+19
j  org.gradle.launcher.daemon.server.api.DaemonCommandExecution.proceed()Z+23
j  org.gradle.launcher.daemon.server.exec.ResetDeprecationLogger.execute(Lorg/gradle/launcher/daemon/server/api/DaemonCommandExecution;)V+7
j  org.gradle.launcher.daemon.server.api.DaemonCommandExecution.proceed()Z+23
j  org.gradle.launcher.daemon.server.exec.RequestStopIfSingleUsedDaemon.execute(Lorg/gradle/launcher/daemon/server/api/DaemonCommandExecution;)V+33
j  org.gradle.launcher.daemon.server.api.DaemonCommandExecution.proceed()Z+23
j  org.gradle.launcher.daemon.server.exec.ForwardClientInput.lambda$execute$0(Lorg/gradle/launcher/daemon/server/api/DaemonCommandExecution;Lorg/gradle/launcher/daemon/server/api/StdinHandler;)Ljava/lang/Object;+11
j  org.gradle.launcher.daemon.server.exec.ForwardClientInput$$Lambda$107+0x00000217a0139e38.apply(Ljava/lang/Object;)Ljava/lang/Object;+8
j  org.gradle.launcher.daemon.server.clientinput.ClientInputForwarder.forwardInput(Ljava/util/function/Function;)Ljava/lang/Object;+60
j  org.gradle.launcher.daemon.server.exec.ForwardClientInput.execute(Lorg/gradle/launcher/daemon/server/api/DaemonCommandExecution;)V+10
j  org.gradle.launcher.daemon.server.api.DaemonCommandExecution.proceed()Z+23
j  org.gradle.launcher.daemon.server.exec.LogAndCheckHealth.execute(Lorg/gradle/launcher/daemon/server/api/DaemonCommandExecution;)V+51
j  org.gradle.launcher.daemon.server.api.DaemonCommandExecution.proceed()Z+23
j  org.gradle.launcher.daemon.server.exec.LogToClient.doBuild(Lorg/gradle/launcher/daemon/server/api/DaemonCommandExecution;Lorg/gradle/launcher/daemon/protocol/Build;)V+87
j  org.gradle.launcher.daemon.server.exec.BuildCommandOnly.execute(Lorg/gradle/launcher/daemon/server/api/DaemonCommandExecution;)V+49
j  org.gradle.launcher.daemon.server.api.DaemonCommandExecution.proceed()Z+23
j  org.gradle.launcher.daemon.server.exec.EstablishBuildEnvironment.doBuild(Lorg/gradle/launcher/daemon/server/api/DaemonCommandExecution;Lorg/gradle/launcher/daemon/protocol/Build;)V+356
j  org.gradle.launcher.daemon.server.exec.BuildCommandOnly.execute(Lorg/gradle/launcher/daemon/server/api/DaemonCommandExecution;)V+49
j  org.gradle.launcher.daemon.server.api.DaemonCommandExecution.proceed()Z+23
j  org.gradle.launcher.daemon.server.exec.StartBuildOrRespondWithBusy$1.run()V+44
j  org.gradle.launcher.daemon.server.DaemonStateCoordinator$1.run()V+4
j  org.gradle.internal.concurrent.ExecutorPolicy$CatchAndRecordFailures.onExecute(Ljava/lang/Runnable;)V+1
j  org.gradle.internal.concurrent.AbstractManagedExecutor$1.run()V+25
j  java.util.concurrent.ThreadPoolExecutor.runWorker(Ljava/util/concurrent/ThreadPoolExecutor$Worker;)V+92 java.base@17.0.11
j  java.util.concurrent.ThreadPoolExecutor$Worker.run()V+5 java.base@17.0.11
j  java.lang.Thread.run()V+11 java.base@17.0.11
v  ~StubRoutines::call_stub

Compiled method (n/a)  127101  878     n 0       java.lang.ClassLoader::defineClass1 (native)
 total in heap  [0x00000217909b2c90,0x00000217909b3170] = 1248
 relocation     [0x00000217909b2de8,0x00000217909b2e20] = 56
 main code      [0x00000217909b2e20,0x00000217909b3170] = 848

[Constant Pool (empty)]

[MachCode]
[Entry Point]
  # {method} {0x000002179f010f28} 'defineClass1' '(Ljava/lang/ClassLoader;Ljava/lang/String;[BIILjava/security/ProtectionDomain;Ljava/lang/String;)Ljava/lang/Class;' in 'java/lang/ClassLoader'
  # parm0:    rdx:rdx   = 'java/lang/ClassLoader'
  # parm1:    r8:r8     = 'java/lang/String'
  # parm2:    r9:r9     = '[B'
  # parm3:    rdi       = int
  # parm4:    rsi       = int
  # parm5:    rcx:rcx   = 'java/security/ProtectionDomain'
  # parm6:    [sp+0xa0]   = 'java/lang/String'  (sp of caller)
  0x00000217909b2e20: 448b 5208 | 49bb 0000 | 009f 1702 | 0000 4d03 | d349 3bc2 | 0f84 0600 

  0x00000217909b2e38: ;   {runtime_call ic_miss_stub}
  0x00000217909b2e38: 0000 e941 | e2a4 ff90 
[Verified Entry Point]
  0x00000217909b2e40: 8984 2400 | 90ff ff55 | 488b ec48 | 81ec 9000 | 0000 4881 | 7d10 0000 | 0000 488d | 4510 480f 
  0x00000217909b2e60: 4445 1048 | 8944 2440 | 4889 4c24 | 7048 83f9 | 0048 8d44 | 2470 480f | 4444 2470 | 4889 4424 
  0x00000217909b2e80: 3848 8974 | 2430 4889 | 7c24 284c | 894c 2458 | 4983 f900 | 488d 4424 | 5848 0f44 | 4424 5848 
  0x00000217909b2ea0: 8944 2420 | 4c89 4424 | 5049 83f8 | 004c 8d4c | 2450 4c0f | 444c 2450 | 4889 5424 | 4848 83fa 
  0x00000217909b2ec0: 004c 8d44 | 2448 4c0f | 4444 2448 

  0x00000217909b2ecc: ;   {oop(a 'java/lang/Class'{0x0000000080083800} = 'java/lang/ClassLoader')}
  0x00000217909b2ecc: 49be 0038 | 0880 0000 | 0000 4c89 | 7424 784c | 8d74 2478 | 498b d6c5 

  0x00000217909b2ee4: ;   {internal_word}
  0x00000217909b2ee4: f877 49ba | e32e 9b90 | 1702 0000 | 4d89 97a0 | 0200 0049 | 89a7 9802 

  0x00000217909b2efc: ;   {external_word}
  0x00000217909b2efc: 0000 49ba | 5835 1fa2 | fb7f 0000 | 4180 3a00 | 0f84 5200 | 0000 5241 

  0x00000217909b2f14: ;   {metadata({method} {0x000002179f010f28} 'defineClass1' '(Ljava/lang/ClassLoader;Ljava/lang/String;[BIILjava/security/ProtectionDomain;Ljava/lang/String;)Ljava/lang/Class;' in 'java/lang/ClassLoader')}
  0x00000217909b2f14: 5041 5148 | ba20 0f01 | 9f17 0200 | 0049 8bcf | 4883 ec20 | f7c4 0f00 | 0000 0f84 | 1a00 0000 
  0x00000217909b2f34: 4883 ec08 

  0x00000217909b2f38: ;   {runtime_call}
  0x00000217909b2f38: 49ba 6031 | d5a1 fb7f | 0000 41ff | d248 83c4 | 08e9 0d00 

  0x00000217909b2f4c: ;   {runtime_call}
  0x00000217909b2f4c: 0000 49ba | 6031 d5a1 | fb7f 0000 | 41ff d248 | 83c4 2041 | 5941 585a | 498d 8fb8 | 0200 0041 
  0x00000217909b2f6c: c787 4803 | 0000 0400 

  0x00000217909b2f74: ;   {runtime_call}
  0x00000217909b2f74: 0000 49ba | ac16 b305 | fc7f 0000 | 41ff d2c5 | f877 41c7 | 8748 0300 | 0005 0000 | 00f0 8344 
  0x00000217909b2f94: 24c0 0049 | 3baf 5003 | 0000 0f87 | 1100 0000 | 4181 bf38 | 0300 0000 | 0000 000f | 842c 0000 
  0x00000217909b2fb4: 00c5 f877 | 4889 45f8 | 498b cf4c | 8be4 4883 | ec20 4883 

  0x00000217909b2fc8: ;   {runtime_call}
  0x00000217909b2fc8: e4f0 49ba | c045 e5a1 | fb7f 0000 | 41ff d249 | 8be4 4d33 | e448 8b45 | f841 c787 | 4803 0000 
  0x00000217909b2fe8: 0800 0000 | 4181 bfb8 | 0300 0002 | 0000 000f | 843f 0100 

  0x00000217909b2ffc: ;   {external_word}
  0x00000217909b2ffc: 0049 ba58 | 351f a2fb | 7f00 0041 | 803a 000f | 8450 0000 | 0048 8945 

  0x00000217909b3014: ;   {metadata({method} {0x000002179f010f28} 'defineClass1' '(Ljava/lang/ClassLoader;Ljava/lang/String;[BIILjava/security/ProtectionDomain;Ljava/lang/String;)Ljava/lang/Class;' in 'java/lang/ClassLoader')}
  0x00000217909b3014: f848 ba20 | 0f01 9f17 | 0200 0049 | 8bcf 4883 | ec20 f7c4 | 0f00 0000 | 0f84 1a00 | 0000 4883 
  0x00000217909b3034: ;   {runtime_call}
  0x00000217909b3034: ec08 49ba | 6031 d5a1 | fb7f 0000 | 41ff d248 | 83c4 08e9 | 0d00 0000 

  0x00000217909b304c: ;   {runtime_call}
  0x00000217909b304c: 49ba 6031 | d5a1 fb7f | 0000 41ff | d248 83c4 | 2048 8b45 | f849 c787 | 9802 0000 | 0000 0000 
  0x00000217909b306c: 49c7 87a0 | 0200 0000 | 0000 00c5 | f877 4885 | c00f 8493 | 0000 0048 | f7c0 0100 | 0000 0f84 
  0x00000217909b308c: 8300 0000 | 488b 40ff | 4180 7f38 | 000f 846f | 0000 0048 | 83f8 000f | 8465 0000 | 0049 8b4f 
  0x00000217909b30ac: 2048 83f9 | 000f 8414 | 0000 0048 | 83e9 0849 | 894f 2049 | 034f 3048 | 8901 e943 | 0000 0050 
  0x00000217909b30cc: 498b d748 | 8bc8 4883 | ec20 f7c4 | 0f00 0000 | 0f84 1a00 | 0000 4883 

  0x00000217909b30e4: ;   {runtime_call}
  0x00000217909b30e4: ec08 49ba | 604d 94a1 | fb7f 0000 | 41ff d248 | 83c4 08e9 | 0d00 0000 

  0x00000217909b30fc: ;   {runtime_call}
  0x00000217909b30fc: 49ba 604d | 94a1 fb7f | 0000 41ff | d248 83c4 | 2058 e903 | 0000 0048 | 8b00 498b | 8fd8 0000 
  0x00000217909b311c: 00c7 8100 | 0100 0000 | 0000 00c9 | 4981 7f08 | 0000 0000 | 0f85 0100 

  0x00000217909b3134: ;   {runtime_call StubRoutines (1)}
  0x00000217909b3134: 0000 c3e9 | c4dd 9fff | c5f8 7748 | 8945 f84c | 8be4 4883 | ec20 4883 

  0x00000217909b314c: ;   {runtime_call}
  0x00000217909b314c: e4f0 49ba | e061 d5a1 | fb7f 0000 | 41ff d249 | 8be4 4d33 | e448 8b45 | f8e9 93fe | ffff f4f4 
  0x00000217909b316c: f4f4 f4f4 
[/MachCode]


Compiled method (c1)  127140 1048       3       java.lang.ClassLoader::defineClass (43 bytes)
 total in heap  [0x000002178907ba10,0x000002178907c348] = 2360
 relocation     [0x000002178907bb68,0x000002178907bbf8] = 144
 main code      [0x000002178907bc00,0x000002178907c0a0] = 1184
 stub code      [0x000002178907c0a0,0x000002178907c118] = 120
 metadata       [0x000002178907c118,0x000002178907c148] = 48
 scopes data    [0x000002178907c148,0x000002178907c238] = 240
 scopes pcs     [0x000002178907c238,0x000002178907c318] = 224
 dependencies   [0x000002178907c318,0x000002178907c320] = 8
 nul chk table  [0x000002178907c320,0x000002178907c348] = 40

[Constant Pool (empty)]

[MachCode]
[Entry Point]
  # {method} {0x000002179f010cc0} 'defineClass' '(Ljava/lang/String;[BIILjava/security/ProtectionDomain;)Ljava/lang/Class;' in 'java/lang/ClassLoader'
  # this:     rdx:rdx   = 'java/lang/ClassLoader'
  # parm0:    r8:r8     = 'java/lang/String'
  # parm1:    r9:r9     = '[B'
  # parm2:    rdi       = int
  # parm3:    rsi       = int
  # parm4:    rcx:rcx   = 'java/security/ProtectionDomain'
  #           [sp+0xc0]  (sp of caller)
  0x000002178907bc00: 448b 5208 | 49bb 0000 | 009f 1702 | 0000 4d03 | d34c 3bd0 

  0x000002178907bc14: ;   {runtime_call ic_miss_stub}
  0x000002178907bc14: 0f85 6654 | 3807 660f | 1f44 0000 
[Verified Entry Point]
  0x000002178907bc20: 8984 2400 | 90ff ff55 | 4881 ecb0 | 0000 0048 | 8954 2478 

  0x000002178907bc34: ;   {metadata(method data for {method} {0x000002179f010cc0} 'defineClass' '(Ljava/lang/String;[BIILjava/security/ProtectionDomain;)Ljava/lang/Class;' in 'java/lang/ClassLoader')}
  0x000002178907bc34: 48bb a0c3 | 18e0 1702 | 0000 8b83 | cc00 0000 | 83c0 0289 | 83cc 0000 | 0081 e0fe | 0700 0083 
  0x000002178907bc54: f800 0f84 | 4e03 0000 | 89b4 2494 | 0000 0089 | bc24 9000 | 0000 4c89 | 8c24 8800 | 0000 488b 
  0x000002178907bc74: ;   {metadata(method data for {method} {0x000002179f010cc0} 'defineClass' '(Ljava/lang/String;[BIILjava/security/ProtectionDomain;)Ljava/lang/Class;' in 'java/lang/ClassLoader')}
  0x000002178907bc74: da48 b8a0 | c318 e017 | 0200 0048 | 8380 1001 | 0000 0149 | 8bd8 4c8b | c34c 8bc9 | 488b ca48 
  0x000002178907bc94: 8bd1 4889 | 9c24 8000 

  0x000002178907bc9c: ;   {optimized virtual_call}
  0x000002178907bc9c: 0000 90e8 

  0x000002178907bca0: ; ImmutableOopMap {[120]=Oop [136]=Oop [128]=Oop }
                      ;*invokevirtual preDefineClass {reexecute=0 rethrow=0 return_oop=0}
                      ; - java.lang.ClassLoader::defineClass@4 (line 1015)
  0x000002178907bca0: 7c0a 0000 | 4889 8424 | 9800 0000 | 488b 5424 

  0x000002178907bcb0: ;   {metadata(method data for {method} {0x000002179f010cc0} 'defineClass' '(Ljava/lang/String;[BIILjava/security/ProtectionDomain;)Ljava/lang/Class;' in 'java/lang/ClassLoader')}
  0x000002178907bcb0: 7849 b8a0 | c318 e017 | 0200 0049 | 8380 4801 

  0x000002178907bcc0: ;   {metadata(method data for {method} {0x000002179f010ed0} 'defineClassSourceLocation' '(Ljava/security/ProtectionDomain;)Ljava/lang/String;' in 'java/lang/ClassLoader')}
  0x000002178907bcc0: 0000 0149 | b8b8 ca18 | e017 0200 | 0041 8b90 | cc00 0000 | 83c2 0241 | 8990 cc00 | 0000 81e2 
  0x000002178907bce0: feff 1f00 | 83fa 000f | 84de 0200 | 0048 3b00 

  0x000002178907bcf0: ;   {metadata(method data for {method} {0x000002179f010ed0} 'defineClassSourceLocation' '(Ljava/security/ProtectionDomain;)Ljava/lang/String;' in 'java/lang/ClassLoader')}
  0x000002178907bcf0: 4c8b c048 | bab8 ca18 | e017 0200 | 0048 8382 | 1001 0000 | 0144 8b40 | 1049 83f8 

  0x000002178907bd0c: ;   {metadata(method data for {method} {0x000002179f010ed0} 'defineClassSourceLocation' '(Ljava/security/ProtectionDomain;)Ljava/lang/String;' in 'java/lang/ClassLoader')}
  0x000002178907bd0c: 0048 bab8 | ca18 e017 | 0200 0048 | be58 0100 | 0000 0000 | 000f 850a | 0000 0048 | be48 0100 
  0x000002178907bd2c: 0000 0000 | 0048 8b3c | 3248 8d7f | 0148 893c | 320f 850f 

  0x000002178907bd40: ;   {oop(NULL)}
  0x000002178907bd40: 0000 0048 | bb00 0000 | 0000 0000 | 00e9 ad01 | 0000 493b | 0049 8bd0 

  0x000002178907bd58: ;   {metadata(method data for {method} {0x000002179f010ed0} 'defineClassSourceLocation' '(Ljava/security/ProtectionDomain;)Ljava/lang/String;' in 'java/lang/ClassLoader')}
  0x000002178907bd58: 48be b8ca | 18e0 1702 | 0000 4883 | 8668 0100 | 0001 418b | 500c 4883 

  0x000002178907bd70: ;   {metadata(method data for {method} {0x000002179f010ed0} 'defineClassSourceLocation' '(Ljava/security/ProtectionDomain;)Ljava/lang/String;' in 'java/lang/ClassLoader')}
  0x000002178907bd70: fa00 48be | b8ca 18e0 | 1702 0000 | 48bf b001 | 0000 0000 | 0000 0f85 | 0a00 0000 | 48bf a001 
  0x000002178907bd90: 0000 0000 | 0000 488b | 1c3e 488d | 5b01 4889 | 1c3e 0f85 | 0f00 0000 

  0x000002178907bda8: ;   {oop(NULL)}
  0x000002178907bda8: 48bb 0000 | 0000 0000 | 0000 e948 

  0x000002178907bdb4: ;   {metadata(method data for {method} {0x000002179f010ed0} 'defineClassSourceLocation' '(Ljava/security/ProtectionDomain;)Ljava/lang/String;' in 'java/lang/ClassLoader')}
  0x000002178907bdb4: 0100 0048 | beb8 ca18 | e017 0200 | 0048 8386 | c001 0000 | 0148 3b02 

  0x000002178907bdcc: ;   {metadata(method data for {method} {0x000002179f010ed0} 'defineClassSourceLocation' '(Ljava/security/ProtectionDomain;)Ljava/lang/String;' in 'java/lang/ClassLoader')}
  0x000002178907bdcc: 4c8b c248 | beb8 ca18 | e017 0200 | 0048 8386 | f801 0000 

  0x000002178907bde0: ;   {metadata(method data for {method} {0x000002179f06af28} 'toString' '()Ljava/lang/String;' in 'java/net/URL')}
  0x000002178907bde0: 0149 b830 | 680e e017 | 0200 0041 | 8bb0 cc00 | 0000 83c6 | 0241 89b0 | cc00 0000 | 81e6 feff 
  0x000002178907be00: 1f00 83fe | 000f 84f0 | 0100 004c 

  0x000002178907be0c: ;   {metadata(method data for {method} {0x000002179f06af28} 'toString' '()Ljava/lang/String;' in 'java/net/URL')}
  0x000002178907be0c: 8bc2 48be | 3068 0ee0 | 1702 0000 | 4883 8610 | 0100 0001 

  0x000002178907be20: ;   {metadata(method data for {method} {0x000002179f06b7c0} 'toExternalForm' '()Ljava/lang/String;' in 'java/net/URL')}
  0x000002178907be20: 49b8 b869 | 0ee0 1702 | 0000 418b | b0cc 0000 | 0083 c602 | 4189 b0cc | 0000 0081 | e6fe ff1f 
  0x000002178907be40: 0083 fe00 | 0f84 d201 | 0000 8b72 | 3848 3b06 

  0x000002178907be50: ;   {metadata(method data for {method} {0x000002179f06b7c0} 'toExternalForm' '()Ljava/lang/String;' in 'java/net/URL')}
  0x000002178907be50: 4c8b c648 | bfb8 690e | e017 0200 | 0045 8b40 | 0849 ba00 | 0000 9f17 | 0200 004d | 03c2 4c3b 
  0x000002178907be70: 8720 0100 | 0075 0d48 | 8387 2801 | 0000 01e9 | 6600 0000 | 4c3b 8730 | 0100 0075 | 0d48 8387 
  0x000002178907be90: 3801 0000 | 01e9 5000 | 0000 4881 | bf20 0100 | 0000 0000 | 0075 174c | 8987 2001 | 0000 48c7 
  0x000002178907beb0: 8728 0100 | 0001 0000 | 00e9 2c00 | 0000 4881 | bf30 0100 | 0000 0000 | 0075 174c | 8987 3001 
  0x000002178907bed0: 0000 48c7 | 8738 0100 | 0001 0000 | 00e9 0800 | 0000 4883 | 8710 0100 | 0001 4c8b | c248 8bd6 
  0x000002178907bef0: 0f1f 8000 

  0x000002178907bef4: ;   {optimized virtual_call}
  0x000002178907bef4: 0000 00e8 

  0x000002178907bef8: ; ImmutableOopMap {[120]=Oop [136]=Oop [128]=Oop [152]=Oop }
                      ;*invokevirtual toExternalForm {reexecute=0 rethrow=0 return_oop=0}
                      ; - java.net.URL::toExternalForm@5 (line 1039)
                      ; - java.net.URL::toString@1 (line 1025)
                      ; - java.lang.ClassLoader::defineClassSourceLocation@22 (line 917)
                      ; - java.lang.ClassLoader::defineClass@12 (line 1016)
  0x000002178907bef8: a44c a807 | 488b d848 | 8b84 2498 | 0000 008b | b424 9400 | 0000 8bbc | 2490 0000 | 004c 8b8c 
  0x000002178907bf18: 2488 0000 | 004c 8b84 | 2480 0000 | 0048 8b54 

  0x000002178907bf28: ;   {metadata(method data for {method} {0x000002179f010cc0} 'defineClass' '(Ljava/lang/String;[BIILjava/security/ProtectionDomain;)Ljava/lang/Class;' in 'java/lang/ClassLoader')}
  0x000002178907bf28: 2478 48b9 | a0c3 18e0 | 1702 0000 | 4883 8180 | 0100 0001 | 4c8b da49 | 8bd3 488b | c848 891c 
  0x000002178907bf48: 2466 0f1f 

  0x000002178907bf4c: ;   {static_call}
  0x000002178907bf4c: 4400 00e8 

  0x000002178907bf50: ; ImmutableOopMap {[152]=Oop [120]=Oop }
                      ;*invokestatic defineClass1 {reexecute=0 rethrow=0 return_oop=0}
                      ; - java.lang.ClassLoader::defineClass@27 (line 1017)
  0x000002178907bf50: ec6e 9307 | 488b 5424 

  0x000002178907bf58: ;   {metadata(method data for {method} {0x000002179f010cc0} 'defineClass' '(Ljava/lang/String;[BIILjava/security/ProtectionDomain;)Ljava/lang/Class;' in 'java/lang/ClassLoader')}
  0x000002178907bf58: 7849 b8a0 | c318 e017 | 0200 0049 | 8380 9001 | 0000 014c | 8bc0 4c8b | 8c24 9800 | 0000 488b 
  0x000002178907bf78: 5424 7848 | 8984 24a0 | 0000 000f 

  0x000002178907bf84: ;   {optimized virtual_call}
  0x000002178907bf84: 1f40 00e8 

  0x000002178907bf88: ; ImmutableOopMap {[160]=Oop }
                      ;*invokevirtual postDefineClass {reexecute=0 rethrow=0 return_oop=0}
                      ; - java.lang.ClassLoader::defineClass@37 (line 1018)
  0x000002178907bf88: 9490 6600 | 488b 8424 | a000 0000 | 4881 c4b0 | 0000 005d 

  0x000002178907bf9c: ;   {poll_return}
  0x000002178907bf9c: 493b a750 | 0300 000f | 8799 0000 

  0x000002178907bfa8: ;   {metadata({method} {0x000002179f010cc0} 'defineClass' '(Ljava/lang/String;[BIILjava/security/ProtectionDomain;)Ljava/lang/Class;' in 'java/lang/ClassLoader')}
  0x000002178907bfa8: 00c3 49ba | b80c 019f | 1702 0000 | 4c89 5424 | 0848 c704 | 24ff ffff 

  0x000002178907bfc0: ;   {runtime_call counter_overflow Runtime1 stub}
  0x000002178907bfc0: ffe8 3af3 

  0x000002178907bfc4: ; ImmutableOopMap {rdx=Oop [120]=Oop r8=Oop r9=Oop rcx=Oop }
                      ;*synchronization entry
                      ; - java.lang.ClassLoader::defineClass@-1 (line 1015)
  0x000002178907bfc4: 4207 e991 

  0x000002178907bfc8: ;   {metadata({method} {0x000002179f010ed0} 'defineClassSourceLocation' '(Ljava/security/ProtectionDomain;)Ljava/lang/String;' in 'java/lang/ClassLoader')}
  0x000002178907bfc8: fcff ff49 | bac8 0e01 | 9f17 0200 | 004c 8954 | 2408 48c7 | 0424 ffff 

  0x000002178907bfe0: ;   {runtime_call counter_overflow Runtime1 stub}
  0x000002178907bfe0: ffff e819 

  0x000002178907bfe4: ; ImmutableOopMap {[120]=Oop [136]=Oop [128]=Oop rax=Oop [152]=Oop }
                      ;*synchronization entry
                      ; - java.lang.ClassLoader::defineClassSourceLocation@-1 (line 914)
                      ; - java.lang.ClassLoader::defineClass@12 (line 1016)
  0x000002178907bfe4: f342 07e9 | 01fd ffff 

  0x000002178907bfec: ;   {runtime_call throw_null_pointer_exception Runtime1 stub}
  0x000002178907bfec: e8af c239 

  0x000002178907bff0: ; ImmutableOopMap {[120]=Oop [136]=Oop [128]=Oop rax=Oop [152]=Oop }
                      ;*invokevirtual getCodeSource {reexecute=0 rethrow=0 return_oop=0}
                      ; - java.lang.ClassLoader::defineClassSourceLocation@1 (line 914)
                      ; - java.lang.ClassLoader::defineClass@12 (line 1016)
                      ;   {runtime_call throw_null_pointer_exception Runtime1 stub}
  0x000002178907bff0: 07e8 aac2 

  0x000002178907bff4: ; ImmutableOopMap {[120]=Oop [136]=Oop [128]=Oop rax=Oop [152]=Oop r8=Oop }
                      ;*invokevirtual getLocation {reexecute=0 rethrow=0 return_oop=0}
                      ; - java.lang.ClassLoader::defineClassSourceLocation@12 (line 916)
                      ; - java.lang.ClassLoader::defineClass@12 (line 1016)
                      ;   {runtime_call throw_null_pointer_exception Runtime1 stub}
  0x000002178907bff4: 3907 e8a5 

  0x000002178907bff8: ; ImmutableOopMap {[120]=Oop [136]=Oop [128]=Oop [152]=Oop rdx=Oop }
                      ;*invokevirtual toString {reexecute=0 rethrow=0 return_oop=0}
                      ; - java.lang.ClassLoader::defineClassSourceLocation@22 (line 917)
                      ; - java.lang.ClassLoader::defineClass@12 (line 1016)
                      ;   {metadata({method} {0x000002179f06af28} 'toString' '()Ljava/lang/String;' in 'java/net/URL')}
  0x000002178907bff8: c239 0749 | ba20 af06 | 9f17 0200 | 004c 8954 | 2408 48c7 | 0424 ffff 

  0x000002178907c010: ;   {runtime_call counter_overflow Runtime1 stub}
  0x000002178907c010: ffff e8e9 

  0x000002178907c014: ; ImmutableOopMap {[120]=Oop [136]=Oop [128]=Oop [152]=Oop rdx=Oop }
                      ;*synchronization entry
                      ; - java.net.URL::toString@-1 (line 1025)
                      ; - java.lang.ClassLoader::defineClassSourceLocation@22 (line 917)
                      ; - java.lang.ClassLoader::defineClass@12 (line 1016)
  0x000002178907c014: f242 07e9 | effd ffff 

  0x000002178907c01c: ;   {metadata({method} {0x000002179f06b7c0} 'toExternalForm' '()Ljava/lang/String;' in 'java/net/URL')}
  0x000002178907c01c: 49ba b8b7 | 069f 1702 | 0000 4c89 | 5424 0848 | c704 24ff 

  0x000002178907c030: ;   {runtime_call counter_overflow Runtime1 stub}
  0x000002178907c030: ffff ffe8 

  0x000002178907c034: ; ImmutableOopMap {[120]=Oop [136]=Oop [128]=Oop [152]=Oop rdx=Oop }
                      ;*synchronization entry
                      ; - java.net.URL::toExternalForm@-1 (line 1039)
                      ; - java.net.URL::toString@1 (line 1025)
                      ; - java.lang.ClassLoader::defineClassSourceLocation@22 (line 917)
                      ; - java.lang.ClassLoader::defineClass@12 (line 1016)
  0x000002178907c034: c8f2 4207 | e90d feff 

  0x000002178907c03c: ;   {runtime_call throw_null_pointer_exception Runtime1 stub}
  0x000002178907c03c: ffe8 5ec2 

  0x000002178907c040: ; ImmutableOopMap {[120]=Oop [136]=Oop [128]=Oop [152]=Oop rdx=Oop rsi=Oop }
                      ;*invokevirtual toExternalForm {reexecute=0 rethrow=0 return_oop=0}
                      ; - java.net.URL::toExternalForm@5 (line 1039)
                      ; - java.net.URL::toString@1 (line 1025)
                      ; - java.lang.ClassLoader::defineClassSourceLocation@22 (line 917)
                      ; - java.lang.ClassLoader::defineClass@12 (line 1016)
                      ;   {internal_word}
  0x000002178907c040: 3907 49ba | 9cbf 0789 | 1702 0000 | 4d89 9768 

  0x000002178907c050: ;   {runtime_call SafepointBlob}
  0x000002178907c050: 0300 00e9 | a8b9 3807 | 9090 498b | 87e0 0300 | 0049 c787 | e003 0000 | 0000 0000 | 49c7 87e8 
  0x000002178907c070: 0300 0000 | 0000 0048 | 81c4 b000 

  0x000002178907c07c: ;   {runtime_call unwind_exception Runtime1 stub}
  0x000002178907c07c: 0000 5de9 | fcd0 3907 | f4f4 f4f4 | f4f4 f4f4 | f4f4 f4f4 | f4f4 f4f4 | f4f4 f4f4 | f4f4 f4f4 
  0x000002178907c09c: f4f4 f4f4 
[Stub Code]
  0x000002178907c0a0: ;   {no_reloc}
  0x000002178907c0a0: 0f1f 4400 

  0x000002178907c0a4: ;   {static_stub}
  0x000002178907c0a4: 0048 bb00 | 0000 0000 

  0x000002178907c0ac: ;   {runtime_call}
  0x000002178907c0ac: 0000 00e9 | fbff ffff 

  0x000002178907c0b4: ;   {static_stub}
  0x000002178907c0b4: 9048 bb00 | 0000 0000 

  0x000002178907c0bc: ;   {runtime_call}
  0x000002178907c0bc: 0000 00e9 | fbff ffff 

  0x000002178907c0c4: ;   {static_stub}
  0x000002178907c0c4: 9048 bb00 | 0000 0000 

  0x000002178907c0cc: ;   {runtime_call}
  0x000002178907c0cc: 0000 00e9 | fbff ffff 

  0x000002178907c0d4: ;   {static_stub}
  0x000002178907c0d4: 9048 bb88 | 0f01 9f17 

  0x000002178907c0dc: ;   {runtime_call I2C/C2I adapters}
  0x000002178907c0dc: 0200 00e9 | fd18 3807 
[Exception Handler]
  0x000002178907c0e4: ;   {runtime_call handle_exception_from_callee Runtime1 stub}
  0x000002178907c0e4: e897 a339 

  0x000002178907c0e8: ;   {external_word}
  0x000002178907c0e8: 0748 b930 | 9af9 a1fb | 7f00 0048 

  0x000002178907c0f4: ;   {runtime_call}
  0x000002178907c0f4: 83e4 f049 | ba40 2bc2 | a1fb 7f00 | 0041 ffd2 

  0x000002178907c104: ;   {section_word}
  0x000002178907c104: f449 ba05 | c107 8917 | 0200 0041 

  0x000002178907c110: ;   {runtime_call DeoptimizationBlob}
  0x000002178907c110: 52e9 8aab | 3807 f4f4 
[/MachCode]


Compiled method (c1)  127229 4151       3       java.security.SecureClassLoader::defineClass (16 bytes)
 total in heap  [0x00000217896e4a10,0x00000217896e4e00] = 1008
 relocation     [0x00000217896e4b68,0x00000217896e4bb0] = 72
 main code      [0x00000217896e4bc0,0x00000217896e4d00] = 320
 stub code      [0x00000217896e4d00,0x00000217896e4d58] = 88
 metadata       [0x00000217896e4d58,0x00000217896e4d60] = 8
 scopes data    [0x00000217896e4d60,0x00000217896e4da8] = 72
 scopes pcs     [0x00000217896e4da8,0x00000217896e4df8] = 80
 dependencies   [0x00000217896e4df8,0x00000217896e4e00] = 8

[Constant Pool (empty)]

[MachCode]
[Entry Point]
  # {method} {0x000002179f434330} 'defineClass' '(Ljava/lang/String;[BIILjava/security/CodeSource;)Ljava/lang/Class;' in 'java/security/SecureClassLoader'
  # this:     rdx:rdx   = 'java/security/SecureClassLoader'
  # parm0:    r8:r8     = 'java/lang/String'
  # parm1:    r9:r9     = '[B'
  # parm2:    rdi       = int
  # parm3:    rsi       = int
  # parm4:    rcx:rcx   = 'java/security/CodeSource'
  #           [sp+0x80]  (sp of caller)
  0x00000217896e4bc0: 448b 5208 | 49bb 0000 | 009f 1702 | 0000 4d03 | d34c 3bd0 

  0x00000217896e4bd4: ;   {runtime_call ic_miss_stub}
  0x00000217896e4bd4: 0f85 a6c4 | d106 660f | 1f44 0000 
[Verified Entry Point]
  0x00000217896e4be0: 8984 2400 | 90ff ff55 | 4883 ec70 

  0x00000217896e4bec: ;   {metadata(method data for {method} {0x000002179f434330} 'defineClass' '(Ljava/lang/String;[BIILjava/security/CodeSource;)Ljava/lang/Class;' in 'java/security/SecureClassLoader')}
  0x00000217896e4bec: 48bb 8865 | 16e0 1702 | 0000 8b83 | cc00 0000 | 83c0 0289 | 83cc 0000 | 0081 e0fe | 0700 0083 
  0x00000217896e4c0c: f800 0f84 | 8b00 0000 | 8974 245c | 897c 2458 | 4c89 4c24 | 504c 8944 | 2448 488b 

  0x00000217896e4c28: ;   {metadata(method data for {method} {0x000002179f434330} 'defineClass' '(Ljava/lang/String;[BIILjava/security/CodeSource;)Ljava/lang/Class;' in 'java/security/SecureClassLoader')}
  0x00000217896e4c28: da48 b888 | 6516 e017 | 0200 0048 | 8380 1001 | 0000 014c | 8bc1 488b | c248 8bd0 | 4889 4424 
  0x00000217896e4c48: 4066 0f1f 

  0x00000217896e4c4c: ;   {optimized virtual_call}
  0x00000217896e4c4c: 4400 00e8 

  0x00000217896e4c50: ; ImmutableOopMap {[80]=Oop [64]=Oop [72]=Oop }
                      ;*invokevirtual getProtectionDomain {reexecute=0 rethrow=0 return_oop=0}
                      ; - java.security.SecureClassLoader::defineClass@9 (line 150)
  0x00000217896e4c50: 8ca9 4b07 | 488b 5424 

  0x00000217896e4c58: ;   {metadata(method data for {method} {0x000002179f434330} 'defineClass' '(Ljava/lang/String;[BIILjava/security/CodeSource;)Ljava/lang/Class;' in 'java/security/SecureClassLoader')}
  0x00000217896e4c58: 4049 b888 | 6516 e017 | 0200 0049 | 8380 4801 | 0000 014c | 8b44 2448 | 4c8b 4c24 | 508b 7c24 
  0x00000217896e4c78: 588b 7424 | 5c48 8bc8 | 488b 5424 

  0x00000217896e4c84: ;   {optimized virtual_call}
  0x00000217896e4c84: 4066 90e8 

  0x00000217896e4c88: ; ImmutableOopMap {}
                      ;*invokevirtual defineClass {reexecute=0 rethrow=0 return_oop=0}
                      ; - java.security.SecureClassLoader::defineClass@12 (line 150)
  0x00000217896e4c88: 946f 99ff | 4883 c470 

  0x00000217896e4c90: ;   {poll_return}
  0x00000217896e4c90: 5d49 3ba7 | 5003 0000 | 0f87 2200 

  0x00000217896e4c9c: ;   {metadata({method} {0x000002179f434330} 'defineClass' '(Ljava/lang/String;[BIILjava/security/CodeSource;)Ljava/lang/Class;' in 'java/security/SecureClassLoader')}
  0x00000217896e4c9c: 0000 c349 | ba28 4343 | 9f17 0200 | 004c 8954 | 2408 48c7 | 0424 ffff 

  0x00000217896e4cb4: ;   {runtime_call counter_overflow Runtime1 stub}
  0x00000217896e4cb4: ffff e845 

  0x00000217896e4cb8: ; ImmutableOopMap {rdx=Oop r8=Oop r9=Oop rcx=Oop }
                      ;*synchronization entry
                      ; - java.security.SecureClassLoader::defineClass@-1 (line 150)
  0x00000217896e4cb8: 66dc 06e9 | 54ff ffff 

  0x00000217896e4cc0: ;   {internal_word}
  0x00000217896e4cc0: 49ba 914c | 6e89 1702 | 0000 4d89 | 9768 0300 

  0x00000217896e4cd0: ;   {runtime_call SafepointBlob}
  0x00000217896e4cd0: 00e9 2a2d | d206 9090 | 498b 87e0 | 0300 0049 | c787 e003 | 0000 0000 | 0000 49c7 | 87e8 0300 
  0x00000217896e4cf0: 0000 0000 | 0048 83c4 

  0x00000217896e4cf8: ;   {runtime_call unwind_exception Runtime1 stub}
  0x00000217896e4cf8: 705d e981 | 44d3 06f4 
[Stub Code]
  0x00000217896e4d00: ;   {no_reloc}
  0x00000217896e4d00: 0f1f 4400 

  0x00000217896e4d04: ;   {static_stub}
  0x00000217896e4d04: 0048 bb00 | 0000 0000 

  0x00000217896e4d0c: ;   {runtime_call}
  0x00000217896e4d0c: 0000 00e9 | fbff ffff 

  0x00000217896e4d14: ;   {static_stub}
  0x00000217896e4d14: 9048 bb00 | 0000 0000 

  0x00000217896e4d1c: ;   {runtime_call}
  0x00000217896e4d1c: 0000 00e9 | fbff ffff 
[Exception Handler]
  0x00000217896e4d24: ;   {runtime_call handle_exception_from_callee Runtime1 stub}
  0x00000217896e4d24: e857 17d3 

  0x00000217896e4d28: ;   {external_word}
  0x00000217896e4d28: 0648 b930 | 9af9 a1fb | 7f00 0048 

  0x00000217896e4d34: ;   {runtime_call}
  0x00000217896e4d34: 83e4 f049 | ba40 2bc2 | a1fb 7f00 | 0041 ffd2 

  0x00000217896e4d44: ;   {section_word}
  0x00000217896e4d44: f449 ba45 | 4d6e 8917 | 0200 0041 

  0x00000217896e4d50: ;   {runtime_call DeoptimizationBlob}
  0x00000217896e4d50: 52e9 4a1f | d206 f4f4 
[/MachCode]


---------------  P R O C E S S  ---------------

Threads class SMR info:
_java_thread_list=0x00000217e5164270, length=45, elements={
0x00000217fed0a460, 0x000002179e8be2a0, 0x000002179e8c3c10, 0x000002179e8dc760,
0x000002179e8df140, 0x000002179e8dfa10, 0x000002179e8e22f0, 0x000002179e8e2fa0,
0x000002179e946970, 0x000002179e95f510, 0x000002179e9a61c0, 0x000002179eb697a0,
0x000002179ea9ce40, 0x00000217e46f8f10, 0x00000217e55bf820, 0x00000217e551f770,
0x00000217e4867030, 0x00000217e4b65000, 0x00000217e4b66440, 0x00000217e4b65510,
0x00000217e4b65a20, 0x00000217e4b65f30, 0x00000217e4b67880, 0x00000217e4b66950,
0x00000217e4b64af0, 0x00000217e6834600, 0x00000217e6835f50, 0x00000217e68331c0,
0x00000217e6835530, 0x00000217e68336d0, 0x00000217e6836e80, 0x00000217e6834b10,
0x00000217e68378a0, 0x00000217e6835a40, 0x00000217e6837db0, 0x00000217e683ab40,
0x00000217e683a120, 0x00000217e683a630, 0x00000217e68391f0, 0x00000217e6838ce0,
0x00000217e68387d0, 0x00000217e6839700, 0x00000217e4b682a0, 0x00000217e75e6340,
0x00000217e75e6850
}

Java Threads: ( => current thread )
  0x00000217fed0a460 JavaThread "main" [_thread_blocked, id=16432, stack(0x000000fe44d00000,0x000000fe44e00000)]
  0x000002179e8be2a0 JavaThread "Reference Handler" daemon [_thread_blocked, id=21560, stack(0x000000fe45400000,0x000000fe45500000)]
  0x000002179e8c3c10 JavaThread "Finalizer" daemon [_thread_blocked, id=21392, stack(0x000000fe45500000,0x000000fe45600000)]
  0x000002179e8dc760 JavaThread "Signal Dispatcher" daemon [_thread_blocked, id=24144, stack(0x000000fe45600000,0x000000fe45700000)]
  0x000002179e8df140 JavaThread "Attach Listener" daemon [_thread_blocked, id=20696, stack(0x000000fe45700000,0x000000fe45800000)]
  0x000002179e8dfa10 JavaThread "Service Thread" daemon [_thread_blocked, id=14564, stack(0x000000fe45800000,0x000000fe45900000)]
  0x000002179e8e22f0 JavaThread "Monitor Deflation Thread" daemon [_thread_blocked, id=19212, stack(0x000000fe45900000,0x000000fe45a00000)]
  0x000002179e8e2fa0 JavaThread "C2 CompilerThread0" daemon [_thread_blocked, id=12252, stack(0x000000fe45a00000,0x000000fe45b00000)]
  0x000002179e946970 JavaThread "C1 CompilerThread0" daemon [_thread_blocked, id=21500, stack(0x000000fe45b00000,0x000000fe45c00000)]
  0x000002179e95f510 JavaThread "Sweeper thread" daemon [_thread_blocked, id=24012, stack(0x000000fe45c00000,0x000000fe45d00000)]
  0x000002179e9a61c0 JavaThread "Common-Cleaner" daemon [_thread_blocked, id=23404, stack(0x000000fe45d00000,0x000000fe45e00000)]
  0x000002179eb697a0 JavaThread "Notification Thread" daemon [_thread_blocked, id=18808, stack(0x000000fe45e00000,0x000000fe45f00000)]
  0x000002179ea9ce40 JavaThread "Daemon health stats" [_thread_blocked, id=23568, stack(0x000000fe46300000,0x000000fe46400000)]
  0x00000217e46f8f10 JavaThread "Incoming local TCP Connector on port 49658" [_thread_in_native, id=15284, stack(0x000000fe46400000,0x000000fe46500000)]
  0x00000217e55bf820 JavaThread "Daemon periodic checks" [_thread_blocked, id=17128, stack(0x000000fe46500000,0x000000fe46600000)]
  0x00000217e551f770 JavaThread "Daemon" [_thread_blocked, id=18456, stack(0x000000fe46600000,0x000000fe46700000)]
  0x00000217e4867030 JavaThread "Handler for socket connection from /127.0.0.1:49658 to /127.0.0.1:49659" [_thread_in_native, id=24160, stack(0x000000fe46700000,0x000000fe46800000)]
  0x00000217e4b65000 JavaThread "Cancel handler" [_thread_blocked, id=432, stack(0x000000fe46800000,0x000000fe46900000)]
=>0x00000217e4b66440 JavaThread "Daemon worker" [_thread_in_vm, id=21536, stack(0x000000fe46900000,0x000000fe46a00000)]
  0x00000217e4b65510 JavaThread "Asynchronous log dispatcher for DefaultDaemonConnection: socket connection from /127.0.0.1:49658 to /127.0.0.1:49659" [_thread_blocked, id=13092, stack(0x000000fe46a00000,0x000000fe46b00000)]
  0x00000217e4b65a20 JavaThread "Daemon client event forwarder" [_thread_blocked, id=18984, stack(0x000000fe46c00000,0x000000fe46d00000)]
  0x00000217e4b65f30 JavaThread "Cache worker for journal cache (C:\Users\rizta\.gradle\caches\journal-1)" [_thread_blocked, id=11536, stack(0x000000fe46d00000,0x000000fe46e00000)]
  0x00000217e4b67880 JavaThread "File lock request listener" [_thread_in_native, id=23540, stack(0x000000fe46e00000,0x000000fe46f00000)]
  0x00000217e4b66950 JavaThread "File lock release action executor" [_thread_blocked, id=10420, stack(0x000000fe46f00000,0x000000fe47000000)]
  0x00000217e4b64af0 JavaThread "Cache worker for file hash cache (C:\Users\rizta\.gradle\caches\8.8\fileHashes)" [_thread_blocked, id=18884, stack(0x000000fe47000000,0x000000fe47100000)]
  0x00000217e6834600 JavaThread "Cache worker for file hash cache (G:\proyeksaya\kyusui\android\.gradle\8.8\fileHashes)" [_thread_blocked, id=18776, stack(0x000000fe47100000,0x000000fe47200000)]
  0x00000217e6835f50 JavaThread "File watcher server" daemon [_thread_blocked, id=18024, stack(0x000000fe47200000,0x000000fe47300000)]
  0x00000217e68331c0 JavaThread "File watcher consumer" daemon [_thread_blocked, id=12680, stack(0x000000fe47300000,0x000000fe47400000)]
  0x00000217e6835530 JavaThread "Cache worker for checksums cache (G:\proyeksaya\kyusui\android\.gradle\8.8\checksums)" [_thread_blocked, id=23112, stack(0x000000fe47400000,0x000000fe47500000)]
  0x00000217e68336d0 JavaThread "Cache worker for file content cache (C:\Users\rizta\.gradle\caches\8.8\fileContent)" [_thread_blocked, id=16832, stack(0x000000fe47500000,0x000000fe47600000)]
  0x00000217e6836e80 JavaThread "Cache worker for cache directory md-rule (C:\Users\rizta\.gradle\caches\8.8\md-rule)" [_thread_blocked, id=17264, stack(0x000000fe47600000,0x000000fe47700000)]
  0x00000217e6834b10 JavaThread "Cache worker for cache directory md-supplier (C:\Users\rizta\.gradle\caches\8.8\md-supplier)" [_thread_blocked, id=18112, stack(0x000000fe47700000,0x000000fe47800000)]
  0x00000217e68378a0 JavaThread "Cache worker for Build Output Cleanup Cache (G:\proyeksaya\kyusui\android\.gradle\buildOutputCleanup)" [_thread_blocked, id=23648, stack(0x000000fe47b00000,0x000000fe47c00000)]
  0x00000217e6835a40 JavaThread "Unconstrained build operations" [_thread_blocked, id=10468, stack(0x000000fe44b00000,0x000000fe44c00000)]
  0x00000217e6837db0 JavaThread "Unconstrained build operations Thread 2" [_thread_blocked, id=12080, stack(0x000000fe44c00000,0x000000fe44d00000)]
  0x00000217e683ab40 JavaThread "Unconstrained build operations Thread 3" [_thread_blocked, id=15592, stack(0x000000fe46b00000,0x000000fe46c00000)]
  0x00000217e683a120 JavaThread "Unconstrained build operations Thread 4" [_thread_blocked, id=22352, stack(0x000000fe47c00000,0x000000fe47d00000)]
  0x00000217e683a630 JavaThread "Unconstrained build operations Thread 5" [_thread_blocked, id=14148, stack(0x000000fe47d00000,0x000000fe47e00000)]
  0x00000217e68391f0 JavaThread "Unconstrained build operations Thread 6" [_thread_blocked, id=24136, stack(0x000000fe47e00000,0x000000fe47f00000)]
  0x00000217e6838ce0 JavaThread "Unconstrained build operations Thread 7" [_thread_blocked, id=23424, stack(0x000000fe47f00000,0x000000fe48000000)]
  0x00000217e68387d0 JavaThread "Unconstrained build operations Thread 8" [_thread_blocked, id=12212, stack(0x000000fe48000000,0x000000fe48100000)]
  0x00000217e6839700 JavaThread "Unconstrained build operations Thread 9" [_thread_blocked, id=18656, stack(0x000000fe48100000,0x000000fe48200000)]
  0x00000217e4b682a0 JavaThread "Unconstrained build operations Thread 10" [_thread_blocked, id=17532, stack(0x000000fe48200000,0x000000fe48300000)]
  0x00000217e75e6340 JavaThread "Unconstrained build operations Thread 11" [_thread_blocked, id=16444, stack(0x000000fe48300000,0x000000fe48400000)]
  0x00000217e75e6850 JavaThread "Unconstrained build operations Thread 12" [_thread_blocked, id=3364, stack(0x000000fe48400000,0x000000fe48500000)]

Other Threads:
  0x000002179e8ba8e0 VMThread "VM Thread" [stack: 0x000000fe45300000,0x000000fe45400000] [id=10544] _threads_hazard_ptr=0x00000217e5164270
  0x000002179eb69c80 WatcherThread [stack: 0x000000fe45f00000,0x000000fe46000000] [id=7760]
  0x00000217fed68720 GCTaskThread "GC Thread#0" [stack: 0x000000fe44e00000,0x000000fe44f00000] [id=22048]
  0x00000217e4033c30 GCTaskThread "GC Thread#1" [stack: 0x000000fe46000000,0x000000fe46100000] [id=24204]
  0x00000217e4046540 GCTaskThread "GC Thread#2" [stack: 0x000000fe46100000,0x000000fe46200000] [id=660]
  0x00000217e4046800 GCTaskThread "GC Thread#3" [stack: 0x000000fe46200000,0x000000fe46300000] [id=7372]
  0x00000217fed79580 ConcurrentGCThread "G1 Main Marker" [stack: 0x000000fe44f00000,0x000000fe45000000] [id=3408]
  0x00000217fed7aec0 ConcurrentGCThread "G1 Conc#0" [stack: 0x000000fe45000000,0x000000fe45100000] [id=10188]
  0x000002179e7741e0 ConcurrentGCThread "G1 Refine#0" [stack: 0x000000fe45100000,0x000000fe45200000] [id=7292]
  0x00000217e54eb9b0 ConcurrentGCThread "G1 Refine#1" [stack: 0x000000fe47800000,0x000000fe47900000] [id=23084]
  0x000002179e775590 ConcurrentGCThread "G1 Service" [stack: 0x000000fe45200000,0x000000fe45300000] [id=2288]

Threads with active compile tasks:

VM state: synchronizing (normal execution)

VM Mutex/Monitor currently owned by a thread:  ([mutex/lock_event])
[0x00000217feb2d510] Metaspace_lock - owner thread: 0x00000217e4b66440
[0x00000217feb2dc60] Threads_lock - owner thread: 0x000002179e8ba8e0

Heap address: 0x0000000080000000, size: 2048 MB, Compressed Oops mode: 32-bit

CDS archive(s) mapped at: [0x000002179f000000-0x000002179fbb0000-0x000002179fbb0000), size 12255232, SharedBaseAddress: 0x000002179f000000, ArchiveRelocationMode: 1.
Compressed class space mapped at: 0x00000217a0000000-0x00000217e0000000, reserved size: 1073741824
Narrow klass base: 0x000002179f000000, Narrow klass shift: 0, Narrow klass range: 0x100000000

GC Precious Log:
 CPUs: 4 total, 4 available
 Memory: 20317M
 Large Page Support: Disabled
 NUMA Support: Disabled
 Compressed Oops: Enabled (32-bit)
 Heap Region Size: 1M
 Heap Min Capacity: 8M
 Heap Initial Capacity: 318M
 Heap Max Capacity: 2G
 Pre-touch: Disabled
 Parallel Workers: 4
 Concurrent Workers: 1
 Concurrent Refinement Workers: 4
 Periodic GC: Disabled

Heap:
 garbage-first heap   total 109568K, used 72704K [0x0000000080000000, 0x0000000100000000)
  region size 1024K, 14 young (14336K), 2 survivors (2048K)
 Metaspace       used 56774K, committed 57344K, reserved 1114112K
  class space    used 7778K, committed 8064K, reserved 1048576K

Heap Regions: E=young(eden), S=young(survivor), O=old, HS=humongous(starts), HC=humongous(continues), CS=collection set, F=free, OA=open archive, CA=closed archive, TAMS=top-at-mark-start (previous, next)
|   0|0x0000000080000000, 0x0000000080100000, 0x0000000080100000|100%| O|  |TAMS 0x0000000080100000, 0x0000000080000000| Untracked 
|   1|0x0000000080100000, 0x0000000080200000, 0x0000000080200000|100%|HS|  |TAMS 0x0000000080200000, 0x0000000080100000| Complete 
|   2|0x0000000080200000, 0x0000000080300000, 0x0000000080300000|100%|HC|  |TAMS 0x0000000080300000, 0x0000000080200000| Complete 
|   3|0x0000000080300000, 0x0000000080400000, 0x0000000080400000|100%|HC|  |TAMS 0x0000000080400000, 0x0000000080300000| Complete 
|   4|0x0000000080400000, 0x0000000080500000, 0x0000000080500000|100%|HC|  |TAMS 0x0000000080500000, 0x0000000080400000| Complete 
|   5|0x0000000080500000, 0x0000000080600000, 0x0000000080600000|100%| O|  |TAMS 0x0000000080600000, 0x0000000080500000| Untracked 
|   6|0x0000000080600000, 0x0000000080700000, 0x0000000080700000|100%| O|  |TAMS 0x0000000080700000, 0x0000000080600000| Untracked 
|   7|0x0000000080700000, 0x0000000080800000, 0x0000000080800000|100%| O|  |TAMS 0x0000000080800000, 0x0000000080700000| Untracked 
|   8|0x0000000080800000, 0x0000000080900000, 0x0000000080900000|100%| O|  |TAMS 0x0000000080900000, 0x0000000080800000| Untracked 
|   9|0x0000000080900000, 0x0000000080a00000, 0x0000000080a00000|100%| O|  |TAMS 0x0000000080a00000, 0x0000000080900000| Untracked 
|  10|0x0000000080a00000, 0x0000000080b00000, 0x0000000080b00000|100%| O|  |TAMS 0x0000000080b00000, 0x0000000080a00000| Untracked 
|  11|0x0000000080b00000, 0x0000000080c00000, 0x0000000080c00000|100%| O|  |TAMS 0x0000000080c00000, 0x0000000080b00000| Untracked 
|  12|0x0000000080c00000, 0x0000000080d00000, 0x0000000080d00000|100%|HS|  |TAMS 0x0000000080d00000, 0x0000000080c00000| Complete 
|  13|0x0000000080d00000, 0x0000000080e00000, 0x0000000080e00000|100%| O|  |TAMS 0x0000000080e00000, 0x0000000080d00000| Untracked 
|  14|0x0000000080e00000, 0x0000000080f00000, 0x0000000080f00000|100%| O|  |TAMS 0x0000000080f00000, 0x0000000080e00000| Untracked 
|  15|0x0000000080f00000, 0x0000000081000000, 0x0000000081000000|100%| O|  |TAMS 0x0000000081000000, 0x0000000080f00000| Untracked 
|  16|0x0000000081000000, 0x0000000081100000, 0x0000000081100000|100%| O|  |TAMS 0x0000000081100000, 0x0000000081000000| Untracked 
|  17|0x0000000081100000, 0x0000000081200000, 0x0000000081200000|100%| O|  |TAMS 0x0000000081200000, 0x0000000081100000| Untracked 
|  18|0x0000000081200000, 0x0000000081300000, 0x0000000081300000|100%| O|  |TAMS 0x0000000081300000, 0x0000000081200000| Untracked 
|  19|0x0000000081300000, 0x0000000081400000, 0x0000000081400000|100%| O|  |TAMS 0x0000000081400000, 0x0000000081300000| Untracked 
|  20|0x0000000081400000, 0x00000000814ffff8, 0x0000000081500000| 99%| O|  |TAMS 0x00000000814ffff8, 0x0000000081400000| Untracked 
|  21|0x0000000081500000, 0x0000000081600000, 0x0000000081600000|100%| O|  |TAMS 0x0000000081600000, 0x0000000081500000| Untracked 
|  22|0x0000000081600000, 0x0000000081700000, 0x0000000081700000|100%| O|  |TAMS 0x0000000081700000, 0x0000000081600000| Untracked 
|  23|0x0000000081700000, 0x0000000081800000, 0x0000000081800000|100%| O|  |TAMS 0x0000000081800000, 0x0000000081700000| Untracked 
|  24|0x0000000081800000, 0x0000000081900000, 0x0000000081900000|100%| O|  |TAMS 0x0000000081900000, 0x0000000081800000| Untracked 
|  25|0x0000000081900000, 0x0000000081a00000, 0x0000000081a00000|100%| O|  |TAMS 0x0000000081a00000, 0x0000000081900000| Untracked 
|  26|0x0000000081a00000, 0x0000000081b00000, 0x0000000081b00000|100%| O|  |TAMS 0x0000000081b00000, 0x0000000081a00000| Untracked 
|  27|0x0000000081b00000, 0x0000000081c00000, 0x0000000081c00000|100%| O|  |TAMS 0x0000000081c00000, 0x0000000081b00000| Untracked 
|  28|0x0000000081c00000, 0x0000000081d00000, 0x0000000081d00000|100%| O|  |TAMS 0x0000000081d00000, 0x0000000081c00000| Untracked 
|  29|0x0000000081d00000, 0x0000000081e00000, 0x0000000081e00000|100%| O|  |TAMS 0x0000000081e00000, 0x0000000081d00000| Untracked 
|  30|0x0000000081e00000, 0x0000000081f00000, 0x0000000081f00000|100%| O|  |TAMS 0x0000000081f00000, 0x0000000081e00000| Untracked 
|  31|0x0000000081f00000, 0x0000000082000000, 0x0000000082000000|100%| O|  |TAMS 0x0000000082000000, 0x0000000081f00000| Untracked 
|  32|0x0000000082000000, 0x0000000082000000, 0x0000000082100000|  0%| F|  |TAMS 0x0000000082000000, 0x0000000082000000| Untracked 
|  33|0x0000000082100000, 0x0000000082200000, 0x0000000082200000|100%| O|  |TAMS 0x0000000082200000, 0x0000000082100000| Untracked 
|  34|0x0000000082200000, 0x0000000082300000, 0x0000000082300000|100%| O|  |TAMS 0x0000000082300000, 0x0000000082200000| Untracked 
|  35|0x0000000082300000, 0x0000000082400000, 0x0000000082400000|100%| O|  |TAMS 0x0000000082400000, 0x0000000082300000| Untracked 
|  36|0x0000000082400000, 0x0000000082500000, 0x0000000082500000|100%| O|  |TAMS 0x0000000082500000, 0x0000000082400000| Untracked 
|  37|0x0000000082500000, 0x0000000082600000, 0x0000000082600000|100%| O|  |TAMS 0x0000000082600000, 0x0000000082500000| Untracked 
|  38|0x0000000082600000, 0x0000000082700000, 0x0000000082700000|100%| O|  |TAMS 0x0000000082700000, 0x0000000082600000| Untracked 
|  39|0x0000000082700000, 0x0000000082800000, 0x0000000082800000|100%| O|  |TAMS 0x0000000082800000, 0x0000000082700000| Complete 
|  40|0x0000000082800000, 0x0000000082900000, 0x0000000082900000|100%| O|  |TAMS 0x0000000082900000, 0x0000000082800000| Untracked 
|  41|0x0000000082900000, 0x0000000082a00000, 0x0000000082a00000|100%| O|  |TAMS 0x0000000082a00000, 0x0000000082900000| Untracked 
|  42|0x0000000082a00000, 0x0000000082b00000, 0x0000000082b00000|100%|HS|  |TAMS 0x0000000082b00000, 0x0000000082a00000| Complete 
|  43|0x0000000082b00000, 0x0000000082c00000, 0x0000000082c00000|100%|HS|  |TAMS 0x0000000082c00000, 0x0000000082b00000| Complete 
|  44|0x0000000082c00000, 0x0000000082d00000, 0x0000000082d00000|100%|HC|  |TAMS 0x0000000082d00000, 0x0000000082c00000| Complete 
|  45|0x0000000082d00000, 0x0000000082e00000, 0x0000000082e00000|100%|HS|  |TAMS 0x0000000082e00000, 0x0000000082d00000| Complete 
|  46|0x0000000082e00000, 0x0000000082f00000, 0x0000000082f00000|100%|HS|  |TAMS 0x0000000082f00000, 0x0000000082e00000| Complete 
|  47|0x0000000082f00000, 0x0000000083000000, 0x0000000083000000|100%|HS|  |TAMS 0x0000000083000000, 0x0000000082f00000| Complete 
|  48|0x0000000083000000, 0x0000000083100000, 0x0000000083100000|100%|HC|  |TAMS 0x0000000083100000, 0x0000000083000000| Complete 
|  49|0x0000000083100000, 0x0000000083200000, 0x0000000083200000|100%|HC|  |TAMS 0x0000000083200000, 0x0000000083100000| Complete 
|  50|0x0000000083200000, 0x0000000083300000, 0x0000000083300000|100%| O|  |TAMS 0x0000000083300000, 0x0000000083200000| Untracked 
|  51|0x0000000083300000, 0x0000000083400000, 0x0000000083400000|100%| O|  |TAMS 0x0000000083400000, 0x0000000083300000| Untracked 
|  52|0x0000000083400000, 0x0000000083500000, 0x0000000083500000|100%| O|  |TAMS 0x0000000083500000, 0x0000000083400000| Untracked 
|  53|0x0000000083500000, 0x0000000083600000, 0x0000000083600000|100%| O|  |TAMS 0x0000000083600000, 0x0000000083500000| Untracked 
|  54|0x0000000083600000, 0x0000000083700000, 0x0000000083700000|100%| O|  |TAMS 0x0000000083700000, 0x0000000083600000| Untracked 
|  55|0x0000000083700000, 0x0000000083800000, 0x0000000083800000|100%|HS|  |TAMS 0x0000000083800000, 0x0000000083700000| Complete 
|  56|0x0000000083800000, 0x0000000083900000, 0x0000000083900000|100%| O|  |TAMS 0x0000000083900000, 0x0000000083800000| Untracked 
|  57|0x0000000083900000, 0x0000000083a00000, 0x0000000083a00000|100%| O|  |TAMS 0x0000000083a00000, 0x0000000083900000| Untracked 
|  58|0x0000000083a00000, 0x0000000083b00000, 0x0000000083b00000|100%| O|  |TAMS 0x0000000083b00000, 0x0000000083a00000| Untracked 
|  59|0x0000000083b00000, 0x0000000083c00000, 0x0000000083c00000|100%|HS|  |TAMS 0x0000000083c00000, 0x0000000083b00000| Complete 
|  60|0x0000000083c00000, 0x0000000083cf4c00, 0x0000000083d00000| 95%| O|  |TAMS 0x0000000083cf4c00, 0x0000000083c00000| Untracked 
|  61|0x0000000083d00000, 0x0000000083d00000, 0x0000000083e00000|  0%| F|  |TAMS 0x0000000083d00000, 0x0000000083d00000| Untracked 
|  62|0x0000000083e00000, 0x0000000083e00000, 0x0000000083f00000|  0%| F|  |TAMS 0x0000000083e00000, 0x0000000083e00000| Untracked 
|  63|0x0000000083f00000, 0x0000000083f00000, 0x0000000084000000|  0%| F|  |TAMS 0x0000000083f00000, 0x0000000083f00000| Untracked 
|  64|0x0000000084000000, 0x0000000084000000, 0x0000000084100000|  0%| F|  |TAMS 0x0000000084000000, 0x0000000084000000| Untracked 
|  65|0x0000000084100000, 0x0000000084100000, 0x0000000084200000|  0%| F|  |TAMS 0x0000000084100000, 0x0000000084100000| Untracked 
|  66|0x0000000084200000, 0x0000000084200000, 0x0000000084300000|  0%| F|  |TAMS 0x0000000084200000, 0x0000000084200000| Untracked 
|  67|0x0000000084300000, 0x0000000084300000, 0x0000000084400000|  0%| F|  |TAMS 0x0000000084300000, 0x0000000084300000| Untracked 
|  68|0x0000000084400000, 0x0000000084400000, 0x0000000084500000|  0%| F|  |TAMS 0x0000000084400000, 0x0000000084400000| Untracked 
|  69|0x0000000084500000, 0x0000000084500000, 0x0000000084600000|  0%| F|  |TAMS 0x0000000084500000, 0x0000000084500000| Untracked 
|  70|0x0000000084600000, 0x0000000084600000, 0x0000000084700000|  0%| F|  |TAMS 0x0000000084600000, 0x0000000084600000| Untracked 
|  71|0x0000000084700000, 0x0000000084700000, 0x0000000084800000|  0%| F|  |TAMS 0x0000000084700000, 0x0000000084700000| Untracked 
|  72|0x0000000084800000, 0x0000000084800000, 0x0000000084900000|  0%| F|  |TAMS 0x0000000084800000, 0x0000000084800000| Untracked 
|  73|0x0000000084900000, 0x0000000084900000, 0x0000000084a00000|  0%| F|  |TAMS 0x0000000084900000, 0x0000000084900000| Untracked 
|  74|0x0000000084a00000, 0x0000000084a00000, 0x0000000084b00000|  0%| F|  |TAMS 0x0000000084a00000, 0x0000000084a00000| Untracked 
|  75|0x0000000084b00000, 0x0000000084b00000, 0x0000000084c00000|  0%| F|  |TAMS 0x0000000084b00000, 0x0000000084b00000| Untracked 
|  76|0x0000000084c00000, 0x0000000084c00000, 0x0000000084d00000|  0%| F|  |TAMS 0x0000000084c00000, 0x0000000084c00000| Untracked 
|  77|0x0000000084d00000, 0x0000000084d00000, 0x0000000084e00000|  0%| F|  |TAMS 0x0000000084d00000, 0x0000000084d00000| Untracked 
|  78|0x0000000084e00000, 0x0000000084e00000, 0x0000000084f00000|  0%| F|  |TAMS 0x0000000084e00000, 0x0000000084e00000| Untracked 
|  79|0x0000000084f00000, 0x0000000084f00000, 0x0000000085000000|  0%| F|  |TAMS 0x0000000084f00000, 0x0000000084f00000| Untracked 
|  80|0x0000000085000000, 0x0000000085000000, 0x0000000085100000|  0%| F|  |TAMS 0x0000000085000000, 0x0000000085000000| Untracked 
|  81|0x0000000085100000, 0x0000000085100000, 0x0000000085200000|  0%| F|  |TAMS 0x0000000085100000, 0x0000000085100000| Untracked 
|  82|0x0000000085200000, 0x0000000085200000, 0x0000000085300000|  0%| F|  |TAMS 0x0000000085200000, 0x0000000085200000| Untracked 
|  83|0x0000000085300000, 0x0000000085300000, 0x0000000085400000|  0%| F|  |TAMS 0x0000000085300000, 0x0000000085300000| Untracked 
|  84|0x0000000085400000, 0x0000000085400000, 0x0000000085500000|  0%| F|  |TAMS 0x0000000085400000, 0x0000000085400000| Untracked 
|  85|0x0000000085500000, 0x000000008550b470, 0x0000000085600000|  4%| S|CS|TAMS 0x0000000085500000, 0x0000000085500000| Complete 
|  86|0x0000000085600000, 0x0000000085700000, 0x0000000085700000|100%| S|CS|TAMS 0x0000000085600000, 0x0000000085600000| Complete 
|  87|0x0000000085700000, 0x0000000085700000, 0x0000000085800000|  0%| F|  |TAMS 0x0000000085700000, 0x0000000085700000| Untracked 
|  88|0x0000000085800000, 0x0000000085800000, 0x0000000085900000|  0%| F|  |TAMS 0x0000000085800000, 0x0000000085800000| Untracked 
|  89|0x0000000085900000, 0x0000000085900000, 0x0000000085a00000|  0%| F|  |TAMS 0x0000000085900000, 0x0000000085900000| Untracked 
|  90|0x0000000085a00000, 0x0000000085a00000, 0x0000000085b00000|  0%| F|  |TAMS 0x0000000085a00000, 0x0000000085a00000| Untracked 
|  91|0x0000000085b00000, 0x0000000085b00000, 0x0000000085c00000|  0%| F|  |TAMS 0x0000000085b00000, 0x0000000085b00000| Untracked 
|  92|0x0000000085c00000, 0x0000000085c00000, 0x0000000085d00000|  0%| F|  |TAMS 0x0000000085c00000, 0x0000000085c00000| Untracked 
|  93|0x0000000085d00000, 0x0000000085d00000, 0x0000000085e00000|  0%| F|  |TAMS 0x0000000085d00000, 0x0000000085d00000| Untracked 
| 185|0x000000008b900000, 0x000000008b900000, 0x000000008ba00000|  0%| F|  |TAMS 0x000000008b900000, 0x000000008b900000| Untracked 
| 186|0x000000008ba00000, 0x000000008ba51f78, 0x000000008bb00000| 32%| E|  |TAMS 0x000000008ba00000, 0x000000008ba00000| Complete 
| 187|0x000000008bb00000, 0x000000008bc00000, 0x000000008bc00000|100%| E|CS|TAMS 0x000000008bb00000, 0x000000008bb00000| Complete 
| 188|0x000000008bc00000, 0x000000008bd00000, 0x000000008bd00000|100%| E|CS|TAMS 0x000000008bc00000, 0x000000008bc00000| Complete 
| 189|0x000000008bd00000, 0x000000008be00000, 0x000000008be00000|100%| E|  |TAMS 0x000000008bd00000, 0x000000008bd00000| Complete 
| 190|0x000000008be00000, 0x000000008bf00000, 0x000000008bf00000|100%| E|CS|TAMS 0x000000008be00000, 0x000000008be00000| Complete 
| 191|0x000000008bf00000, 0x000000008c000000, 0x000000008c000000|100%| E|CS|TAMS 0x000000008bf00000, 0x000000008bf00000| Complete 
| 192|0x000000008c000000, 0x000000008c100000, 0x000000008c100000|100%| E|CS|TAMS 0x000000008c000000, 0x000000008c000000| Complete 
| 193|0x000000008c100000, 0x000000008c200000, 0x000000008c200000|100%| E|CS|TAMS 0x000000008c100000, 0x000000008c100000| Complete 
| 194|0x000000008c200000, 0x000000008c300000, 0x000000008c300000|100%| E|CS|TAMS 0x000000008c200000, 0x000000008c200000| Complete 
| 195|0x000000008c300000, 0x000000008c400000, 0x000000008c400000|100%| E|CS|TAMS 0x000000008c300000, 0x000000008c300000| Complete 
| 196|0x000000008c400000, 0x000000008c500000, 0x000000008c500000|100%| E|CS|TAMS 0x000000008c400000, 0x000000008c400000| Complete 
| 317|0x0000000093d00000, 0x0000000093e00000, 0x0000000093e00000|100%| E|CS|TAMS 0x0000000093d00000, 0x0000000093d00000| Complete 

Card table byte_map: [0x00000217ffbb0000,0x00000217fffb0000] _byte_map_base: 0x00000217ff7b0000

Marking Bits (Prev, Next): (CMBitMap*) 0x00000217fed68c50, (CMBitMap*) 0x00000217fed68c90
 Prev Bits: [0x0000021798280000, 0x000002179a280000)
 Next Bits: [0x000002179a280000, 0x000002179c280000)

Polling page: 0x00000217fea00000

Metaspace:

Usage:
  Non-class:     47.85 MB used.
      Class:      7.60 MB used.
       Both:     55.44 MB used.

Virtual space:
  Non-class space:       64.00 MB reserved,      48.12 MB ( 75%) committed,  1 nodes.
      Class space:        1.00 GB reserved,       7.88 MB ( <1%) committed,  1 nodes.
             Both:        1.06 GB reserved,      56.00 MB (  5%) committed. 

Chunk freelists:
   Non-Class:  15.30 MB
       Class:  8.09 MB
        Both:  23.39 MB

MaxMetaspaceSize: unlimited
CompressedClassSpaceSize: 1.00 GB
Initial GC threshold: 21.00 MB
Current GC threshold: 91.88 MB
CDS: on
MetaspaceReclaimPolicy: balanced
 - commit_granule_bytes: 65536.
 - commit_granule_words: 8192.
 - virtual_space_node_default_size: 8388608.
 - enlarge_chunks_in_place: 1.
 - new_chunks_are_fully_committed: 0.
 - uncommit_free_chunks: 1.
 - use_allocation_guard: 0.
 - handle_deallocations: 1.


Internal statistics:

num_allocs_failed_limit: 6.
num_arena_births: 742.
num_arena_deaths: 0.
num_vsnodes_births: 2.
num_vsnodes_deaths: 0.
num_space_committed: 896.
num_space_uncommitted: 0.
num_chunks_returned_to_freelist: 6.
num_chunks_taken_from_freelist: 3034.
num_chunk_merges: 6.
num_chunk_splits: 2030.
num_chunks_enlarged: 1389.
num_inconsistent_stats: 0.

CodeHeap 'non-profiled nmethods': size=120000Kb used=4105Kb max_used=4105Kb free=115894Kb
 bounds [0x0000021790950000, 0x0000021790d60000, 0x0000021797e80000]
CodeHeap 'profiled nmethods': size=120000Kb used=14543Kb max_used=14543Kb free=105456Kb
 bounds [0x0000021788e80000, 0x0000021789cc0000, 0x00000217903b0000]
CodeHeap 'non-nmethods': size=5760Kb used=1649Kb max_used=1723Kb free=4110Kb
 bounds [0x00000217903b0000, 0x0000021790620000, 0x0000021790950000]
 total_blobs=8367 nmethods=7638 adapters=641
 compilation: enabled
              stopped_count=0, restarted_count=0
 full_count=0

Compilation events (20 events):
Event: 126.336 Thread 0x000002179e946970 nmethod 8442 0x0000021789cac690 code [0x0000021789cac880, 0x0000021789cad068]
Event: 126.337 Thread 0x000002179e946970 8443       3       com.google.common.collect.AbstractIndexedListIterator::hasNext (17 bytes)
Event: 126.338 Thread 0x000002179e946970 nmethod 8443 0x0000021789cad290 code [0x0000021789cad420, 0x0000021789cad598]
Event: 126.339 Thread 0x000002179e946970 8444       3       org.gradle.internal.serialization.Cached::of (9 bytes)
Event: 126.339 Thread 0x000002179e946970 nmethod 8444 0x0000021789cad610 code [0x0000021789cad7c0, 0x0000021789cada78]
Event: 126.340 Thread 0x000002179e946970 8445       3       org.gradle.internal.instantiation.generator.ManagedObjectFactory::cachedOwnerDisplayNameOf (10 bytes)
Event: 126.341 Thread 0x000002179e8e2fa0 nmethod 8438 0x0000021790d4ee10 code [0x0000021790d4efc0, 0x0000021790d4f668]
Event: 126.341 Thread 0x000002179e946970 nmethod 8445 0x0000021789cadb90 code [0x0000021789cadda0, 0x0000021789cae628]
Event: 126.341 Thread 0x000002179e946970 8446       3       org.gradle.internal.instantiation.generator.ManagedObjectFactory$ManagedPropertyName::<init> (15 bytes)
Event: 126.341 Thread 0x000002179e946970 nmethod 8446 0x0000021789cae910 code [0x0000021789caeac0, 0x0000021789caecd8]
Event: 126.341 Thread 0x000002179e946970 8447       3       org.gradle.api.internal.provider.AbstractProperty::attachOwner (6 bytes)
Event: 126.341 Thread 0x000002179e946970 nmethod 8447 0x0000021789caed90 code [0x0000021789caef20, 0x0000021789caf078]
Event: 126.343 Thread 0x000002179e8e2fa0 8448       4       org.gradle.internal.service.DefaultServiceRegistry$ClassInspector$ClassDetails::collectTypes (63 bytes)
Event: 126.343 Thread 0x000002179e946970 8449       3       java.util.concurrent.atomic.AtomicReference::<init> (5 bytes)
Event: 126.344 Thread 0x000002179e946970 nmethod 8449 0x0000021789caf110 code [0x0000021789caf2a0, 0x0000021789caf3f8]
Event: 126.344 Thread 0x000002179e946970 8450       3       org.gradle.api.internal.model.DefaultObjectFactory::property (181 bytes)
Event: 126.347 Thread 0x000002179e946970 nmethod 8450 0x0000021789caf490 code [0x0000021789cafba0, 0x0000021789cb2d68]
Event: 126.407 Thread 0x000002179e8e2fa0 nmethod 8448 0x0000021790d4f910 code [0x0000021790d4fbc0, 0x0000021790d51410]
Event: 126.589 Thread 0x000002179e946970 8451       1       net.rubygrapefruit.platform.internal.jni.NativeLogger$LogLevel::getLevel (5 bytes)
Event: 126.589 Thread 0x000002179e946970 nmethod 8451 0x0000021790d52190 code [0x0000021790d52320, 0x0000021790d523f8]

GC Heap History (20 events):
Event: 109.407 GC heap before
{Heap before GC invocations=15 (full 0):
 garbage-first heap   total 107520K, used 86133K [0x0000000080000000, 0x0000000100000000)
  region size 1024K, 55 young (56320K), 5 survivors (5120K)
 Metaspace       used 50811K, committed 51328K, reserved 1114112K
  class space    used 7117K, committed 7360K, reserved 1048576K
}
Event: 109.422 GC heap after
{Heap after GC invocations=16 (full 0):
 garbage-first heap   total 107520K, used 41158K [0x0000000080000000, 0x0000000100000000)
  region size 1024K, 7 young (7168K), 7 survivors (7168K)
 Metaspace       used 50811K, committed 51328K, reserved 1114112K
  class space    used 7117K, committed 7360K, reserved 1048576K
}
Event: 110.748 GC heap before
{Heap before GC invocations=16 (full 0):
 garbage-first heap   total 107520K, used 85190K [0x0000000080000000, 0x0000000100000000)
  region size 1024K, 50 young (51200K), 7 survivors (7168K)
 Metaspace       used 51201K, committed 51776K, reserved 1114112K
  class space    used 7143K, committed 7424K, reserved 1048576K
}
Event: 110.761 GC heap after
{Heap after GC invocations=17 (full 0):
 garbage-first heap   total 107520K, used 44214K [0x0000000080000000, 0x0000000100000000)
  region size 1024K, 4 young (4096K), 4 survivors (4096K)
 Metaspace       used 51201K, committed 51776K, reserved 1114112K
  class space    used 7143K, committed 7424K, reserved 1048576K
}
Event: 111.390 GC heap before
{Heap before GC invocations=17 (full 0):
 garbage-first heap   total 107520K, used 86198K [0x0000000080000000, 0x0000000100000000)
  region size 1024K, 45 young (46080K), 4 survivors (4096K)
 Metaspace       used 51215K, committed 51776K, reserved 1114112K
  class space    used 7143K, committed 7424K, reserved 1048576K
}
Event: 111.396 GC heap after
{Heap after GC invocations=18 (full 0):
 garbage-first heap   total 107520K, used 45509K [0x0000000080000000, 0x0000000100000000)
  region size 1024K, 4 young (4096K), 4 survivors (4096K)
 Metaspace       used 51215K, committed 51776K, reserved 1114112K
  class space    used 7143K, committed 7424K, reserved 1048576K
}
Event: 113.065 GC heap before
{Heap before GC invocations=18 (full 0):
 garbage-first heap   total 107520K, used 88517K [0x0000000080000000, 0x0000000100000000)
  region size 1024K, 43 young (44032K), 4 survivors (4096K)
 Metaspace       used 51593K, committed 52160K, reserved 1114112K
  class space    used 7208K, committed 7488K, reserved 1048576K
}
Event: 113.071 GC heap after
{Heap after GC invocations=19 (full 0):
 garbage-first heap   total 107520K, used 52955K [0x0000000080000000, 0x0000000100000000)
  region size 1024K, 6 young (6144K), 6 survivors (6144K)
 Metaspace       used 51593K, committed 52160K, reserved 1114112K
  class space    used 7208K, committed 7488K, reserved 1048576K
}
Event: 113.239 GC heap before
{Heap before GC invocations=19 (full 0):
 garbage-first heap   total 107520K, used 56027K [0x0000000080000000, 0x0000000100000000)
  region size 1024K, 8 young (8192K), 6 survivors (6144K)
 Metaspace       used 51593K, committed 52160K, reserved 1114112K
  class space    used 7208K, committed 7488K, reserved 1048576K
}
Event: 113.243 GC heap after
{Heap after GC invocations=20 (full 0):
 garbage-first heap   total 107520K, used 58205K [0x0000000080000000, 0x0000000100000000)
  region size 1024K, 3 young (3072K), 3 survivors (3072K)
 Metaspace       used 51593K, committed 52160K, reserved 1114112K
  class space    used 7208K, committed 7488K, reserved 1048576K
}
Event: 113.881 GC heap before
{Heap before GC invocations=21 (full 0):
 garbage-first heap   total 107520K, used 61277K [0x0000000080000000, 0x0000000100000000)
  region size 1024K, 6 young (6144K), 3 survivors (3072K)
 Metaspace       used 51623K, committed 52160K, reserved 1114112K
  class space    used 7212K, committed 7488K, reserved 1048576K
}
Event: 113.884 GC heap after
{Heap after GC invocations=22 (full 0):
 garbage-first heap   total 107520K, used 59107K [0x0000000080000000, 0x0000000100000000)
  region size 1024K, 2 young (2048K), 2 survivors (2048K)
 Metaspace       used 51623K, committed 52160K, reserved 1114112K
  class space    used 7212K, committed 7488K, reserved 1048576K
}
Event: 116.382 GC heap before
{Heap before GC invocations=23 (full 0):
 garbage-first heap   total 107520K, used 72419K [0x0000000080000000, 0x0000000100000000)
  region size 1024K, 16 young (16384K), 2 survivors (2048K)
 Metaspace       used 52553K, committed 53120K, reserved 1114112K
  class space    used 7324K, committed 7616K, reserved 1048576K
}
Event: 116.386 GC heap after
{Heap after GC invocations=24 (full 0):
 garbage-first heap   total 107520K, used 61251K [0x0000000080000000, 0x0000000100000000)
  region size 1024K, 2 young (2048K), 2 survivors (2048K)
 Metaspace       used 52553K, committed 53120K, reserved 1114112K
  class space    used 7324K, committed 7616K, reserved 1048576K
}
Event: 119.116 GC heap before
{Heap before GC invocations=25 (full 0):
 garbage-first heap   total 107520K, used 75587K [0x0000000080000000, 0x0000000100000000)
  region size 1024K, 16 young (16384K), 2 survivors (2048K)
 Metaspace       used 53637K, committed 54208K, reserved 1114112K
  class space    used 7465K, committed 7744K, reserved 1048576K
}
Event: 119.119 GC heap after
{Heap after GC invocations=26 (full 0):
 garbage-first heap   total 107520K, used 62861K [0x0000000080000000, 0x0000000100000000)
  region size 1024K, 1 young (1024K), 1 survivors (1024K)
 Metaspace       used 53637K, committed 54208K, reserved 1114112K
  class space    used 7465K, committed 7744K, reserved 1048576K
}
Event: 120.647 GC heap before
{Heap before GC invocations=26 (full 0):
 garbage-first heap   total 107520K, used 65933K [0x0000000080000000, 0x0000000100000000)
  region size 1024K, 5 young (5120K), 1 survivors (1024K)
 Metaspace       used 53953K, committed 54592K, reserved 1114112K
  class space    used 7513K, committed 7808K, reserved 1048576K
}
Event: 120.650 GC heap after
{Heap after GC invocations=27 (full 0):
 garbage-first heap   total 107520K, used 62040K [0x0000000080000000, 0x0000000100000000)
  region size 1024K, 1 young (1024K), 1 survivors (1024K)
 Metaspace       used 53953K, committed 54592K, reserved 1114112K
  class space    used 7513K, committed 7808K, reserved 1048576K
}
Event: 124.502 GC heap before
{Heap before GC invocations=27 (full 0):
 garbage-first heap   total 107520K, used 78424K [0x0000000080000000, 0x0000000100000000)
  region size 1024K, 18 young (18432K), 1 survivors (1024K)
 Metaspace       used 55676K, committed 56320K, reserved 1114112K
  class space    used 7673K, committed 8000K, reserved 1048576K
}
Event: 124.505 GC heap after
{Heap after GC invocations=28 (full 0):
 garbage-first heap   total 107520K, used 62464K [0x0000000080000000, 0x0000000100000000)
  region size 1024K, 2 young (2048K), 2 survivors (2048K)
 Metaspace       used 55676K, committed 56320K, reserved 1114112K
  class space    used 7673K, committed 8000K, reserved 1048576K
}

Dll operation events (15 events):
Event: 0.030 Loaded shared library G:\proyeksaya\kyusui\jdk17\jdk-17.0.11+9\bin\java.dll
Event: 0.094 Loaded shared library G:\proyeksaya\kyusui\jdk17\jdk-17.0.11+9\bin\jsvml.dll
Event: 0.623 Loaded shared library G:\proyeksaya\kyusui\jdk17\jdk-17.0.11+9\bin\zip.dll
Event: 0.630 Loaded shared library G:\proyeksaya\kyusui\jdk17\jdk-17.0.11+9\bin\instrument.dll
Event: 0.647 Loaded shared library G:\proyeksaya\kyusui\jdk17\jdk-17.0.11+9\bin\net.dll
Event: 0.651 Loaded shared library G:\proyeksaya\kyusui\jdk17\jdk-17.0.11+9\bin\nio.dll
Event: 0.751 Loaded shared library G:\proyeksaya\kyusui\jdk17\jdk-17.0.11+9\bin\zip.dll
Event: 4.167 Loaded shared library G:\proyeksaya\kyusui\jdk17\jdk-17.0.11+9\bin\jimage.dll
Event: 7.294 Loaded shared library G:\proyeksaya\kyusui\jdk17\jdk-17.0.11+9\bin\verify.dll
Event: 9.520 Loaded shared library C:\Users\rizta\.gradle\native\c067742578af261105cb4f569cf0c3c89f3d7b1fecec35dd04571415982c5e48\windows-amd64\native-platform.dll
Event: 9.532 Loaded shared library C:\Users\rizta\.gradle\native\100fb08df4bc3b14c8652ba06237920a3bd2aa13389f12d3474272988ae205f9\windows-amd64\native-platform-file-events.dll
Event: 25.761 Loaded shared library G:\proyeksaya\kyusui\jdk17\jdk-17.0.11+9\bin\management.dll
Event: 25.765 Loaded shared library G:\proyeksaya\kyusui\jdk17\jdk-17.0.11+9\bin\management_ext.dll
Event: 26.979 Loaded shared library G:\proyeksaya\kyusui\jdk17\jdk-17.0.11+9\bin\extnet.dll
Event: 32.301 Loaded shared library G:\proyeksaya\kyusui\jdk17\jdk-17.0.11+9\bin\sunmscapi.dll

Deoptimization events (20 events):
Event: 124.509 Thread 0x00000217e4b66440 Uncommon trap: trap_request=0xffffffc6 fr.pc=0x0000021790cb8d58 relative=0x0000000000000198
Event: 124.509 Thread 0x00000217e4b66440 Uncommon trap: reason=bimorphic_or_optimized_type_check action=maybe_recompile pc=0x0000021790cb8d58 method=java.util.stream.ReduceOps$ReduceOp.evaluateSequential(Ljava/util/stream/PipelineHelper;Ljava/util/Spliterator;)Ljava/lang/Object; @ 2 c2
Event: 124.509 Thread 0x00000217e4b66440 DEOPT PACKING pc=0x0000021790cb8d58 sp=0x000000fe469f6a20
Event: 124.509 Thread 0x00000217e4b66440 DEOPT UNPACKING pc=0x00000217904069a3 sp=0x000000fe469f69a0 mode 2
Event: 124.641 Thread 0x00000217e4b66440 Uncommon trap: trap_request=0xffffffc6 fr.pc=0x0000021790cb8d58 relative=0x0000000000000198
Event: 124.641 Thread 0x00000217e4b66440 Uncommon trap: reason=bimorphic_or_optimized_type_check action=maybe_recompile pc=0x0000021790cb8d58 method=java.util.stream.ReduceOps$ReduceOp.evaluateSequential(Ljava/util/stream/PipelineHelper;Ljava/util/Spliterator;)Ljava/lang/Object; @ 2 c2
Event: 124.641 Thread 0x00000217e4b66440 DEOPT PACKING pc=0x0000021790cb8d58 sp=0x000000fe469f6a10
Event: 124.641 Thread 0x00000217e4b66440 DEOPT UNPACKING pc=0x00000217904069a3 sp=0x000000fe469f6990 mode 2
Event: 125.039 Thread 0x00000217e4b66440 Uncommon trap: trap_request=0xffffff45 fr.pc=0x000002179099ad24 relative=0x00000000000004a4
Event: 125.039 Thread 0x00000217e4b66440 Uncommon trap: reason=unstable_if action=reinterpret pc=0x000002179099ad24 method=org.gradle.internal.service.DefaultServiceRegistry$OwnServices.getService(Ljava/lang/reflect/Type;)Lorg/gradle/internal/service/Service; @ 27 c2
Event: 125.039 Thread 0x00000217e4b66440 DEOPT PACKING pc=0x000002179099ad24 sp=0x000000fe469f7a40
Event: 125.039 Thread 0x00000217e4b66440 DEOPT UNPACKING pc=0x00000217904069a3 sp=0x000000fe469f79b8 mode 2
Event: 125.454 Thread 0x00000217e4b66440 Uncommon trap: trap_request=0xffffffc6 fr.pc=0x0000021790c5df20 relative=0x0000000000000060
Event: 125.454 Thread 0x00000217e4b66440 Uncommon trap: reason=bimorphic_or_optimized_type_check action=maybe_recompile pc=0x0000021790c5df20 method=java.util.AbstractQueue.add(Ljava/lang/Object;)Z @ 2 c2
Event: 125.454 Thread 0x00000217e4b66440 DEOPT PACKING pc=0x0000021790c5df20 sp=0x000000fe469f7830
Event: 125.454 Thread 0x00000217e4b66440 DEOPT UNPACKING pc=0x00000217904069a3 sp=0x000000fe469f77f8 mode 2
Event: 125.454 Thread 0x00000217e4b66440 Uncommon trap: trap_request=0xffffffc6 fr.pc=0x0000021790c5df20 relative=0x0000000000000060
Event: 125.454 Thread 0x00000217e4b66440 Uncommon trap: reason=bimorphic_or_optimized_type_check action=maybe_recompile pc=0x0000021790c5df20 method=java.util.AbstractQueue.add(Ljava/lang/Object;)Z @ 2 c2
Event: 125.454 Thread 0x00000217e4b66440 DEOPT PACKING pc=0x0000021790c5df20 sp=0x000000fe469f7830
Event: 125.454 Thread 0x00000217e4b66440 DEOPT UNPACKING pc=0x00000217904069a3 sp=0x000000fe469f77f8 mode 2

Classes unloaded (0 events):
No events

Classes redefined (0 events):
No events

Internal exceptions (20 events):
Event: 98.261 Thread 0x00000217e4b66440 Exception <a 'java/lang/NoSuchMethodError'{0x0000000084693cb8}: static Lorg/gradle/api/internal/catalog/DependencyModel;.<clinit>()V> (0x0000000084693cb8) 
thrown [s\src\hotspot\share\prims\jni.cpp, line 1112]
Event: 98.261 Thread 0x00000217e4b66440 Exception <a 'java/lang/NoSuchMethodError'{0x00000000846975c8}: static Lorg/gradle/api/internal/catalog/AbstractContextAwareModel;.<clinit>()V> (0x00000000846975c8) 
thrown [s\src\hotspot\share\prims\jni.cpp, line 1112]
Event: 98.263 Thread 0x00000217e4b66440 Exception <a 'java/lang/NoSuchMethodError'{0x00000000846af2b8}: static Lorg/gradle/api/internal/artifacts/dependencies/AbstractVersionConstraint;.<clinit>()V> (0x00000000846af2b8) 
thrown [s\src\hotspot\share\prims\jni.cpp, line 1112]
Event: 98.296 Thread 0x00000217e4b66440 Exception <a 'java/lang/NoSuchMethodError'{0x000000008450c538}: static Lorg/gradle/api/internal/catalog/PluginModel;.<clinit>()V> (0x000000008450c538) 
thrown [s\src\hotspot\share\prims\jni.cpp, line 1112]
Event: 98.300 Thread 0x00000217e4b66440 Exception <a 'java/lang/NoSuchMethodError'{0x0000000084523fe0}: static Lorg/gradle/api/internal/catalog/VersionModel;.<clinit>()V> (0x0000000084523fe0) 
thrown [s\src\hotspot\share\prims\jni.cpp, line 1112]
Event: 98.450 Thread 0x00000217e4b66440 Exception <a 'java/lang/NoSuchMethodError'{0x0000000084549c48}: 'void java.lang.invoke.DirectMethodHandle$Holder.invokeSpecial(java.lang.Object, java.lang.Object, java.lang.Object, int)'> (0x0000000084549c48) 
thrown [s\src\hotspot\share\interpreter\linkResolver.cpp, line 759]
Event: 99.844 Thread 0x00000217e4b66440 Exception <a 'java/lang/NoSuchMethodError'{0x0000000084024d18}: 'int java.lang.invoke.DirectMethodHandle$Holder.invokeSpecialIFC(java.lang.Object, java.lang.Object, java.lang.Object)'> (0x0000000084024d18) 
thrown [s\src\hotspot\share\interpreter\linkResolver.cpp, line 759]
Event: 100.428 Thread 0x00000217e4b66440 Exception <a 'java/lang/NoSuchMethodError'{0x0000000083d69778}: 'java.lang.Object java.lang.invoke.DirectMethodHandle$Holder.newInvokeSpecial(java.lang.Object, java.lang.Object, java.lang.Object, java.lang.Object, java.lang.Object, int)'> (0x0000000083d69778) 
thrown [s\src\hotspot\share\interpreter\linkResolver.cpp, line 759]
Event: 100.429 Thread 0x00000217e4b66440 Exception <a 'java/lang/NoSuchMethodError'{0x0000000083d6eb88}: 'java.lang.Object java.lang.invoke.DirectMethodHandle$Holder.invokeSpecial(java.lang.Object, java.lang.Object, java.lang.Object, java.lang.Object, java.lang.Object, java.lang.Object, int)'> (0x0000000083d6eb88) 
thrown [s\src\hotspot\share\interpreter\linkResolver.cpp, line 759]
Event: 100.430 Thread 0x00000217e4b66440 Exception <a 'java/lang/NoSuchMethodError'{0x0000000083d73920}: 'java.lang.Object java.lang.invoke.Invokers$Holder.linkToTargetMethod(java.lang.Object, java.lang.Object, java.lang.Object, java.lang.Object, int, java.lang.Object)'> (0x0000000083d73920) 
thrown [s\src\hotspot\share\interpreter\linkResolver.cpp, line 759]
Event: 100.437 Thread 0x00000217e4b66440 Exception <a 'java/lang/NoSuchMethodError'{0x0000000083da59f8}: 'java.lang.Object java.lang.invoke.DirectMethodHandle$Holder.invokeSpecial(java.lang.Object, java.lang.Object, java.lang.Object, java.lang.Object, java.lang.Object, long)'> (0x0000000083da59f8) 
thrown [s\src\hotspot\share\interpreter\linkResolver.cpp, line 759]
Event: 100.452 Thread 0x00000217e4b66440 Exception <a 'java/lang/NoSuchMethodError'{0x0000000083dc7f70}: 'void java.lang.invoke.DirectMethodHandle$Holder.invokeStatic(java.lang.Object, java.lang.Object, java.lang.Object, int, java.lang.Object)'> (0x0000000083dc7f70) 
thrown [s\src\hotspot\share\interpreter\linkResolver.cpp, line 759]
Event: 107.417 Thread 0x00000217e4b66440 Exception <a 'java/lang/NoSuchMethodError'{0x00000000859cc558}: 'java.lang.Object java.lang.invoke.DirectMethodHandle$Holder.newInvokeSpecial(java.lang.Object, java.lang.Object, java.lang.Object, java.lang.Object, int, java.lang.Object)'> (0x00000000859cc558) 
thrown [s\src\hotspot\share\interpreter\linkResolver.cpp, line 759]
Event: 107.418 Thread 0x00000217e4b66440 Exception <a 'java/lang/NoSuchMethodError'{0x00000000859d1868}: 'java.lang.Object java.lang.invoke.Invokers$Holder.linkToTargetMethod(java.lang.Object, java.lang.Object, java.lang.Object, int, java.lang.Object, java.lang.Object)'> (0x00000000859d1868) 
thrown [s\src\hotspot\share\interpreter\linkResolver.cpp, line 759]
Event: 109.598 Thread 0x00000217e4b66440 Exception <a 'java/lang/NoSuchMethodError'{0x000000008c17e158}: 'java.lang.Object java.lang.invoke.DirectMethodHandle$Holder.invokeSpecialIFC(java.lang.Object, java.lang.Object, java.lang.Object)'> (0x000000008c17e158) 
thrown [s\src\hotspot\share\interpreter\linkResolver.cpp, line 759]
Event: 112.253 Thread 0x00000217e4b66440 Exception <a 'java/lang/NoSuchMethodError'{0x00000000848dd6b0}: 'void java.lang.invoke.Invokers$Holder.invoke_MT(java.lang.Object, java.lang.Object, java.lang.Object, java.lang.Object)'> (0x00000000848dd6b0) 
thrown [s\src\hotspot\share\interpreter\linkResolver.cpp, line 759]
Event: 112.316 Thread 0x00000217e4b66440 Exception <a 'java/lang/NoSuchMethodError'{0x000000008475e0c8}: 'java.lang.Object java.lang.invoke.DirectMethodHandle$Holder.invokeSpecial(java.lang.Object, java.lang.Object, java.lang.Object, int, java.lang.Object, java.lang.Object)'> (0x000000008475e0c8) 
thrown [s\src\hotspot\share\interpreter\linkResolver.cpp, line 759]
Event: 113.444 Thread 0x00000217e4b66440 Exception <a 'java/lang/ClassNotFoundException'{0x000000008c00c320}: sun/misc/SharedSecrets> (0x000000008c00c320) 
thrown [s\src\hotspot\share\classfile\systemDictionary.cpp, line 256]
Event: 113.444 Thread 0x00000217e4b66440 Exception <a 'java/lang/ClassNotFoundException'{0x000000008c00d650}: org/gradle/api/internal/plugins/DefaultObjectConfigurationActionBeanInfo> (0x000000008c00d650) 
thrown [s\src\hotspot\share\classfile\systemDictionary.cpp, line 256]
Event: 113.448 Thread 0x00000217e4b66440 Exception <a 'java/lang/ClassNotFoundException'{0x000000008c022cb8}: org/gradle/api/internal/plugins/DefaultObjectConfigurationActionCustomizer> (0x000000008c022cb8) 
thrown [s\src\hotspot\share\classfile\systemDictionary.cpp, line 256]

VM Operations (20 events):
Event: 120.166 Executing VM operation: Cleanup done
Event: 120.435 Executing VM operation: HandshakeAllThreads
Event: 120.561 Executing VM operation: HandshakeAllThreads done
Event: 120.647 Executing VM operation: G1CollectForAllocation
Event: 120.650 Executing VM operation: G1CollectForAllocation done
Event: 121.662 Executing VM operation: Cleanup
Event: 122.008 Executing VM operation: Cleanup done
Event: 123.019 Executing VM operation: Cleanup
Event: 123.137 Executing VM operation: Cleanup done
Event: 124.139 Executing VM operation: Cleanup
Event: 124.153 Executing VM operation: Cleanup done
Event: 124.502 Executing VM operation: G1CollectForAllocation
Event: 124.505 Executing VM operation: G1CollectForAllocation done
Event: 124.623 Executing VM operation: G1PauseRemark
Event: 124.630 Executing VM operation: G1PauseRemark done
Event: 124.676 Executing VM operation: G1PauseCleanup
Event: 124.676 Executing VM operation: G1PauseCleanup done
Event: 125.678 Executing VM operation: Cleanup
Event: 125.697 Executing VM operation: Cleanup done
Event: 126.701 Executing VM operation: Cleanup

Events (20 events):
Event: 122.581 loading class sun/text/resources/cldr/FormatData_en_US
Event: 122.581 loading class sun/text/resources/cldr/FormatData_en_US done
Event: 124.508 loading class java/util/stream/ReduceOps$2
Event: 124.508 loading class java/util/stream/ReduceOps$2 done
Event: 124.508 loading class java/util/stream/ReduceOps$2ReducingSink
Event: 124.508 loading class java/util/stream/ReduceOps$2ReducingSink done
Event: 124.509 loading class java/lang/management/ClassLoadingMXBean
Event: 124.509 loading class java/lang/management/ClassLoadingMXBean done
Event: 124.509 loading class sun/management/ClassLoadingImpl
Event: 124.509 loading class sun/management/ClassLoadingImpl done
Event: 124.641 loading class java/lang/management/ThreadMXBean
Event: 124.641 loading class java/lang/management/ThreadMXBean done
Event: 124.641 loading class com/sun/management/internal/HotSpotThreadImpl
Event: 124.641 loading class com/sun/management/ThreadMXBean
Event: 124.642 loading class com/sun/management/ThreadMXBean done
Event: 124.642 loading class sun/management/ThreadImpl
Event: 124.642 loading class sun/management/ThreadImpl done
Event: 124.642 loading class com/sun/management/internal/HotSpotThreadImpl done
Event: 124.652 loading class java/util/concurrent/Executors$DefaultThreadFactory
Event: 124.652 loading class java/util/concurrent/Executors$DefaultThreadFactory done


Dynamic libraries:
0x00007ff6c6eb0000 - 0x00007ff6c6ebe000 	G:\proyeksaya\kyusui\jdk17\jdk-17.0.11+9\bin\java.exe
0x00007ffc15fa0000 - 0x00007ffc16207000 	C:\WINDOWS\SYSTEM32\ntdll.dll
0x00007ffc152c0000 - 0x00007ffc1538b000 	C:\WINDOWS\System32\KERNEL32.DLL
0x00007ffc132e0000 - 0x00007ffc136e2000 	C:\WINDOWS\System32\KERNELBASE.dll
0x00007ffc13a30000 - 0x00007ffc13b7c000 	C:\WINDOWS\System32\ucrtbase.dll
0x00007ffc0dab0000 - 0x00007ffc0dac7000 	G:\proyeksaya\kyusui\jdk17\jdk-17.0.11+9\bin\jli.dll
0x00007ffc13f40000 - 0x00007ffc1410f000 	C:\WINDOWS\System32\USER32.dll
0x00007ffc13940000 - 0x00007ffc13967000 	C:\WINDOWS\System32\win32u.dll
0x00007ffc159b0000 - 0x00007ffc159db000 	C:\WINDOWS\System32\GDI32.dll
0x00007ffc13b90000 - 0x00007ffc13cb9000 	C:\WINDOWS\System32\gdi32full.dll
0x00007ffc13230000 - 0x00007ffc132d3000 	C:\WINDOWS\System32\msvcp_win.dll
0x00007ffc0bbc0000 - 0x00007ffc0bbdb000 	G:\proyeksaya\kyusui\jdk17\jdk-17.0.11+9\bin\VCRUNTIME140.dll
0x00007ffc04620000 - 0x00007ffc048b0000 	C:\WINDOWS\WinSxS\amd64_microsoft.windows.common-controls_6595b64144ccf1df_6.0.26100.9278_none_3e0d1ba8e3303201\COMCTL32.dll
0x00007ffc15e80000 - 0x00007ffc15f29000 	C:\WINDOWS\System32\msvcrt.dll
0x00007ffc15d20000 - 0x00007ffc15d51000 	C:\WINDOWS\System32\IMM32.DLL
0x00007ffc0d9d0000 - 0x00007ffc0d9dc000 	G:\proyeksaya\kyusui\jdk17\jdk-17.0.11+9\bin\vcruntime140_1.dll
0x00007ffbed250000 - 0x00007ffbed2dd000 	G:\proyeksaya\kyusui\jdk17\jdk-17.0.11+9\bin\msvcp140.dll
0x00007ffba1670000 - 0x00007ffba22d2000 	G:\proyeksaya\kyusui\jdk17\jdk-17.0.11+9\bin\server\jvm.dll
0x00007ffc15a60000 - 0x00007ffc15b1c000 	C:\WINDOWS\System32\ADVAPI32.dll
0x00007ffc14bc0000 - 0x00007ffc14c69000 	C:\WINDOWS\System32\sechost.dll
0x00007ffc15390000 - 0x00007ffc154a8000 	C:\WINDOWS\System32\RPCRT4.dll
0x00007ffc13020000 - 0x00007ffc1307e000 	C:\WINDOWS\SYSTEM32\POWRPROF.dll
0x00007ffc0abe0000 - 0x00007ffc0abea000 	C:\WINDOWS\SYSTEM32\WSOCK32.dll
0x00007ffc154b0000 - 0x00007ffc15530000 	C:\WINDOWS\System32\WS2_32.dll
0x00007ffc06880000 - 0x00007ffc068b6000 	C:\WINDOWS\SYSTEM32\WINMM.dll
0x00007ffc0ba70000 - 0x00007ffc0ba7b000 	C:\WINDOWS\SYSTEM32\VERSION.dll
0x00007ffc13000000 - 0x00007ffc13015000 	C:\WINDOWS\SYSTEM32\UMPDC.dll
0x00007ffc11e10000 - 0x00007ffc11e2b000 	C:\WINDOWS\SYSTEM32\kernel.appcore.dll
0x00007ffc0ab70000 - 0x00007ffc0ab7a000 	G:\proyeksaya\kyusui\jdk17\jdk-17.0.11+9\bin\jimage.dll
0x00007ffc108b0000 - 0x00007ffc10afc000 	C:\WINDOWS\SYSTEM32\DBGHELP.DLL
0x00007ffc15620000 - 0x00007ffc159a5000 	C:\WINDOWS\System32\combase.dll
0x00007ffc15540000 - 0x00007ffc15619000 	C:\WINDOWS\System32\OLEAUT32.dll
0x00007ffbf6680000 - 0x00007ffbf66bb000 	C:\WINDOWS\SYSTEM32\dbgcore.DLL
0x00007ffc13970000 - 0x00007ffc13a1c000 	C:\WINDOWS\System32\bcryptPrimitives.dll
0x00007ffc0ab40000 - 0x00007ffc0ab4e000 	G:\proyeksaya\kyusui\jdk17\jdk-17.0.11+9\bin\instrument.dll
0x00007ffc05b30000 - 0x00007ffc05b55000 	G:\proyeksaya\kyusui\jdk17\jdk-17.0.11+9\bin\java.dll
0x00007ffbe73f0000 - 0x00007ffbe74c7000 	G:\proyeksaya\kyusui\jdk17\jdk-17.0.11+9\bin\jsvml.dll
0x00007ffc14280000 - 0x00007ffc14a18000 	C:\WINDOWS\System32\SHELL32.dll
0x00007ffc10bb0000 - 0x00007ffc1145e000 	C:\WINDOWS\SYSTEM32\windows.storage.dll
0x00007ffc13e30000 - 0x00007ffc13f2b000 	C:\WINDOWS\System32\SHCORE.dll
0x00007ffc13dc0000 - 0x00007ffc13e26000 	C:\WINDOWS\System32\shlwapi.dll
0x00007ffc130c0000 - 0x00007ffc130e9000 	C:\WINDOWS\SYSTEM32\profapi.dll
0x00007ffc04b90000 - 0x00007ffc04ba8000 	G:\proyeksaya\kyusui\jdk17\jdk-17.0.11+9\bin\zip.dll
0x00007ffc04b50000 - 0x00007ffc04b69000 	G:\proyeksaya\kyusui\jdk17\jdk-17.0.11+9\bin\net.dll
0x00007ffc0a330000 - 0x00007ffc0a45a000 	C:\WINDOWS\SYSTEM32\WINHTTP.dll
0x00007ffc12400000 - 0x00007ffc1246c000 	C:\WINDOWS\system32\mswsock.dll
0x00007ffc042f0000 - 0x00007ffc04306000 	G:\proyeksaya\kyusui\jdk17\jdk-17.0.11+9\bin\nio.dll
0x00007ffc09e80000 - 0x00007ffc09e90000 	G:\proyeksaya\kyusui\jdk17\jdk-17.0.11+9\bin\verify.dll
0x00007ffbed5b0000 - 0x00007ffbed5d7000 	C:\Users\rizta\.gradle\native\c067742578af261105cb4f569cf0c3c89f3d7b1fecec35dd04571415982c5e48\windows-amd64\native-platform.dll
0x00007ffb96d50000 - 0x00007ffb96e94000 	C:\Users\rizta\.gradle\native\100fb08df4bc3b14c8652ba06237920a3bd2aa13389f12d3474272988ae205f9\windows-amd64\native-platform-file-events.dll
0x00007ffc09c60000 - 0x00007ffc09c69000 	G:\proyeksaya\kyusui\jdk17\jdk-17.0.11+9\bin\management.dll
0x00007ffc09c00000 - 0x00007ffc09c0b000 	G:\proyeksaya\kyusui\jdk17\jdk-17.0.11+9\bin\management_ext.dll
0x00007ffc15b30000 - 0x00007ffc15b38000 	C:\WINDOWS\System32\PSAPI.DLL
0x00007ffc12710000 - 0x00007ffc1272b000 	C:\WINDOWS\SYSTEM32\CRYPTSP.dll
0x00007ffc11d70000 - 0x00007ffc11da9000 	C:\WINDOWS\system32\rsaenh.dll
0x00007ffc124b0000 - 0x00007ffc124e4000 	C:\WINDOWS\SYSTEM32\USERENV.dll
0x00007ffc13090000 - 0x00007ffc130ba000 	C:\WINDOWS\SYSTEM32\bcrypt.dll
0x00007ffc126f0000 - 0x00007ffc126fc000 	C:\WINDOWS\SYSTEM32\CRYPTBASE.dll
0x00007ffc117b0000 - 0x00007ffc117e3000 	C:\WINDOWS\SYSTEM32\IPHLPAPI.DLL
0x00007ffc13f30000 - 0x00007ffc13f3a000 	C:\WINDOWS\System32\NSI.dll
0x00007ffc0a080000 - 0x00007ffc0a09d000 	C:\WINDOWS\SYSTEM32\dhcpcsvc6.DLL
0x00007ffc0a050000 - 0x00007ffc0a075000 	C:\WINDOWS\SYSTEM32\dhcpcsvc.DLL
0x00007ffc11840000 - 0x00007ffc11998000 	C:\WINDOWS\SYSTEM32\DNSAPI.dll
0x00007ffc121c0000 - 0x00007ffc121cd000 	C:\WINDOWS\SYSTEM32\DSPARSE.dll
0x00007ffc09aa0000 - 0x00007ffc09aa9000 	G:\proyeksaya\kyusui\jdk17\jdk-17.0.11+9\bin\extnet.dll
0x00007ffc05af0000 - 0x00007ffc05afe000 	G:\proyeksaya\kyusui\jdk17\jdk-17.0.11+9\bin\sunmscapi.dll
0x00007ffc137b0000 - 0x00007ffc1392e000 	C:\WINDOWS\System32\CRYPT32.dll
0x00007ffc12960000 - 0x00007ffc12990000 	C:\WINDOWS\SYSTEM32\ncrypt.dll
0x00007ffc12910000 - 0x00007ffc1294f000 	C:\WINDOWS\SYSTEM32\NTASN1.dll
0x00007ffbb1550000 - 0x00007ffbb1558000 	C:\WINDOWS\system32\wshunix.dll

dbghelp: loaded successfully - version: 4.0.5 - missing functions: none
symbol engine: initialized successfully - sym options: 0x614 - pdb path: .;G:\proyeksaya\kyusui\jdk17\jdk-17.0.11+9\bin;C:\WINDOWS\SYSTEM32;C:\WINDOWS\WinSxS\amd64_microsoft.windows.common-controls_6595b64144ccf1df_6.0.26100.9278_none_3e0d1ba8e3303201;G:\proyeksaya\kyusui\jdk17\jdk-17.0.11+9\bin\server;C:\Users\rizta\.gradle\native\c067742578af261105cb4f569cf0c3c89f3d7b1fecec35dd04571415982c5e48\windows-amd64;C:\Users\rizta\.gradle\native\100fb08df4bc3b14c8652ba06237920a3bd2aa13389f12d3474272988ae205f9\windows-amd64

VM Arguments:
jvm_args: --enable-native-access=ALL-UNNAMED --add-opens=java.base/java.util=ALL-UNNAMED --add-opens=java.base/java.lang=ALL-UNNAMED --add-opens=java.base/java.lang.invoke=ALL-UNNAMED --add-opens=java.prefs/java.util.prefs=ALL-UNNAMED --add-opens=java.base/java.nio.charset=ALL-UNNAMED --add-opens=java.base/java.net=ALL-UNNAMED --add-opens=java.base/java.util.concurrent.atomic=ALL-UNNAMED -Xmx2048m -Dfile.encoding=UTF-8 -Duser.country=ID -Duser.language=en -Duser.variant -javaagent:C:\Users\rizta\.gradle\wrapper\dists\gradle-8.8-bin\dl7vupf4psengwqhwktix4v1\gradle-8.8\lib\agents\gradle-instrumentation-agent-8.8.jar 
java_command: org.gradle.launcher.daemon.bootstrap.GradleDaemon 8.8
java_class_path (initial): C:\Users\rizta\.gradle\wrapper\dists\gradle-8.8-bin\dl7vupf4psengwqhwktix4v1\gradle-8.8\lib\gradle-launcher-8.8.jar
Launcher Type: SUN_STANDARD

[Global flags]
     intx CICompilerCount                          = 3                                         {product} {ergonomic}
     uint ConcGCThreads                            = 1                                         {product} {ergonomic}
     uint G1ConcRefinementThreads                  = 4                                         {product} {ergonomic}
   size_t G1HeapRegionSize                         = 1048576                                   {product} {ergonomic}
    uintx GCDrainStackTargetSize                   = 64                                        {product} {ergonomic}
   size_t InitialHeapSize                          = 333447168                                 {product} {ergonomic}
   size_t MarkStackSize                            = 4194304                                   {product} {ergonomic}
   size_t MaxHeapSize                              = 2147483648                                {product} {command line}
   size_t MaxNewSize                               = 1287651328                                {product} {ergonomic}
   size_t MinHeapDeltaBytes                        = 1048576                                   {product} {ergonomic}
   size_t MinHeapSize                              = 8388608                                   {product} {ergonomic}
    uintx NonNMethodCodeHeapSize                   = 5832780                                {pd product} {ergonomic}
    uintx NonProfiledCodeHeapSize                  = 122912730                              {pd product} {ergonomic}
    uintx ProfiledCodeHeapSize                     = 122912730                              {pd product} {ergonomic}
    uintx ReservedCodeCacheSize                    = 251658240                              {pd product} {ergonomic}
     bool SegmentedCodeCache                       = true                                      {product} {ergonomic}
   size_t SoftMaxHeapSize                          = 2147483648                             {manageable} {ergonomic}
     bool UseCompressedClassPointers               = true                           {product lp64_product} {ergonomic}
     bool UseCompressedOops                        = true                           {product lp64_product} {ergonomic}
     bool UseG1GC                                  = true                                      {product} {ergonomic}
     bool UseLargePagesIndividualAllocation        = false                                  {pd product} {ergonomic}

Logging:
Log output configuration:
 #0: stdout all=warning uptime,level,tags
 #1: stderr all=off uptime,level,tags

Environment Variables:
JAVA_HOME=G:\Android\Android Studio\jbr
PATH=C:\WINDOWS\system32;C:\WINDOWS;C:\WINDOWS\System32\Wbem;C:\WINDOWS\System32\WindowsPowerShell\v1.0\;C:\WINDOWS\System32\OpenSSH\;C:\Program Files\Git\cmd;C:\Program Files\dotnet\;C:\xampp\php;C:\ProgramData\ComposerSetup\bin;G:\Android\Android Studio\bin;C:\Users\rizta\AppData\Local\Android\Sdk\platform-tools;C:\Users\rizta\AppData\Local\Android\Sdk\emulator;C:\Users\rizta\AppData\Local\Android\Sdk\cmdline-tools\latest\bin;G:\Android\Android Studio\jbr\bin;C:\Program Files\nodejs\;C:\Users\rizta\AppData\Local\Programs\OpenAI\Codex\bin;C:\Users\rizta\AppData\Local\Microsoft\WindowsApps;C:\Users\rizta\AppData\Local\Python\bin;C:\Users\rizta\AppData\Local\Programs\Microsoft VS Code\bin;C:\Users\rizta\AppData\Local\GitHubDesktop\bin;C:\Users\rizta\AppData\Roaming\Composer\vendor\bin;C:\Users\rizta\AppData\Roaming\npm;C:\Users\rizta\AppData\Local\Programs\DockerDesktop\resources\bin
USERNAME=rizta
OS=Windows_NT
PROCESSOR_IDENTIFIER=Intel64 Family 6 Model 142 Stepping 12, GenuineIntel
TMP=C:\Users\rizta\AppData\Local\Temp
TEMP=C:\Users\rizta\AppData\Local\Temp



Periodic native trim disabled


---------------  S Y S T E M  ---------------

OS:
 Windows 11 , 64 bit Build 26100 (10.0.26100.9444)
OS uptime: 0 days 15:05 hours
Hyper-V role detected

CPU: total 4 (initial active 4) (2 cores per cpu, 2 threads per core) family 6 model 142 stepping 12 microcode 0xfc, cx8, cmov, fxsr, ht, mmx, 3dnowpref, sse, sse2, sse3, ssse3, sse4.1, sse4.2, popcnt, lzcnt, tsc, tscinvbit, avx, avx2, aes, erms, clmul, bmi1, bmi2, adx, fma, vzeroupper, clflush, clflushopt, hv
Processor Information for all 4 processors :
  Max Mhz: 2592, Current Mhz: 2093, Mhz Limit: 2073

Memory: 4k page, system-wide physical 20317M (2274M free)
TotalPageFile size 28470M (AvailPageFile size 848M)
current process WorkingSet (physical memory assigned to process): 285M, peak: 285M
current process commit charge ("private bytes"): 319M, peak: 472M

vm_info: OpenJDK 64-Bit Server VM (17.0.11+9) for windows-amd64 JRE (17.0.11+9), built on Apr 17 2024 06:07:48 by "admin" with MS VC++ 16.10 / 16.11 (VS2019)

END.
