#
# There is insufficient memory for the Java Runtime Environment to continue.
# Native memory allocation (mmap) failed to map 65536 bytes. Error detail: Failed to commit metaspace.
# Possible reasons:
#   The system is out of physical RAM or swap space
#   This process is running with CompressedOops enabled, and the Java Heap may be blocking the growth of the native heap
# Possible solutions:
#   Reduce memory load on the system
#   Increase physical memory or swap space
#   Check if swap backing store is full
#   Decrease Java heap size (-Xmx/-Xms)
#   Decrease number of Java threads
#   Decrease Java thread stack sizes (-Xss)
#   Set larger code cache with -XX:ReservedCodeCacheSize=
#   JVM is running with Unscaled Compressed Oops mode in which the Java heap is
#     placed in the first 4GB address space. The Java Heap base address is the
#     maximum limit for the native heap growth. Please use -XX:HeapBaseMinAddress
#     to set the Java Heap base and to place the Java Heap above 4GB virtual address.
# This output file may be truncated or incomplete.
#
#  Out of Memory Error (virtualSpaceNode.cpp:110), pid=21004, tid=23812
#
# JRE version: OpenJDK Runtime Environment Temurin-17.0.11+9 (17.0.11+9) (build 17.0.11+9)
# Java VM: OpenJDK 64-Bit Server VM Temurin-17.0.11+9 (17.0.11+9, mixed mode, sharing, tiered, compressed oops, compressed class ptrs, g1 gc, windows-amd64)
# No core dump will be written. Minidumps are not enabled by default on client versions of Windows
#

---------------  S U M M A R Y ------------

Command Line: --enable-native-access=ALL-UNNAMED --add-opens=java.base/java.util=ALL-UNNAMED --add-opens=java.base/java.lang=ALL-UNNAMED --add-opens=java.base/java.lang.invoke=ALL-UNNAMED --add-opens=java.prefs/java.util.prefs=ALL-UNNAMED --add-opens=java.base/java.nio.charset=ALL-UNNAMED --add-opens=java.base/java.net=ALL-UNNAMED --add-opens=java.base/java.util.concurrent.atomic=ALL-UNNAMED -Xmx2048m -Dfile.encoding=UTF-8 -Duser.country=ID -Duser.language=en -Duser.variant -javaagent:C:\Users\rizta\.gradle\wrapper\dists\gradle-8.8-bin\dl7vupf4psengwqhwktix4v1\gradle-8.8\lib\agents\gradle-instrumentation-agent-8.8.jar org.gradle.launcher.daemon.bootstrap.GradleDaemon 8.8

Host: Intel(R) Core(TM) i3-10110U CPU @ 2.10GHz, 4 cores, 19G,  Windows 11 , 64 bit Build 26100 (10.0.26100.9444)
Time: Fri Oct  2 15:56:26 2026 SE Asia Standard Time elapsed time: 205.091057 seconds (0d 0h 3m 25s)

---------------  T H R E A D  ---------------

Current thread (0x000001a4fc569800):  JavaThread "Daemon worker" [_thread_in_vm, id=23812, stack(0x0000006082100000,0x0000006082200000)]

Stack: [0x0000006082100000,0x0000006082200000]
Native frames: (J=compiled Java code, j=interpreted, Vv=VM code, C=native code)
V  [jvm.dll+0x67d429]
V  [jvm.dll+0x834b7a]
V  [jvm.dll+0x83663e]
V  [jvm.dll+0x836ca3]
V  [jvm.dll+0x247dbf]
V  [jvm.dll+0x83083b]
V  [jvm.dll+0x621d56]
V  [jvm.dll+0x1c1b3e]
V  [jvm.dll+0x6246b1]
V  [jvm.dll+0x6226f6]
V  [jvm.dll+0x62c5c7]
V  [jvm.dll+0x1ebb1b]
V  [jvm.dll+0x1ec055]
V  [jvm.dll+0x1ecb10]
V  [jvm.dll+0x1e1f11]
V  [jvm.dll+0x54250e]
V  [jvm.dll+0x7aecb8]
V  [jvm.dll+0x7aeda4]
V  [jvm.dll+0x410c38]
V  [jvm.dll+0x42449c]
C  [java.dll+0x1657]

Java frames: (J=compiled Java code, j=interpreted, Vv=VM code)
J 2826  java.lang.ClassLoader.defineClass0(Ljava/lang/ClassLoader;Ljava/lang/Class;Ljava/lang/String;[BIILjava/security/ProtectionDomain;ZILjava/lang/Object;)Ljava/lang/Class; java.base@17.0.11 (0 bytes) @ 0x000001a4a8a15791 [0x000001a4a8a156a0+0x00000000000000f1]
J 2825 c1 java.lang.System$2.defineClass(Ljava/lang/ClassLoader;Ljava/lang/Class;Ljava/lang/String;[BLjava/security/ProtectionDomain;ZILjava/lang/Object;)Ljava/lang/Class; java.base@17.0.11 (21 bytes) @ 0x000001a4a139956c [0x000001a4a13994c0+0x00000000000000ac]
J 2824 c1 java.lang.invoke.MethodHandles$Lookup$ClassDefiner.defineClass(ZLjava/lang/Object;)Ljava/lang/Class; java.base@17.0.11 (97 bytes) @ 0x000001a4a1398a44 [0x000001a4a1397f20+0x0000000000000b24]
J 9147 c1 java.lang.invoke.MethodHandles$Lookup.defineClass([B)Ljava/lang/Class; java.base@17.0.11 (40 bytes) @ 0x000001a4a1d73114 [0x000001a4a1d72da0+0x0000000000000374]
j  org.gradle.internal.classloader.ClassLoaderUtils$LookupClassDefiner.defineDecoratorClass(Ljava/lang/Class;Ljava/lang/ClassLoader;Ljava/lang/String;[B)Ljava/lang/Class;+22
j  org.gradle.internal.classloader.ClassLoaderUtils.defineDecorator(Ljava/lang/Class;Ljava/lang/ClassLoader;Ljava/lang/String;[B)Ljava/lang/Class;+7
j  org.gradle.model.internal.asm.AsmClassGenerator.define(Ljava/lang/ClassLoader;)Ljava/lang/Class;+16
j  org.gradle.model.internal.asm.AsmClassGenerator.define()Ljava/lang/Class;+8
j  org.gradle.internal.instantiation.generator.AsmBackedClassGenerator$ClassBuilderImpl.generate()Ljava/lang/Class;+12
J 8374 c1 org.gradle.internal.instantiation.generator.AbstractClassGenerator.generateUnderLock(Ljava/lang/Class;)Lorg/gradle/internal/instantiation/generator/AbstractClassGenerator$GeneratedClassImpl; (702 bytes) @ 0x000001a4a1be2aec [0x000001a4a1bddda0+0x0000000000004d4c]
J 9384 c1 org.gradle.internal.instantiation.generator.AbstractClassGenerator$$Lambda$118+0x000001a4b8197168.apply(Ljava/lang/Object;)Ljava/lang/Object; (12 bytes) @ 0x000001a4a1df3224 [0x000001a4a1df30c0+0x0000000000000164]
J 5568 c1 org.gradle.cache.internal.DefaultCrossBuildInMemoryCacheFactory$AbstractCrossBuildInMemoryCache.get(Ljava/lang/Object;Ljava/util/function/Function;)Ljava/lang/Object; (65 bytes) @ 0x000001a4a125467c [0x000001a4a1254480+0x00000000000001fc]
J 5826 c1 org.gradle.internal.instantiation.generator.AbstractClassGenerator.generate(Ljava/lang/Class;)Lorg/gradle/internal/instantiation/generator/ClassGenerator$GeneratedClass; (58 bytes) @ 0x000001a4a13ae48c [0x000001a4a13ae180+0x000000000000030c]
J 9566 c1 org.gradle.internal.instantiation.generator.AsmBackedClassGenerator.generate(Ljava/lang/Class;)Lorg/gradle/internal/instantiation/generator/ClassGenerator$GeneratedClass; (6 bytes) @ 0x000001a4a1e3e894 [0x000001a4a1e3e820+0x0000000000000074]
j  org.gradle.internal.instantiation.generator.Jsr330ConstructorSelector.lambda$forType$0(Ljava/lang/Class;)Lorg/gradle/internal/instantiation/generator/Jsr330ConstructorSelector$CachedConstructor;+9
j  org.gradle.internal.instantiation.generator.Jsr330ConstructorSelector$$Lambda$122+0x000001a4b81aaef0.get()Ljava/lang/Object;+8
J 7677 c1 org.gradle.cache.Cache$$Lambda$80+0x000001a4b810e000.apply(Ljava/lang/Object;)Ljava/lang/Object; (9 bytes) @ 0x000001a4a1a7f0fc [0x000001a4a1a7efc0+0x000000000000013c]
J 5568 c1 org.gradle.cache.internal.DefaultCrossBuildInMemoryCacheFactory$AbstractCrossBuildInMemoryCache.get(Ljava/lang/Object;Ljava/util/function/Function;)Ljava/lang/Object; (65 bytes) @ 0x000001a4a125467c [0x000001a4a1254480+0x00000000000001fc]
J 5847 c1 org.gradle.cache.Cache.get(Ljava/lang/Object;Ljava/util/function/Supplier;)Ljava/lang/Object; (14 bytes) @ 0x000001a4a1057a24 [0x000001a4a10574a0+0x0000000000000584]
J 8324 c1 org.gradle.internal.instantiation.generator.Jsr330ConstructorSelector.forType(Ljava/lang/Class;)Lorg/gradle/internal/instantiation/generator/ClassGenerator$GeneratedConstructor; (32 bytes) @ 0x000001a4a1bcae2c [0x000001a4a1bca940+0x00000000000004ec]
j  org.gradle.internal.instantiation.generator.DependencyInjectingInstantiator.factoryFor(Ljava/lang/Class;)Lorg/gradle/internal/instantiation/InstanceFactory;+5
j  org.gradle.internal.instantiation.generator.DefaultInstantiationScheme.forType(Ljava/lang/Class;)Lorg/gradle/internal/instantiation/InstanceFactory;+5
j  org.gradle.api.internal.artifacts.transform.DefaultTransform.<init>(Ljava/lang/Class;Lorg/gradle/api/artifacts/transform/TransformParameters;Lorg/gradle/api/internal/attributes/ImmutableAttributes;Lorg/gradle/api/internal/attributes/ImmutableAttributes;Lorg/gradle/internal/fingerprint/FileNormalizer;Lorg/gradle/internal/fingerprint/FileNormalizer;ZLorg/gradle/internal/fingerprint/DirectorySensitivity;Lorg/gradle/internal/fingerprint/DirectorySensitivity;Lorg/gradle/internal/fingerprint/LineEndingSensitivity;Lorg/gradle/internal/fingerprint/LineEndingSensitivity;Lorg/gradle/internal/operations/BuildOperationRunner;Lorg/gradle/internal/hash/ClassLoaderHierarchyHasher;Lorg/gradle/internal/isolation/IsolatableFactory;Lorg/gradle/api/internal/file/FileCollectionFactory;Lorg/gradle/api/internal/file/FileLookup;Lorg/gradle/internal/properties/bean/PropertyWalker;Lorg/gradle/internal/instantiation/InstantiationScheme;Lorg/gradle/api/internal/DomainObjectContext;Lorg/gradle/internal/model/CalculatedValueContainerFactory;Lorg/gradle/internal/service/ServiceLookup;)V+48
j  org.gradle.api.internal.artifacts.transform.DefaultTransformRegistrationFactory.create(Lorg/gradle/api/internal/attributes/ImmutableAttributes;Lorg/gradle/api/internal/attributes/ImmutableAttributes;Ljava/lang/Class;Lorg/gradle/api/artifacts/transform/TransformParameters;)Lorg/gradle/api/internal/artifacts/TransformRegistration;+352
j  org.gradle.api.internal.artifacts.transform.DefaultVariantTransformRegistry.register(Lorg/gradle/api/internal/artifacts/transform/DefaultVariantTransformRegistry$RecordingRegistration;Ljava/lang/Class;Lorg/gradle/api/artifacts/transform/TransformParameters;)V+32
j  org.gradle.api.internal.artifacts.transform.DefaultVariantTransformRegistry.registerTransform(Ljava/lang/Class;Lorg/gradle/api/Action;)V+106
j  org.gradle.api.internal.artifacts.dsl.dependencies.DefaultDependencyHandler.registerTransform(Ljava/lang/Class;Lorg/gradle/api/Action;)V+6
j  com.android.build.gradle.internal.DependencyConfigurator.registerTransform(Ljava/lang/Class;Ljava/lang/String;Ljava/lang/String;Lkotlin/jvm/functions/Function1;)V+25
j  com.android.build.gradle.internal.DependencyConfigurator.registerTransform(Ljava/lang/Class;Lcom/android/build/gradle/internal/publishing/AndroidArtifacts$ArtifactType;Lcom/android/build/gradle/internal/publishing/AndroidArtifacts$ArtifactType;Lkotlin/jvm/functions/Function1;)V+26
j  com.android.build.gradle.internal.DependencyConfigurator.registerTransform$default(Lcom/android/build/gradle/internal/DependencyConfigurator;Ljava/lang/Class;Lcom/android/build/gradle/internal/publishing/AndroidArtifacts$ArtifactType;Lcom/android/build/gradle/internal/publishing/AndroidArtifacts$ArtifactType;Lkotlin/jvm/functions/Function1;ILjava/lang/Object;)V+17
j  com.android.build.gradle.internal.DependencyConfigurator.configureGeneralTransforms(ZLcom/android/build/gradle/internal/publishing/AarOrJarTypeToConsume;)Lcom/android/build/gradle/internal/DependencyConfigurator;+211
j  com.android.build.gradle.internal.plugins.BasePlugin.createAndroidTasks(Lorg/gradle/api/Project;)V+659
j  com.android.build.gradle.internal.plugins.BasePlugin$createTasks$2$1.call()V+8
j  com.android.builder.profile.ThreadRecorder.record(Lcom/google/wireless/android/sdk/stats/GradleBuildProfileSpan$ExecutionType;Lcom/google/wireless/android/sdk/stats/GradleTransformExecution;Ljava/lang/Long;Ljava/lang/Long;Ljava/lang/Long;Lcom/android/builder/profile/Recorder$VoidBlock;)Lcom/google/wireless/android/sdk/stats/GradleBuildProfileSpan;+12
j  com.android.builder.profile.ThreadRecorder.record(Lcom/google/wireless/android/sdk/stats/GradleBuildProfileSpan$ExecutionType;Ljava/lang/Long;Ljava/lang/Long;Ljava/lang/Long;Lcom/android/builder/profile/Recorder$VoidBlock;)Lcom/google/wireless/android/sdk/stats/GradleBuildProfileSpan;+9
j  com.android.build.gradle.internal.profile.AnalyticsResourceManager.recordBlockAtConfiguration(Lcom/google/wireless/android/sdk/stats/GradleBuildProfileSpan$ExecutionType;Ljava/lang/String;Ljava/lang/String;Lcom/android/builder/profile/Recorder$VoidBlock;)V+53
j  com.android.build.gradle.internal.profile.AnalyticsConfiguratorService.recordBlock(Lcom/google/wireless/android/sdk/stats/GradleBuildProfileSpan$ExecutionType;Ljava/lang/String;Ljava/lang/String;Lcom/android/builder/profile/Recorder$VoidBlock;)V+28
j  com.android.build.gradle.internal.plugins.BasePlugin$createTasks$2.accept(Lorg/gradle/api/Project;)V+63
j  com.android.build.gradle.internal.plugins.BasePlugin$createTasks$2.accept(Ljava/lang/Object;)V+5
j  com.android.build.gradle.internal.crash.CrashReporting$afterEvaluate$1.execute(Lorg/gradle/api/Project;)V+12
j  com.android.build.gradle.internal.crash.CrashReporting$afterEvaluate$1.execute(Ljava/lang/Object;)V+5
J 9769 c1 org.gradle.internal.code.DefaultUserCodeApplicationContext$CurrentApplication$1.execute(Ljava/lang/Object;)V (79 bytes) @ 0x000001a4a1eb4ecc [0x000001a4a1eb4b20+0x00000000000003ac]
j  org.gradle.configuration.internal.DefaultListenerBuildOperationDecorator$BuildOperationEmittingAction$1.run(Lorg/gradle/internal/operations/BuildOperationContext;)V+11
J 9604 c1 org.gradle.internal.operations.DefaultBuildOperationRunner$1.execute(Lorg/gradle/internal/operations/BuildOperation;Lorg/gradle/internal/operations/BuildOperationContext;)V (10 bytes) @ 0x000001a4a1e4be24 [0x000001a4a1e4bbc0+0x0000000000000264]
J 7508 c1 org.gradle.internal.operations.DefaultBuildOperationRunner$2.execute(Lorg/gradle/internal/operations/BuildOperationDescriptor;Lorg/gradle/internal/operations/BuildOperationState;Lorg/gradle/internal/operations/BuildOperationState;Lorg/gradle/internal/operations/DefaultBuildOperationRunner$ReadableBuildOperationContext;Lorg/gradle/internal/operations/DefaultBuildOperationRunner$BuildOperationExecutionListener;)Lorg/gradle/internal/operations/BuildOperation; (110 bytes) @ 0x000001a4a1a1d634 [0x000001a4a1a1d440+0x00000000000001f4]
J 7076 c1 org.gradle.internal.operations.DefaultBuildOperationRunner$2.execute(Lorg/gradle/internal/operations/BuildOperationDescriptor;Lorg/gradle/internal/operations/BuildOperationState;Lorg/gradle/internal/operations/BuildOperationState;Lorg/gradle/internal/operations/DefaultBuildOperationRunner$ReadableBuildOperationContext;Lorg/gradle/internal/operations/DefaultBuildOperationRunner$BuildOperationExecutionListener;)Ljava/lang/Object; (12 bytes) @ 0x000001a4a193ae44 [0x000001a4a193adc0+0x0000000000000084]
J 7115 c1 org.gradle.internal.operations.DefaultBuildOperationRunner.execute(Lorg/gradle/internal/operations/BuildOperationDescriptor$Builder;Lorg/gradle/internal/operations/BuildOperationState;Lorg/gradle/internal/operations/DefaultBuildOperationRunner$BuildOperationExecution;)Ljava/lang/Object; (147 bytes) @ 0x000001a4a194f534 [0x000001a4a194e9e0+0x0000000000000b54]
J 6902 c1 org.gradle.internal.operations.DefaultBuildOperationRunner.execute(Lorg/gradle/internal/operations/BuildOperation;Lorg/gradle/internal/operations/BuildOperationWorker;Lorg/gradle/internal/operations/BuildOperationState;)V (23 bytes) @ 0x000001a4a18f2f84 [0x000001a4a18f2ce0+0x00000000000002a4]
J 9603 c1 org.gradle.internal.operations.DefaultBuildOperationRunner.run(Lorg/gradle/internal/operations/RunnableBuildOperation;)V (13 bytes) @ 0x000001a4a1e4b6b4 [0x000001a4a1e4b2e0+0x00000000000003d4]
j  org.gradle.configuration.internal.DefaultListenerBuildOperationDecorator$BuildOperationEmittingAction.execute(Ljava/lang/Object;)V+24
j  org.gradle.internal.event.BroadcastDispatch$ActionInvocationHandler.dispatch(Lorg/gradle/internal/dispatch/MethodInvocation;)V+27
j  org.gradle.internal.event.BroadcastDispatch$ActionInvocationHandler.dispatch(Ljava/lang/Object;)V+5
J 9368 c2 org.gradle.internal.event.AbstractBroadcastDispatch.dispatch(Lorg/gradle/internal/dispatch/MethodInvocation;Lorg/gradle/internal/dispatch/Dispatch;)V (74 bytes) @ 0x000001a4a8d6a35c [0x000001a4a8d69040+0x000000000000131c]
J 5005 c1 org.gradle.internal.event.BroadcastDispatch$SingletonDispatch.dispatch(Ljava/lang/Object;)V (9 bytes) @ 0x000001a4a17af6fc [0x000001a4a17af4c0+0x000000000000023c]
j  org.gradle.internal.event.AbstractBroadcastDispatch.dispatch(Lorg/gradle/internal/dispatch/MethodInvocation;Ljava/util/Iterator;)V+25
J 4551 c1 org.gradle.internal.event.AbstractBroadcastDispatch.dispatch(Lorg/gradle/internal/dispatch/MethodInvocation;Ljava/util/List;)V (65 bytes) @ 0x000001a4a16e77fc [0x000001a4a16e75a0+0x000000000000025c]
j  org.gradle.internal.event.BroadcastDispatch$CompositeDispatch.dispatch(Lorg/gradle/internal/dispatch/MethodInvocation;)V+6
j  org.gradle.internal.event.BroadcastDispatch$CompositeDispatch.dispatch(Ljava/lang/Object;)V+5
J 5563 c1 org.gradle.internal.event.ListenerBroadcast.dispatch(Ljava/lang/Object;)V (9 bytes) @ 0x000001a4a143bdf4 [0x000001a4a143bb40+0x00000000000002b4]
J 6841 c1 org.gradle.internal.dispatch.ProxyDispatchAdapter$DispatchingInvocationHandler.invoke(Ljava/lang/Object;Ljava/lang/reflect/Method;[Ljava/lang/Object;)Ljava/lang/Object; (184 bytes) @ 0x000001a4a18c5454 [0x000001a4a18c3860+0x0000000000001bf4]
j  jdk.proxy1.$Proxy65.afterEvaluate(Lorg/gradle/api/Project;Lorg/gradle/api/ProjectState;)V+20 jdk.proxy1
j  org.gradle.configuration.project.LifecycleProjectEvaluator$NotifyAfterEvaluate$1.execute(Lorg/gradle/api/ProjectEvaluationListener;)V+15
j  org.gradle.configuration.project.LifecycleProjectEvaluator$NotifyAfterEvaluate$1.execute(Ljava/lang/Object;)V+5
j  org.gradle.api.internal.project.DefaultProject.stepEvaluationListener(Lorg/gradle/api/ProjectEvaluationListener;Lorg/gradle/api/Action;)Lorg/gradle/api/ProjectEvaluationListener;+19
j  org.gradle.configuration.project.LifecycleProjectEvaluator$NotifyAfterEvaluate.run(Lorg/gradle/internal/operations/BuildOperationContext;)V+25
J 9604 c1 org.gradle.internal.operations.DefaultBuildOperationRunner$1.execute(Lorg/gradle/internal/operations/BuildOperation;Lorg/gradle/internal/operations/BuildOperationContext;)V (10 bytes) @ 0x000001a4a1e4be24 [0x000001a4a1e4bbc0+0x0000000000000264]
J 7508 c1 org.gradle.internal.operations.DefaultBuildOperationRunner$2.execute(Lorg/gradle/internal/operations/BuildOperationDescriptor;Lorg/gradle/internal/operations/BuildOperationState;Lorg/gradle/internal/operations/BuildOperationState;Lorg/gradle/internal/operations/DefaultBuildOperationRunner$ReadableBuildOperationContext;Lorg/gradle/internal/operations/DefaultBuildOperationRunner$BuildOperationExecutionListener;)Lorg/gradle/internal/operations/BuildOperation; (110 bytes) @ 0x000001a4a1a1d634 [0x000001a4a1a1d440+0x00000000000001f4]
J 7076 c1 org.gradle.internal.operations.DefaultBuildOperationRunner$2.execute(Lorg/gradle/internal/operations/BuildOperationDescriptor;Lorg/gradle/internal/operations/BuildOperationState;Lorg/gradle/internal/operations/BuildOperationState;Lorg/gradle/internal/operations/DefaultBuildOperationRunner$ReadableBuildOperationContext;Lorg/gradle/internal/operations/DefaultBuildOperationRunner$BuildOperationExecutionListener;)Ljava/lang/Object; (12 bytes) @ 0x000001a4a193ae44 [0x000001a4a193adc0+0x0000000000000084]
J 7115 c1 org.gradle.internal.operations.DefaultBuildOperationRunner.execute(Lorg/gradle/internal/operations/BuildOperationDescriptor$Builder;Lorg/gradle/internal/operations/BuildOperationState;Lorg/gradle/internal/operations/DefaultBuildOperationRunner$BuildOperationExecution;)Ljava/lang/Object; (147 bytes) @ 0x000001a4a194f534 [0x000001a4a194e9e0+0x0000000000000b54]
J 6902 c1 org.gradle.internal.operations.DefaultBuildOperationRunner.execute(Lorg/gradle/internal/operations/BuildOperation;Lorg/gradle/internal/operations/BuildOperationWorker;Lorg/gradle/internal/operations/BuildOperationState;)V (23 bytes) @ 0x000001a4a18f2f84 [0x000001a4a18f2ce0+0x00000000000002a4]
J 9603 c1 org.gradle.internal.operations.DefaultBuildOperationRunner.run(Lorg/gradle/internal/operations/RunnableBuildOperation;)V (13 bytes) @ 0x000001a4a1e4b6b4 [0x000001a4a1e4b2e0+0x00000000000003d4]
j  org.gradle.configuration.project.LifecycleProjectEvaluator$EvaluateProject.lambda$run$0(Lorg/gradle/internal/operations/BuildOperationContext;Lorg/gradle/api/internal/project/ProjectInternal;)V+102
j  org.gradle.configuration.project.LifecycleProjectEvaluator$EvaluateProject$$Lambda$842+0x000001a4b86658d0.accept(Ljava/lang/Object;)V+12
j  org.gradle.api.internal.project.DefaultProjectStateRegistry$ProjectStateImpl.lambda$applyToMutableState$1(Ljava/util/function/Consumer;Lorg/gradle/api/internal/project/ProjectInternal;)Ljava/lang/Object;+2
j  org.gradle.api.internal.project.DefaultProjectStateRegistry$ProjectStateImpl$$Lambda$843+0x000001a4b8665b00.apply(Ljava/lang/Object;)Ljava/lang/Object;+8
j  org.gradle.api.internal.project.DefaultProjectStateRegistry$ProjectStateImpl.lambda$fromMutableState$2(Ljava/util/function/Function;)Ljava/lang/Object;+5
j  org.gradle.api.internal.project.DefaultProjectStateRegistry$ProjectStateImpl$$Lambda$844+0x000001a4b8665d40.create()Ljava/lang/Object;+8
j  org.gradle.internal.work.DefaultWorkerLeaseService.withReplacedLocks(Ljava/util/Collection;Lorg/gradle/internal/resources/ResourceLock;Lorg/gradle/internal/Factory;)Ljava/lang/Object;+40
j  org.gradle.api.internal.project.DefaultProjectStateRegistry$ProjectStateImpl.fromMutableState(Ljava/util/function/Function;)Ljava/lang/Object;+132
j  org.gradle.api.internal.project.DefaultProjectStateRegistry$ProjectStateImpl.applyToMutableState(Ljava/util/function/Consumer;)V+7
j  org.gradle.configuration.project.LifecycleProjectEvaluator$EvaluateProject.run(Lorg/gradle/internal/operations/BuildOperationContext;)V+16
j  org.gradle.internal.operations.DefaultBuildOperationRunner$1.execute(Lorg/gradle/internal/operations/RunnableBuildOperation;Lorg/gradle/internal/operations/BuildOperationContext;)V+2
j  org.gradle.internal.operations.DefaultBuildOperationRunner$1.execute(Lorg/gradle/internal/operations/BuildOperation;Lorg/gradle/internal/operations/BuildOperationContext;)V+6
j  org.gradle.internal.operations.DefaultBuildOperationRunner$2.execute(Lorg/gradle/internal/operations/BuildOperationDescriptor;Lorg/gradle/internal/operations/BuildOperationState;Lorg/gradle/internal/operations/BuildOperationState;Lorg/gradle/internal/operations/DefaultBuildOperationRunner$ReadableBuildOperationContext;Lorg/gradle/internal/operations/DefaultBuildOperationRunner$BuildOperationExecutionListener;)Lorg/gradle/internal/operations/BuildOperation;+22
j  org.gradle.internal.operations.DefaultBuildOperationRunner$2.execute(Lorg/gradle/internal/operations/BuildOperationDescriptor;Lorg/gradle/internal/operations/BuildOperationState;Lorg/gradle/internal/operations/BuildOperationState;Lorg/gradle/internal/operations/DefaultBuildOperationRunner$ReadableBuildOperationContext;Lorg/gradle/internal/operations/DefaultBuildOperationRunner$BuildOperationExecutionListener;)Ljava/lang/Object;+8
j  org.gradle.internal.operations.DefaultBuildOperationRunner.execute(Lorg/gradle/internal/operations/BuildOperationDescriptor$Builder;Lorg/gradle/internal/operations/BuildOperationState;Lorg/gradle/internal/operations/DefaultBuildOperationRunner$BuildOperationExecution;)Ljava/lang/Object;+141
j  org.gradle.internal.operations.DefaultBuildOperationRunner.execute(Lorg/gradle/internal/operations/BuildOperation;Lorg/gradle/internal/operations/BuildOperationWorker;Lorg/gradle/internal/operations/BuildOperationState;)V+18
j  org.gradle.internal.operations.DefaultBuildOperationRunner.run(Lorg/gradle/internal/operations/RunnableBuildOperation;)V+9
j  org.gradle.configuration.project.LifecycleProjectEvaluator.evaluate(Lorg/gradle/api/internal/project/ProjectInternal;Lorg/gradle/api/internal/project/ProjectStateInternal;)V+42
j  org.gradle.api.internal.project.DefaultProject.evaluate()Lorg/gradle/api/internal/project/DefaultProject;+9
j  org.gradle.api.internal.project.DefaultProject.evaluate()Lorg/gradle/api/Project;+1
j  org.gradle.api.internal.project.ProjectLifecycleController.lambda$ensureSelfConfigured$2()V+4
j  org.gradle.api.internal.project.ProjectLifecycleController$$Lambda$840+0x000001a4b8664118.run()V+4
j  org.gradle.internal.model.StateTransitionController.lambda$doTransition$14(Ljava/lang/Runnable;)Lorg/gradle/internal/build/ExecutionResult;+1
j  org.gradle.internal.model.StateTransitionController$$Lambda$308+0x000001a4b8336118.get()Ljava/lang/Object;+4
j  org.gradle.internal.model.StateTransitionController.doTransition(Lorg/gradle/internal/model/StateTransitionController$State;Lorg/gradle/internal/model/StateTransitionController$State;Ljava/util/function/Supplier;)Lorg/gradle/internal/build/ExecutionResult;+24
j  org.gradle.internal.model.StateTransitionController.doTransition(Lorg/gradle/internal/model/StateTransitionController$State;Lorg/gradle/internal/model/StateTransitionController$State;Ljava/lang/Runnable;)V+9
j  org.gradle.internal.model.StateTransitionController.lambda$maybeTransitionIfNotCurrentlyTransitioning$10(Lorg/gradle/internal/model/StateTransitionController$State;Lorg/gradle/internal/model/StateTransitionController$State;Ljava/lang/Runnable;)V+16
j  org.gradle.internal.model.StateTransitionController$$Lambda$841+0x000001a4b8664338.run()V+16
j  org.gradle.internal.work.DefaultSynchronizer.withLock(Ljava/lang/Runnable;)V+6
j  org.gradle.internal.model.StateTransitionController.maybeTransitionIfNotCurrentlyTransitioning(Lorg/gradle/internal/model/StateTransitionController$State;Lorg/gradle/internal/model/StateTransitionController$State;Ljava/lang/Runnable;)V+13
j  org.gradle.api.internal.project.ProjectLifecycleController.ensureSelfConfigured()V+16
j  org.gradle.api.internal.project.DefaultProjectStateRegistry$ProjectStateImpl.ensureConfigured()V+19
j  org.gradle.execution.TaskPathProjectEvaluator.configure(Lorg/gradle/api/internal/project/ProjectInternal;)V+6
j  org.gradle.execution.TaskPathProjectEvaluator.configureHierarchy(Lorg/gradle/api/internal/project/ProjectInternal;)V+41
j  org.gradle.configuration.DefaultProjectsPreparer.prepareProjects(Lorg/gradle/api/internal/GradleInternal;)V+29
j  org.gradle.configuration.BuildTreePreparingProjectsPreparer.prepareProjects(Lorg/gradle/api/internal/GradleInternal;)V+114
j  org.gradle.configuration.BuildOperationFiringProjectsPreparer$ConfigureBuild.run(Lorg/gradle/internal/operations/BuildOperationContext;)V+11
j  org.gradle.internal.operations.DefaultBuildOperationRunner$1.execute(Lorg/gradle/internal/operations/RunnableBuildOperation;Lorg/gradle/internal/operations/BuildOperationContext;)V+2
j  org.gradle.internal.operations.DefaultBuildOperationRunner$1.execute(Lorg/gradle/internal/operations/BuildOperation;Lorg/gradle/internal/operations/BuildOperationContext;)V+6
j  org.gradle.internal.operations.DefaultBuildOperationRunner$2.execute(Lorg/gradle/internal/operations/BuildOperationDescriptor;Lorg/gradle/internal/operations/BuildOperationState;Lorg/gradle/internal/operations/BuildOperationState;Lorg/gradle/internal/operations/DefaultBuildOperationRunner$ReadableBuildOperationContext;Lorg/gradle/internal/operations/DefaultBuildOperationRunner$BuildOperationExecutionListener;)Lorg/gradle/internal/operations/BuildOperation;+22
j  org.gradle.internal.operations.DefaultBuildOperationRunner$2.execute(Lorg/gradle/internal/operations/BuildOperationDescriptor;Lorg/gradle/internal/operations/BuildOperationState;Lorg/gradle/internal/operations/BuildOperationState;Lorg/gradle/internal/operations/DefaultBuildOperationRunner$ReadableBuildOperationContext;Lorg/gradle/internal/operations/DefaultBuildOperationRunner$BuildOperationExecutionListener;)Ljava/lang/Object;+8
j  org.gradle.internal.operations.DefaultBuildOperationRunner.execute(Lorg/gradle/internal/operations/BuildOperationDescriptor$Builder;Lorg/gradle/internal/operations/BuildOperationState;Lorg/gradle/internal/operations/DefaultBuildOperationRunner$BuildOperationExecution;)Ljava/lang/Object;+141
j  org.gradle.internal.operations.DefaultBuildOperationRunner.execute(Lorg/gradle/internal/operations/BuildOperation;Lorg/gradle/internal/operations/BuildOperationWorker;Lorg/gradle/internal/operations/BuildOperationState;)V+18
j  org.gradle.internal.operations.DefaultBuildOperationRunner.run(Lorg/gradle/internal/operations/RunnableBuildOperation;)V+9
j  org.gradle.configuration.BuildOperationFiringProjectsPreparer.prepareProjects(Lorg/gradle/api/internal/GradleInternal;)V+13
j  org.gradle.initialization.VintageBuildModelController.lambda$prepareProjects$2()V+8
j  org.gradle.initialization.VintageBuildModelController$$Lambda$737+0x000001a4b85d91f8.run()V+4
j  org.gradle.internal.model.StateTransitionController.lambda$doTransition$14(Ljava/lang/Runnable;)Lorg/gradle/internal/build/ExecutionResult;+1
j  org.gradle.internal.model.StateTransitionController$$Lambda$308+0x000001a4b8336118.get()Ljava/lang/Object;+4
j  org.gradle.internal.model.StateTransitionController.doTransition(Lorg/gradle/internal/model/StateTransitionController$State;Lorg/gradle/internal/model/StateTransitionController$State;Ljava/util/function/Supplier;)Lorg/gradle/internal/build/ExecutionResult;+24
j  org.gradle.internal.model.StateTransitionController.doTransition(Lorg/gradle/internal/model/StateTransitionController$State;Lorg/gradle/internal/model/StateTransitionController$State;Ljava/lang/Runnable;)V+9
j  org.gradle.internal.model.StateTransitionController.lambda$transitionIfNotPreviously$11(Lorg/gradle/internal/model/StateTransitionController$State;Lorg/gradle/internal/model/StateTransitionController$State;Ljava/lang/Runnable;)V+16
j  org.gradle.internal.model.StateTransitionController$$Lambda$307+0x000001a4b8335ef8.run()V+16
j  org.gradle.internal.work.DefaultSynchronizer.withLock(Ljava/lang/Runnable;)V+6
j  org.gradle.internal.model.StateTransitionController.transitionIfNotPreviously(Lorg/gradle/internal/model/StateTransitionController$State;Lorg/gradle/internal/model/StateTransitionController$State;Ljava/lang/Runnable;)V+13
j  org.gradle.initialization.VintageBuildModelController.prepareProjects()V+16
j  org.gradle.initialization.VintageBuildModelController.getConfiguredModel()Lorg/gradle/api/internal/GradleInternal;+5
j  org.gradle.internal.build.DefaultBuildLifecycleController.lambda$withProjectsConfigured$1(Ljava/util/function/Function;)Ljava/lang/Object;+5
j  org.gradle.internal.build.DefaultBuildLifecycleController$$Lambda$304+0x000001a4b8335898.get()Ljava/lang/Object;+8
j  org.gradle.internal.model.StateTransitionController.lambda$notInState$3(Lorg/gradle/internal/model/StateTransitionController$State;Ljava/util/function/Supplier;)Ljava/lang/Object;+11
j  org.gradle.internal.model.StateTransitionController$$Lambda$305+0x000001a4b8335ab8.create()Ljava/lang/Object;+12
j  org.gradle.internal.work.DefaultSynchronizer.withLock(Lorg/gradle/internal/Factory;)Ljava/lang/Object;+6
j  org.gradle.internal.model.StateTransitionController.notInState(Lorg/gradle/internal/model/StateTransitionController$State;Ljava/util/function/Supplier;)Ljava/lang/Object;+12
j  org.gradle.internal.build.DefaultBuildLifecycleController.withProjectsConfigured(Ljava/util/function/Function;)Ljava/lang/Object;+14
j  org.gradle.internal.build.DefaultBuildToolingModelController.locateBuilderForTarget(Ljava/lang/String;Z)Lorg/gradle/tooling/provider/model/internal/ToolingModelScope;+38
j  org.gradle.internal.buildtree.DefaultBuildTreeModelCreator$DefaultBuildTreeModelController.lambda$locateBuilderForTarget$0(Ljava/lang/String;ZLorg/gradle/internal/build/BuildToolingModelController;)Lorg/gradle/tooling/provider/model/internal/ToolingModelScope;+3
j  org.gradle.internal.buildtree.DefaultBuildTreeModelCreator$DefaultBuildTreeModelController$$Lambda$301+0x000001a4b8324bf0.apply(Ljava/lang/Object;)Ljava/lang/Object;+12
j  org.gradle.internal.build.DefaultBuildLifecycleController.withToolingModels(Ljava/util/function/Function;)Ljava/lang/Object;+15
j  org.gradle.internal.build.AbstractBuildState.withToolingModels(Ljava/util/function/Function;)Ljava/lang/Object;+5
j  org.gradle.internal.buildtree.DefaultBuildTreeModelCreator$DefaultBuildTreeModelController.locateBuilderForTarget(Lorg/gradle/internal/build/BuildState;Ljava/lang/String;Z)Lorg/gradle/tooling/provider/model/internal/ToolingModelScope;+8
j  org.gradle.internal.buildtree.DefaultBuildTreeModelCreator$DefaultBuildTreeModelController.locateBuilderForDefaultTarget(Ljava/lang/String;Z)Lorg/gradle/tooling/provider/model/internal/ToolingModelScope;+10
j  org.gradle.tooling.internal.provider.runner.BuildModelActionRunner$ModelCreateAction.fromBuildModel(Lorg/gradle/internal/buildtree/BuildTreeModelController;)Ljava/lang/Object;+11
j  org.gradle.internal.buildtree.DefaultBuildTreeModelCreator.fromBuildModel(Lorg/gradle/internal/buildtree/BuildTreeModelAction;)Ljava/lang/Object;+10
j  org.gradle.internal.buildtree.DefaultBuildTreeLifecycleController.lambda$fromBuildModel$2(Lorg/gradle/internal/buildtree/BuildTreeModelAction;Z)Lorg/gradle/internal/build/ExecutionResult;+57
j  org.gradle.internal.buildtree.DefaultBuildTreeLifecycleController$$Lambda$297+0x000001a4b8325470.get()Ljava/lang/Object;+12
j  org.gradle.internal.buildtree.DefaultBuildTreeLifecycleController.lambda$runBuild$4(Ljava/util/function/Supplier;)Ljava/lang/Object;+1
j  org.gradle.internal.buildtree.DefaultBuildTreeLifecycleController$$Lambda$298+0x000001a4b8325690.get()Ljava/lang/Object;+8
j  org.gradle.internal.model.StateTransitionController.lambda$transition$6(Ljava/util/function/Supplier;)Lorg/gradle/internal/build/ExecutionResult;+1
j  org.gradle.internal.model.StateTransitionController$$Lambda$300+0x000001a4b8325ad0.get()Ljava/lang/Object;+4
j  org.gradle.internal.model.StateTransitionController.doTransition(Lorg/gradle/internal/model/StateTransitionController$State;Lorg/gradle/internal/model/StateTransitionController$State;Ljava/util/function/Supplier;)Lorg/gradle/internal/build/ExecutionResult;+24
j  org.gradle.internal.model.StateTransitionController.lambda$transition$7(Lorg/gradle/internal/model/StateTransitionController$State;Lorg/gradle/internal/model/StateTransitionController$State;Ljava/util/function/Supplier;)Ljava/lang/Object;+9
j  org.gradle.internal.model.StateTransitionController$$Lambda$299+0x000001a4b83258b0.create()Ljava/lang/Object;+16
j  org.gradle.internal.work.DefaultSynchronizer.withLock(Lorg/gradle/internal/Factory;)Ljava/lang/Object;+6
j  org.gradle.internal.model.StateTransitionController.transition(Lorg/gradle/internal/model/StateTransitionController$State;Lorg/gradle/internal/model/StateTransitionController$State;Ljava/util/function/Supplier;)Ljava/lang/Object;+13
j  org.gradle.internal.buildtree.DefaultBuildTreeLifecycleController.runBuild(Ljava/util/function/Supplier;)Ljava/lang/Object;+17
j  org.gradle.internal.buildtree.DefaultBuildTreeLifecycleController.fromBuildModel(ZLorg/gradle/internal/buildtree/BuildTreeModelAction;)Ljava/lang/Object;+9
j  org.gradle.tooling.internal.provider.runner.BuildModelActionRunner.run(Lorg/gradle/internal/invocation/BuildAction;Lorg/gradle/internal/buildtree/BuildTreeLifecycleController;)Lorg/gradle/internal/buildtree/BuildActionRunner$Result;+40
j  org.gradle.launcher.exec.ChainingBuildActionRunner.run(Lorg/gradle/internal/invocation/BuildAction;Lorg/gradle/internal/buildtree/BuildTreeLifecycleController;)Lorg/gradle/internal/buildtree/BuildActionRunner$Result;+34
j  org.gradle.internal.buildtree.ProblemReportingBuildActionRunner.run(Lorg/gradle/internal/invocation/BuildAction;Lorg/gradle/internal/buildtree/BuildTreeLifecycleController;)Lorg/gradle/internal/buildtree/BuildActionRunner$Result;+12
j  org.gradle.launcher.exec.BuildOutcomeReportingBuildActionRunner.run(Lorg/gradle/internal/invocation/BuildAction;Lorg/gradle/internal/buildtree/BuildTreeLifecycleController;)Lorg/gradle/internal/buildtree/BuildActionRunner$Result;+69
j  org.gradle.tooling.internal.provider.FileSystemWatchingBuildActionRunner.run(Lorg/gradle/internal/invocation/BuildAction;Lorg/gradle/internal/buildtree/BuildTreeLifecycleController;)Lorg/gradle/internal/buildtree/BuildActionRunner$Result;+335
j  org.gradle.launcher.exec.BuildCompletionNotifyingBuildActionRunner.run(Lorg/gradle/internal/invocation/BuildAction;Lorg/gradle/internal/buildtree/BuildTreeLifecycleController;)Lorg/gradle/internal/buildtree/BuildActionRunner$Result;+6
j  org.gradle.launcher.exec.RootBuildLifecycleBuildActionExecutor.lambda$execute$0(Lorg/gradle/internal/invocation/BuildAction;Lorg/gradle/internal/buildtree/BuildTreeLifecycleController;)Lorg/gradle/internal/buildtree/BuildActionRunner$Result;+6
j  org.gradle.launcher.exec.RootBuildLifecycleBuildActionExecutor$$Lambda$268+0x000001a4b8310420.apply(Ljava/lang/Object;)Ljava/lang/Object;+12
j  org.gradle.composite.internal.DefaultRootBuildState.run(Ljava/util/function/Function;)Ljava/lang/Object;+87
j  org.gradle.launcher.exec.RootBuildLifecycleBuildActionExecutor.execute(Lorg/gradle/internal/invocation/BuildAction;Lorg/gradle/internal/buildtree/BuildTreeContext;)Lorg/gradle/internal/buildtree/BuildActionRunner$Result;+28
j  org.gradle.internal.buildtree.InitDeprecationLoggingActionExecutor.execute(Lorg/gradle/internal/invocation/BuildAction;Lorg/gradle/internal/buildtree/BuildTreeContext;)Lorg/gradle/internal/buildtree/BuildActionRunner$Result;+83
j  org.gradle.internal.buildtree.InitProblems.execute(Lorg/gradle/internal/invocation/BuildAction;Lorg/gradle/internal/buildtree/BuildTreeContext;)Lorg/gradle/internal/buildtree/BuildActionRunner$Result;+13
j  org.gradle.internal.buildtree.DefaultBuildTreeContext.execute(Lorg/gradle/internal/invocation/BuildAction;)Lorg/gradle/internal/buildtree/BuildActionRunner$Result;+64
j  org.gradle.launcher.exec.BuildTreeLifecycleBuildActionExecutor.lambda$execute$0(Lorg/gradle/internal/invocation/BuildAction;Lorg/gradle/internal/buildtree/BuildTreeContext;)Lorg/gradle/internal/buildtree/BuildActionRunner$Result;+2
j  org.gradle.launcher.exec.BuildTreeLifecycleBuildActionExecutor$$Lambda$209+0x000001a4b826a778.apply(Ljava/lang/Object;)Ljava/lang/Object;+8
j  org.gradle.internal.buildtree.BuildTreeState.run(Ljava/util/function/Function;)Ljava/lang/Object;+45
j  org.gradle.launcher.exec.BuildTreeLifecycleBuildActionExecutor.execute(Lorg/gradle/internal/invocation/BuildAction;Lorg/gradle/internal/session/BuildSessionContext;)Lorg/gradle/internal/buildtree/BuildActionRunner$Result;+74
j  org.gradle.launcher.exec.RunAsBuildOperationBuildActionExecutor$3.call(Lorg/gradle/internal/operations/BuildOperationContext;)Lorg/gradle/internal/buildtree/BuildActionRunner$Result;+25
j  org.gradle.launcher.exec.RunAsBuildOperationBuildActionExecutor$3.call(Lorg/gradle/internal/operations/BuildOperationContext;)Ljava/lang/Object;+2
j  org.gradle.internal.operations.DefaultBuildOperationRunner$CallableBuildOperationWorker.execute(Lorg/gradle/internal/operations/CallableBuildOperation;Lorg/gradle/internal/operations/BuildOperationContext;)V+3
j  org.gradle.internal.operations.DefaultBuildOperationRunner$CallableBuildOperationWorker.execute(Lorg/gradle/internal/operations/BuildOperation;Lorg/gradle/internal/operations/BuildOperationContext;)V+6
j  org.gradle.internal.operations.DefaultBuildOperationRunner$2.execute(Lorg/gradle/internal/operations/BuildOperationDescriptor;Lorg/gradle/internal/operations/BuildOperationState;Lorg/gradle/internal/operations/BuildOperationState;Lorg/gradle/internal/operations/DefaultBuildOperationRunner$ReadableBuildOperationContext;Lorg/gradle/internal/operations/DefaultBuildOperationRunner$BuildOperationExecutionListener;)Lorg/gradle/internal/operations/BuildOperation;+22
j  org.gradle.internal.operations.DefaultBuildOperationRunner$2.execute(Lorg/gradle/internal/operations/BuildOperationDescriptor;Lorg/gradle/internal/operations/BuildOperationState;Lorg/gradle/internal/operations/BuildOperationState;Lorg/gradle/internal/operations/DefaultBuildOperationRunner$ReadableBuildOperationContext;Lorg/gradle/internal/operations/DefaultBuildOperationRunner$BuildOperationExecutionListener;)Ljava/lang/Object;+8
j  org.gradle.internal.operations.DefaultBuildOperationRunner.execute(Lorg/gradle/internal/operations/BuildOperationDescriptor$Builder;Lorg/gradle/internal/operations/BuildOperationState;Lorg/gradle/internal/operations/DefaultBuildOperationRunner$BuildOperationExecution;)Ljava/lang/Object;+141
j  org.gradle.internal.operations.DefaultBuildOperationRunner.execute(Lorg/gradle/internal/operations/BuildOperation;Lorg/gradle/internal/operations/BuildOperationWorker;Lorg/gradle/internal/operations/BuildOperationState;)V+18
j  org.gradle.internal.operations.DefaultBuildOperationRunner.call(Lorg/gradle/internal/operations/CallableBuildOperation;)Ljava/lang/Object;+16
j  org.gradle.launcher.exec.RunAsBuildOperationBuildActionExecutor.execute(Lorg/gradle/internal/invocation/BuildAction;Lorg/gradle/internal/session/BuildSessionContext;)Lorg/gradle/internal/buildtree/BuildActionRunner$Result;+23
j  org.gradle.launcher.exec.RunAsWorkerThreadBuildActionExecutor.lambda$execute$0(Lorg/gradle/internal/invocation/BuildAction;Lorg/gradle/internal/session/BuildSessionContext;)Lorg/gradle/internal/buildtree/BuildActionRunner$Result;+6
j  org.gradle.launcher.exec.RunAsWorkerThreadBuildActionExecutor$$Lambda$202+0x000001a4b82425f0.create()Ljava/lang/Object;+12
j  org.gradle.internal.work.DefaultWorkerLeaseService.withLocks(Ljava/util/Collection;Lorg/gradle/internal/Factory;)Ljava/lang/Object;+28
j  org.gradle.internal.work.DefaultWorkerLeaseService.runAsWorkerThread(Lorg/gradle/internal/Factory;)Ljava/lang/Object;+33
j  org.gradle.launcher.exec.RunAsWorkerThreadBuildActionExecutor.execute(Lorg/gradle/internal/invocation/BuildAction;Lorg/gradle/internal/session/BuildSessionContext;)Lorg/gradle/internal/buildtree/BuildActionRunner$Result;+12
j  org.gradle.tooling.internal.provider.continuous.ContinuousBuildActionExecutor.execute(Lorg/gradle/internal/invocation/BuildAction;Lorg/gradle/internal/session/BuildSessionContext;)Lorg/gradle/internal/buildtree/BuildActionRunner$Result;+58
j  org.gradle.tooling.internal.provider.SubscribableBuildActionExecutor.execute(Lorg/gradle/internal/invocation/BuildAction;Lorg/gradle/internal/session/BuildSessionContext;)Lorg/gradle/internal/buildtree/BuildActionRunner$Result;+30
j  org.gradle.internal.session.DefaultBuildSessionContext.execute(Lorg/gradle/internal/invocation/BuildAction;)Lorg/gradle/internal/buildtree/BuildActionRunner$Result;+64
j  org.gradle.tooling.internal.provider.BuildSessionLifecycleBuildActionExecuter$ActionImpl.apply(Lorg/gradle/internal/session/BuildSessionContext;)Lorg/gradle/launcher/exec/BuildActionResult;+6
j  org.gradle.tooling.internal.provider.BuildSessionLifecycleBuildActionExecuter$ActionImpl.apply(Ljava/lang/Object;)Ljava/lang/Object;+5
j  org.gradle.internal.session.BuildSessionState.run(Ljava/util/function/Function;)Ljava/lang/Object;+5
j  org.gradle.tooling.internal.provider.BuildSessionLifecycleBuildActionExecuter.execute(Lorg/gradle/internal/invocation/BuildAction;Lorg/gradle/launcher/exec/BuildActionParameters;Lorg/gradle/initialization/BuildRequestContext;)Lorg/gradle/launcher/exec/BuildActionResult;+95
j  org.gradle.tooling.internal.provider.BuildSessionLifecycleBuildActionExecuter.execute(Lorg/gradle/internal/invocation/BuildAction;Ljava/lang/Object;Ljava/lang/Object;)Lorg/gradle/launcher/exec/BuildActionResult;+10
j  org.gradle.tooling.internal.provider.StartParamsValidatingActionExecuter.execute(Lorg/gradle/internal/invocation/BuildAction;Lorg/gradle/launcher/exec/BuildActionParameters;Lorg/gradle/initialization/BuildRequestContext;)Lorg/gradle/launcher/exec/BuildActionResult;+203
j  org.gradle.tooling.internal.provider.StartParamsValidatingActionExecuter.execute(Lorg/gradle/internal/invocation/BuildAction;Ljava/lang/Object;Ljava/lang/Object;)Lorg/gradle/launcher/exec/BuildActionResult;+10
j  org.gradle.tooling.internal.provider.SessionFailureReportingActionExecuter.execute(Lorg/gradle/internal/invocation/BuildAction;Lorg/gradle/launcher/exec/BuildActionParameters;Lorg/gradle/initialization/BuildRequestContext;)Lorg/gradle/launcher/exec/BuildActionResult;+7
j  org.gradle.tooling.internal.provider.SessionFailureReportingActionExecuter.execute(Lorg/gradle/internal/invocation/BuildAction;Ljava/lang/Object;Ljava/lang/Object;)Lorg/gradle/launcher/exec/BuildActionResult;+10
j  org.gradle.tooling.internal.provider.SetupLoggingActionExecuter.execute(Lorg/gradle/internal/invocation/BuildAction;Lorg/gradle/launcher/exec/BuildActionParameters;Lorg/gradle/initialization/BuildRequestContext;)Lorg/gradle/launcher/exec/BuildActionResult;+50
j  org.gradle.tooling.internal.provider.SetupLoggingActionExecuter.execute(Lorg/gradle/internal/invocation/BuildAction;Ljava/lang/Object;Ljava/lang/Object;)Lorg/gradle/launcher/exec/BuildActionResult;+10
j  org.gradle.launcher.daemon.server.exec.ExecuteBuild.doBuild(Lorg/gradle/launcher/daemon/server/api/DaemonCommandExecution;Lorg/gradle/launcher/daemon/protocol/Build;)V+117
j  org.gradle.launcher.daemon.server.exec.BuildCommandOnly.execute(Lorg/gradle/launcher/daemon/server/api/DaemonCommandExecution;)V+49
j  org.gradle.launcher.daemon.server.api.DaemonCommandExecution.proceed()Z+23
j  org.gradle.launcher.daemon.server.exec.WatchForDisconnection.execute(Lorg/gradle/launcher/daemon/server/api/DaemonCommandExecution;)V+19
j  org.gradle.launcher.daemon.server.api.DaemonCommandExecution.proceed()Z+23
j  org.gradle.launcher.daemon.server.exec.ResetDeprecationLogger.execute(Lorg/gradle/launcher/daemon/server/api/DaemonCommandExecution;)V+7
j  org.gradle.launcher.daemon.server.api.DaemonCommandExecution.proceed()Z+23
j  org.gradle.launcher.daemon.server.exec.RequestStopIfSingleUsedDaemon.execute(Lorg/gradle/launcher/daemon/server/api/DaemonCommandExecution;)V+33
j  org.gradle.launcher.daemon.server.api.DaemonCommandExecution.proceed()Z+23
j  org.gradle.launcher.daemon.server.exec.ForwardClientInput.lambda$execute$0(Lorg/gradle/launcher/daemon/server/api/DaemonCommandExecution;Lorg/gradle/launcher/daemon/server/api/StdinHandler;)Ljava/lang/Object;+11
j  org.gradle.launcher.daemon.server.exec.ForwardClientInput$$Lambda$107+0x000001a4b813a8c8.apply(Ljava/lang/Object;)Ljava/lang/Object;+8
j  org.gradle.launcher.daemon.server.clientinput.ClientInputForwarder.forwardInput(Ljava/util/function/Function;)Ljava/lang/Object;+60
j  org.gradle.launcher.daemon.server.exec.ForwardClientInput.execute(Lorg/gradle/launcher/daemon/server/api/DaemonCommandExecution;)V+10
j  org.gradle.launcher.daemon.server.api.DaemonCommandExecution.proceed()Z+23
j  org.gradle.launcher.daemon.server.exec.LogAndCheckHealth.execute(Lorg/gradle/launcher/daemon/server/api/DaemonCommandExecution;)V+51
j  org.gradle.launcher.daemon.server.api.DaemonCommandExecution.proceed()Z+23
j  org.gradle.launcher.daemon.server.exec.LogToClient.doBuild(Lorg/gradle/launcher/daemon/server/api/DaemonCommandExecution;Lorg/gradle/launcher/daemon/protocol/Build;)V+87
j  org.gradle.launcher.daemon.server.exec.BuildCommandOnly.execute(Lorg/gradle/launcher/daemon/server/api/DaemonCommandExecution;)V+49
j  org.gradle.launcher.daemon.server.api.DaemonCommandExecution.proceed()Z+23
j  org.gradle.launcher.daemon.server.exec.EstablishBuildEnvironment.doBuild(Lorg/gradle/launcher/daemon/server/api/DaemonCommandExecution;Lorg/gradle/launcher/daemon/protocol/Build;)V+356
j  org.gradle.launcher.daemon.server.exec.BuildCommandOnly.execute(Lorg/gradle/launcher/daemon/server/api/DaemonCommandExecution;)V+49
j  org.gradle.launcher.daemon.server.api.DaemonCommandExecution.proceed()Z+23
j  org.gradle.launcher.daemon.server.exec.StartBuildOrRespondWithBusy$1.run()V+44
j  org.gradle.launcher.daemon.server.DaemonStateCoordinator$1.run()V+4
j  org.gradle.internal.concurrent.ExecutorPolicy$CatchAndRecordFailures.onExecute(Ljava/lang/Runnable;)V+1
j  org.gradle.internal.concurrent.AbstractManagedExecutor$1.run()V+25
j  java.util.concurrent.ThreadPoolExecutor.runWorker(Ljava/util/concurrent/ThreadPoolExecutor$Worker;)V+92 java.base@17.0.11
j  java.util.concurrent.ThreadPoolExecutor$Worker.run()V+5 java.base@17.0.11
j  java.lang.Thread.run()V+11 java.base@17.0.11
v  ~StubRoutines::call_stub

Compiled method (n/a)  205238 2826     n 0       java.lang.ClassLoader::defineClass0 (native)
 total in heap  [0x000001a4a8a15510,0x000001a4a8a15a18] = 1288
 relocation     [0x000001a4a8a15668,0x000001a4a8a156a0] = 56
 main code      [0x000001a4a8a156a0,0x000001a4a8a15a18] = 888

[Constant Pool (empty)]

[MachCode]
[Entry Point]
  # {method} {0x000001a4b70114a0} 'defineClass0' '(Ljava/lang/ClassLoader;Ljava/lang/Class;Ljava/lang/String;[BIILjava/security/ProtectionDomain;ZILjava/lang/Object;)Ljava/lang/Class;' in 'java/lang/ClassLoader'
  # parm0:    rdx:rdx   = 'java/lang/ClassLoader'
  # parm1:    r8:r8     = 'java/lang/Class'
  # parm2:    r9:r9     = 'java/lang/String'
  # parm3:    rdi:rdi   = '[B'
  # parm4:    rsi       = int
  # parm5:    rcx       = int
  # parm6:    [sp+0xb0]   = 'java/security/ProtectionDomain'  (sp of caller)
  # parm7:    [sp+0xb8]   = boolean
  # parm8:    [sp+0xc0]   = int
  # parm9:    [sp+0xc8]   = 'java/lang/Object'
  0x000001a4a8a156a0: 448b 5208 | 49bb 0000 | 00b7 a401 | 0000 4d03 | d349 3bc2 | 0f84 0600 

  0x000001a4a8a156b8: ;   {runtime_call ic_miss_stub}
  0x000001a4a8a156b8: 0000 e9c1 | b993 ff90 
[Verified Entry Point]
  0x000001a4a8a156c0: 8984 2400 | 90ff ff55 | 488b ec48 | 81ec a000 | 0000 4881 | 7d28 0000 | 0000 488d | 4528 480f 
  0x000001a4a8a156e0: 4445 2848 | 8944 2458 | 4863 4520 | 4889 4424 | 5048 6345 | 1848 8944 | 2448 4881 | 7d10 0000 
  0x000001a4a8a15700: 0000 488d | 4510 480f | 4445 1048 | 8944 2440 | 4889 4c24 | 3848 8974 | 2430 4889 | 7c24 7848 
  0x000001a4a8a15720: 83ff 0048 | 8d44 2478 | 480f 4444 | 2478 4889 | 4424 284c | 894c 2470 | 4983 f900 | 488d 4424 
  0x000001a4a8a15740: 7048 0f44 | 4424 7048 | 8944 2420 | 4c89 4424 | 6849 83f8 | 004c 8d4c | 2468 4c0f | 444c 2468 
  0x000001a4a8a15760: 4889 5424 | 6048 83fa | 004c 8d44 | 2460 4c0f | 4444 2460 

  0x000001a4a8a15774: ;   {oop(a 'java/lang/Class'{0x00000000800ebce8} = 'java/lang/ClassLoader')}
  0x000001a4a8a15774: 49be e8bc | 0e80 0000 | 0000 4c89 | b424 9000 | 0000 4c8d | b424 9000 | 0000 498b | d6c5 f877 
  0x000001a4a8a15794: ;   {internal_word}
  0x000001a4a8a15794: 49ba 9157 | a1a8 a401 | 0000 4d89 | 97a0 0200 | 0049 89a7 | 9802 0000 

  0x000001a4a8a157ac: ;   {external_word}
  0x000001a4a8a157ac: 49ba 5835 | 1fa2 fb7f | 0000 4180 | 3a00 0f84 | 5200 0000 | 5241 5041 

  0x000001a4a8a157c4: ;   {metadata({method} {0x000001a4b70114a0} 'defineClass0' '(Ljava/lang/ClassLoader;Ljava/lang/Class;Ljava/lang/String;[BIILjava/security/ProtectionDomain;ZILjava/lang/Object;)Ljava/lang/Class;' in 'java/lang/ClassLoader')}
  0x000001a4a8a157c4: 5148 ba98 | 1401 b7a4 | 0100 0049 | 8bcf 4883 | ec20 f7c4 | 0f00 0000 | 0f84 1a00 | 0000 4883 
  0x000001a4a8a157e4: ;   {runtime_call}
  0x000001a4a8a157e4: ec08 49ba | 6031 d5a1 | fb7f 0000 | 41ff d248 | 83c4 08e9 | 0d00 0000 

  0x000001a4a8a157fc: ;   {runtime_call}
  0x000001a4a8a157fc: 49ba 6031 | d5a1 fb7f | 0000 41ff | d248 83c4 | 2041 5941 | 585a 498d | 8fb8 0200 | 0041 c787 
  0x000001a4a8a1581c: 4803 0000 | 0400 0000 

  0x000001a4a8a15824: ;   {runtime_call}
  0x000001a4a8a15824: 49ba 1c15 | b305 fc7f | 0000 41ff | d2c5 f877 | 41c7 8748 | 0300 0005 | 0000 00f0 | 8344 24c0 
  0x000001a4a8a15844: 0049 3baf | 5003 0000 | 0f87 1100 | 0000 4181 | bf38 0300 | 0000 0000 | 000f 842c | 0000 00c5 
  0x000001a4a8a15864: f877 4889 | 45f8 498b | cf4c 8be4 | 4883 ec20 | 4883 e4f0 

  0x000001a4a8a15878: ;   {runtime_call}
  0x000001a4a8a15878: 49ba c045 | e5a1 fb7f | 0000 41ff | d249 8be4 | 4d33 e448 | 8b45 f841 | c787 4803 | 0000 0800 
  0x000001a4a8a15898: 0000 4181 | bfb8 0300 | 0002 0000 | 000f 843f 

  0x000001a4a8a158a8: ;   {external_word}
  0x000001a4a8a158a8: 0100 0049 | ba58 351f | a2fb 7f00 | 0041 803a | 000f 8450 | 0000 0048 

  0x000001a4a8a158c0: ;   {metadata({method} {0x000001a4b70114a0} 'defineClass0' '(Ljava/lang/ClassLoader;Ljava/lang/Class;Ljava/lang/String;[BIILjava/security/ProtectionDomain;ZILjava/lang/Object;)Ljava/lang/Class;' in 'java/lang/ClassLoader')}
  0x000001a4a8a158c0: 8945 f848 | ba98 1401 | b7a4 0100 | 0049 8bcf | 4883 ec20 | f7c4 0f00 | 0000 0f84 | 1a00 0000 
  0x000001a4a8a158e0: 4883 ec08 

  0x000001a4a8a158e4: ;   {runtime_call}
  0x000001a4a8a158e4: 49ba 6031 | d5a1 fb7f | 0000 41ff | d248 83c4 | 08e9 0d00 

  0x000001a4a8a158f8: ;   {runtime_call}
  0x000001a4a8a158f8: 0000 49ba | 6031 d5a1 | fb7f 0000 | 41ff d248 | 83c4 2048 | 8b45 f849 | c787 9802 | 0000 0000 
  0x000001a4a8a15918: 0000 49c7 | 87a0 0200 | 0000 0000 | 00c5 f877 | 4885 c00f | 8493 0000 | 0048 f7c0 | 0100 0000 
  0x000001a4a8a15938: 0f84 8300 | 0000 488b | 40ff 4180 | 7f38 000f | 846f 0000 | 0048 83f8 | 000f 8465 | 0000 0049 
  0x000001a4a8a15958: 8b4f 2048 | 83f9 000f | 8414 0000 | 0048 83e9 | 0849 894f | 2049 034f | 3048 8901 | e943 0000 
  0x000001a4a8a15978: 0050 498b | d748 8bc8 | 4883 ec20 | f7c4 0f00 | 0000 0f84 | 1a00 0000 | 4883 ec08 

  0x000001a4a8a15994: ;   {runtime_call}
  0x000001a4a8a15994: 49ba 604d | 94a1 fb7f | 0000 41ff | d248 83c4 | 08e9 0d00 

  0x000001a4a8a159a8: ;   {runtime_call}
  0x000001a4a8a159a8: 0000 49ba | 604d 94a1 | fb7f 0000 | 41ff d248 | 83c4 2058 | e903 0000 | 0048 8b00 | 498b 8fd8 
  0x000001a4a8a159c8: 0000 00c7 | 8100 0100 | 0000 0000 | 00c9 4981 | 7f08 0000 | 0000 0f85 | 0100 0000 

  0x000001a4a8a159e4: ;   {runtime_call StubRoutines (1)}
  0x000001a4a8a159e4: c3e9 16b5 | 8eff c5f8 | 7748 8945 | f84c 8be4 | 4883 ec20 | 4883 e4f0 

  0x000001a4a8a159fc: ;   {runtime_call}
  0x000001a4a8a159fc: 49ba e061 | d5a1 fb7f | 0000 41ff | d249 8be4 | 4d33 e448 | 8b45 f8e9 | 93fe ffff 
[/MachCode]


Compiled method (c1)  205256 2825       3       java.lang.System$2::defineClass (21 bytes)
 total in heap  [0x000001a4a1399310,0x000001a4a1399700] = 1008
 relocation     [0x000001a4a1399468,0x000001a4a13994a8] = 64
 main code      [0x000001a4a13994c0,0x000001a4a1399600] = 320
 stub code      [0x000001a4a1399600,0x000001a4a1399648] = 72
 metadata       [0x000001a4a1399648,0x000001a4a1399650] = 8
 scopes data    [0x000001a4a1399650,0x000001a4a1399698] = 72
 scopes pcs     [0x000001a4a1399698,0x000001a4a13996e8] = 80
 dependencies   [0x000001a4a13996e8,0x000001a4a13996f0] = 8
 nul chk table  [0x000001a4a13996f0,0x000001a4a1399700] = 16

[Constant Pool (empty)]

[MachCode]
[Entry Point]
  # {method} {0x000001a4b701e6e0} 'defineClass' '(Ljava/lang/ClassLoader;Ljava/lang/Class;Ljava/lang/String;[BLjava/security/ProtectionDomain;ZILjava/lang/Object;)Ljava/lang/Class;' in 'java/lang/System$2'
  # this:     rdx:rdx   = 'java/lang/System$2'
  # parm0:    r8:r8     = 'java/lang/ClassLoader'
  # parm1:    r9:r9     = 'java/lang/Class'
  # parm2:    rdi:rdi   = 'java/lang/String'
  # parm3:    rsi:rsi   = '[B'
  # parm4:    rcx:rcx   = 'java/security/ProtectionDomain'
  # parm5:    [sp+0x70]   = boolean  (sp of caller)
  # parm6:    [sp+0x78]   = int
  # parm7:    [sp+0x80]   = 'java/lang/Object'
  0x000001a4a13994c0: 448b 5208 | 49bb 0000 | 00b7 a401 | 0000 4d03 | d34c 3bd0 

  0x000001a4a13994d4: ;   {runtime_call ic_miss_stub}
  0x000001a4a13994d4: 0f85 a67b | fb06 660f | 1f44 0000 
[Verified Entry Point]
  0x000001a4a13994e0: 8984 2400 | 90ff ff55 | 4883 ec60 

  0x000001a4a13994ec: ;   {metadata(method data for {method} {0x000001a4b701e6e0} 'defineClass' '(Ljava/lang/ClassLoader;Ljava/lang/Class;Ljava/lang/String;[BLjava/security/ProtectionDomain;ZILjava/lang/Object;)Ljava/lang/Class;' in 'java/lang/System$2')}
  0x000001a4a13994ec: 488b d948 | b9d0 ac2b | f8a4 0100 | 008b 81cc | 0000 0083 | c002 8981 | cc00 0000 | 81e0 fe07 
  0x000001a4a139950c: 0000 83f8 | 000f 8468 | 0000 004c | 8bac 2480 | 0000 0044 | 8b5c 2478 | 8b44 2470 

  0x000001a4a1399528: ; implicit exception: dispatches to 0x000001a4a13995a0
                      ;   {metadata(method data for {method} {0x000001a4b701e6e0} 'defineClass' '(Ljava/lang/ClassLoader;Ljava/lang/Class;Ljava/lang/String;[BLjava/security/ProtectionDomain;ZILjava/lang/Object;)Ljava/lang/Class;' in 'java/lang/System$2')}
  0x000001a4a1399528: 8b4e 0c48 | bad0 ac2b | f8a4 0100 | 0048 8382 | 1001 0000 | 0149 8bd0 | 4d8b c14c | 8bcf 488b 
  0x000001a4a1399548: febe 0000 | 0000 4889 | 1c24 8944 | 2408 4489 | 5c24 104c | 896c 2418 | 0f1f 8000 

  0x000001a4a1399564: ;   {static_call}
  0x000001a4a1399564: 0000 00e8 

  0x000001a4a1399568: ; ImmutableOopMap {}
                      ;*invokestatic defineClass0 {reexecute=0 rethrow=0 return_oop=0}
                      ; - java.lang.System$2::defineClass@17 (line 2311)
  0x000001a4a1399568: 54c1 6707 | 4883 c460 

  0x000001a4a1399570: ;   {poll_return}
  0x000001a4a1399570: 5d49 3ba7 | 5003 0000 | 0f87 2700 

  0x000001a4a139957c: ;   {metadata({method} {0x000001a4b701e6e0} 'defineClass' '(Ljava/lang/ClassLoader;Ljava/lang/Class;Ljava/lang/String;[BLjava/security/ProtectionDomain;ZILjava/lang/Object;)Ljava/lang/Class;' in 'java/lang/System$2')}
  0x000001a4a139957c: 0000 c349 | bad8 e601 | b7a4 0100 | 004c 8954 | 2408 48c7 | 0424 ffff 

  0x000001a4a1399594: ;   {runtime_call counter_overflow Runtime1 stub}
  0x000001a4a1399594: ffff e8e5 

  0x000001a4a1399598: ; ImmutableOopMap {rdx=Oop r8=Oop r9=Oop rdi=Oop rsi=Oop rbx=Oop [128]=Oop }
                      ;*synchronization entry
                      ; - java.lang.System$2::defineClass@-1 (line 2311)
  0x000001a4a1399598: 0a07 07e9 | 77ff ffff 

  0x000001a4a13995a0: ;   {runtime_call throw_null_pointer_exception Runtime1 stub}
  0x000001a4a13995a0: e8fb b906 

  0x000001a4a13995a4: ; ImmutableOopMap {r8=Oop r9=Oop rdi=Oop rsi=Oop rbx=Oop r13=Oop [128]=Oop }
                      ;*arraylength {reexecute=0 rethrow=0 return_oop=0}
                      ; - java.lang.System$2::defineClass@8 (line 2311)
                      ;   {internal_word}
  0x000001a4a13995a4: 0749 ba71 | 9539 a1a4 | 0100 004d | 8997 6803 

  0x000001a4a13995b4: ;   {runtime_call SafepointBlob}
  0x000001a4a13995b4: 0000 e945 | e4fb 0690 | 9049 8b87 | e003 0000 | 49c7 87e0 | 0300 0000 | 0000 0049 | c787 e803 
  0x000001a4a13995d4: 0000 0000 | 0000 4883 

  0x000001a4a13995dc: ;   {runtime_call unwind_exception Runtime1 stub}
  0x000001a4a13995dc: c460 5de9 | 9caa 0607 | f4f4 f4f4 | f4f4 f4f4 | f4f4 f4f4 | f4f4 f4f4 | f4f4 f4f4 | f4f4 f4f4 
  0x000001a4a13995fc: f4f4 f4f4 
[Stub Code]
  0x000001a4a1399600: ;   {no_reloc}
  0x000001a4a1399600: 0f1f 4400 

  0x000001a4a1399604: ;   {static_stub}
  0x000001a4a1399604: 0048 bb00 | 0000 0000 

  0x000001a4a139960c: ;   {runtime_call}
  0x000001a4a139960c: 0000 00e9 | fbff ffff 
[Exception Handler]
  0x000001a4a1399614: ;   {runtime_call handle_exception_from_callee Runtime1 stub}
  0x000001a4a1399614: e867 d706 

  0x000001a4a1399618: ;   {external_word}
  0x000001a4a1399618: 0748 b930 | 9af9 a1fb | 7f00 0048 

  0x000001a4a1399624: ;   {runtime_call}
  0x000001a4a1399624: 83e4 f049 | ba40 2bc2 | a1fb 7f00 | 0041 ffd2 

  0x000001a4a1399634: ;   {section_word}
  0x000001a4a1399634: f449 ba35 | 9639 a1a4 | 0100 0041 

  0x000001a4a1399640: ;   {runtime_call DeoptimizationBlob}
  0x000001a4a1399640: 52e9 5ad6 | fb06 f4f4 
[/MachCode]


Compiled method (c1)  205278 2824       3       java.lang.invoke.MethodHandles$Lookup$ClassDefiner::defineClass (97 bytes)
 total in heap  [0x000001a4a1397c90,0x000001a4a13992f0] = 5728
 relocation     [0x000001a4a1397de8,0x000001a4a1397f20] = 312
 main code      [0x000001a4a1397f20,0x000001a4a1398d20] = 3584
 stub code      [0x000001a4a1398d20,0x000001a4a1398d98] = 120
 metadata       [0x000001a4a1398d98,0x000001a4a1398e20] = 136
 scopes data    [0x000001a4a1398e20,0x000001a4a1399060] = 576
 scopes pcs     [0x000001a4a1399060,0x000001a4a1399280] = 544
 dependencies   [0x000001a4a1399280,0x000001a4a1399298] = 24
 nul chk table  [0x000001a4a1399298,0x000001a4a13992f0] = 88

[Constant Pool (empty)]

[MachCode]
[Entry Point]
  # {method} {0x000001a4b71c0bc0} 'defineClass' '(ZLjava/lang/Object;)Ljava/lang/Class;' in 'java/lang/invoke/MethodHandles$Lookup$ClassDefiner'
  # this:     rdx:rdx   = 'java/lang/invoke/MethodHandles$Lookup$ClassDefiner'
  # parm0:    r8        = boolean
  # parm1:    r9:r9     = 'java/lang/Object'
  #           [sp+0x100]  (sp of caller)
  0x000001a4a1397f20: 448b 5208 | 49bb 0000 | 00b7 a401 | 0000 4d03 | d34c 3bd0 

  0x000001a4a1397f34: ;   {runtime_call ic_miss_stub}
  0x000001a4a1397f34: 0f85 4691 | fb06 660f | 1f44 0000 
[Verified Entry Point]
  0x000001a4a1397f40: 8984 2400 | 90ff ff55 | 4881 ecf0 | 0000 0048 | 8994 24b8 | 0000 0044 | 8984 24c8 | 0000 004c 
  0x000001a4a1397f60: 898c 24d0 

  0x000001a4a1397f64: ;   {metadata(method data for {method} {0x000001a4b71c0bc0} 'defineClass' '(ZLjava/lang/Object;)Ljava/lang/Class;' in 'java/lang/invoke/MethodHandles$Lookup$ClassDefiner')}
  0x000001a4a1397f64: 0000 0048 | be58 1533 | f8a4 0100 | 008b becc | 0000 0083 | c702 89be | cc00 0000 | 81e7 fe07 
  0x000001a4a1397f84: 0000 83ff | 000f 84db | 0a00 008b | 7210 483b | 0648 8bfe 

  0x000001a4a1397f98: ;   {metadata(method data for {method} {0x000001a4b71c0bc0} 'defineClass' '(ZLjava/lang/Object;)Ljava/lang/Class;' in 'java/lang/invoke/MethodHandles$Lookup$ClassDefiner')}
  0x000001a4a1397f98: 48bb 5815 | 33f8 a401 | 0000 4883 | 8310 0100 | 0001 8b76 | 1048 89b4 | 24c0 0000 | 0048 3b06 
  0x000001a4a1397fb8: ;   {metadata(method data for {method} {0x000001a4b71c0bc0} 'defineClass' '(ZLjava/lang/Object;)Ljava/lang/Class;' in 'java/lang/invoke/MethodHandles$Lookup$ClassDefiner')}
  0x000001a4a1397fb8: 488b fe48 | bb58 1533 | f8a4 0100 | 0048 8383 | 4801 0000 

  0x000001a4a1397fcc: ;   {metadata(method data for {method} {0x000001a4b743ca98} 'getClassLoader' '()Ljava/lang/ClassLoader;' in 'java/lang/Class')}
  0x000001a4a1397fcc: 0148 bf88 | ca02 f8a4 | 0100 008b | 9fcc 0000 | 0083 c302 | 899f cc00 | 0000 81e3 | feff 1f00 
  0x000001a4a1397fec: 83fb 000f | 84a0 0a00 | 0048 8bfe 

  0x000001a4a1397ff8: ;   {metadata(method data for {method} {0x000001a4b743ca98} 'getClassLoader' '()Ljava/lang/ClassLoader;' in 'java/lang/Class')}
  0x000001a4a1397ff8: 48bb 88ca | 02f8 a401 | 0000 4883 | 8310 0100 | 0001 8b7e | 3448 89bc | 24b0 0000 | 0048 83ff 
  0x000001a4a1398018: ;   {metadata(method data for {method} {0x000001a4b743ca98} 'getClassLoader' '()Ljava/lang/ClassLoader;' in 'java/lang/Class')}
  0x000001a4a1398018: 0048 bb88 | ca02 f8a4 | 0100 0048 | b848 0100 | 0000 0000 | 000f 850a | 0000 0048 | b858 0100 
  0x000001a4a1398038: 0000 0000 | 0048 8b0c | 0348 8d49 | 0148 890c | 030f 850f 

  0x000001a4a139804c: ;   {oop(NULL)}
  0x000001a4a139804c: 0000 0048 | bf00 0000 | 0000 0000 | 00e9 ae06 

  0x000001a4a139805c: ;   {metadata(method data for {method} {0x000001a4b743ca98} 'getClassLoader' '()Ljava/lang/ClassLoader;' in 'java/lang/Class')}
  0x000001a4a139805c: 0000 48bb | 88ca 02f8 | a401 0000 | 4883 8368 | 0100 0001 

  0x000001a4a1398070: ;   {metadata(method data for {method} {0x000001a4b701f7a8} 'getSecurityManager' '()Ljava/lang/SecurityManager;' in 'java/lang/System')}
  0x000001a4a1398070: 48bb b8cc | 02f8 a401 | 0000 8b83 | cc00 0000 | 83c0 0289 | 83cc 0000 | 0081 e0fe | ff1f 0083 
  0x000001a4a1398090: f800 0f84 | 1e0a 0000 

  0x000001a4a1398098: ;   {metadata(method data for {method} {0x000001a4b701f7a8} 'getSecurityManager' '()Ljava/lang/SecurityManager;' in 'java/lang/System')}
  0x000001a4a1398098: 48bb b8cc | 02f8 a401 | 0000 4883 | 8310 0100 

  0x000001a4a13980a8: ;   {metadata(method data for {method} {0x000001a4b701f8c0} 'allowSecurityManager' '()Z' in 'java/lang/System')}
  0x000001a4a13980a8: 0001 48bb | 30ce 02f8 | a401 0000 | 8b83 cc00 | 0000 83c0 | 0289 83cc | 0000 0081 | e0fe ff1f 
  0x000001a4a13980c8: 0083 f800 | 0f84 050a 

  0x000001a4a13980d0: ;   {metadata(method data for {method} {0x000001a4b701f8c0} 'allowSecurityManager' '()Z' in 'java/lang/System')}
  0x000001a4a13980d0: 0000 48bb | 30ce 02f8 | a401 0000 | ff83 2001 

  0x000001a4a13980e0: ;   {metadata(method data for {method} {0x000001a4b701f8c0} 'allowSecurityManager' '()Z' in 'java/lang/System')}
  0x000001a4a13980e0: 0000 48bb | 30ce 02f8 | a401 0000 | ff83 3001 

  0x000001a4a13980f0: ;   {metadata(method data for {method} {0x000001a4b701f7a8} 'getSecurityManager' '()Ljava/lang/SecurityManager;' in 'java/lang/System')}
  0x000001a4a13980f0: 0000 48bb | b8cc 02f8 | a401 0000 | ff83 3001 

  0x000001a4a1398100: ;   {oop(a 'java/lang/Class'{0x000000008003d4f8} = 'java/lang/System')}
  0x000001a4a1398100: 0000 48bb | f8d4 0380 | 0000 0000 | 8b5b 7c48 

  0x000001a4a1398110: ;   {metadata(method data for {method} {0x000001a4b743ca98} 'getClassLoader' '()Ljava/lang/ClassLoader;' in 'java/lang/Class')}
  0x000001a4a1398110: 83fb 0048 | bb88 ca02 | f8a4 0100 | 0048 b878 | 0100 0000 | 0000 000f | 840a 0000 | 0048 b888 
  0x000001a4a1398130: 0100 0000 | 0000 0048 | 8b0c 0348 | 8d49 0148 | 890c 030f | 84c3 0500 

  0x000001a4a1398148: ;   {metadata(method data for {method} {0x000001a4b743ca98} 'getClassLoader' '()Ljava/lang/ClassLoader;' in 'java/lang/Class')}
  0x000001a4a1398148: 0048 bb88 | ca02 f8a4 | 0100 0048 | 8383 9801 | 0000 010f 

  0x000001a4a139815c: ;   {static_call}
  0x000001a4a139815c: 1f40 00e8 

  0x000001a4a1398160: ; ImmutableOopMap {[192]=Oop [184]=Oop [176]=Oop [208]=Oop }
                      ;*invokestatic getCallerClass {reexecute=0 rethrow=0 return_oop=0}
                      ; - java.lang.Class::getClassLoader@20 (line 901)
                      ; - java.lang.invoke.MethodHandles$Lookup$ClassDefiner::defineClass@9 (line 2436)
  0x000001a4a1398160: 1c98 fb06 

  0x000001a4a1398164: ;   {metadata(method data for {method} {0x000001a4b743ca98} 'getClassLoader' '()Ljava/lang/ClassLoader;' in 'java/lang/Class')}
  0x000001a4a1398164: 49b8 88ca | 02f8 a401 | 0000 4983 | 80a8 0100 

  0x000001a4a1398174: ;   {metadata(method data for {method} {0x000001a4b70107e0} 'checkClassLoaderPermission' '(Ljava/lang/ClassLoader;Ljava/lang/Class;)V' in 'java/lang/ClassLoader')}
  0x000001a4a1398174: 0001 49b8 | 00d0 02f8 | a401 0000 | 418b 90cc | 0000 0083 | c202 4189 | 90cc 0000 | 0081 e2fe 
  0x000001a4a1398194: ff1f 0083 | fa00 0f84 | 5809 0000 

  0x000001a4a13981a0: ;   {metadata(method data for {method} {0x000001a4b70107e0} 'checkClassLoaderPermission' '(Ljava/lang/ClassLoader;Ljava/lang/Class;)V' in 'java/lang/ClassLoader')}
  0x000001a4a13981a0: 49b8 00d0 | 02f8 a401 | 0000 4983 | 8010 0100 

  0x000001a4a13981b0: ;   {metadata(method data for {method} {0x000001a4b701f7a8} 'getSecurityManager' '()Ljava/lang/SecurityManager;' in 'java/lang/System')}
  0x000001a4a13981b0: 0001 49b8 | b8cc 02f8 | a401 0000 | 418b 90cc | 0000 0083 | c202 4189 | 90cc 0000 | 0081 e2fe 
  0x000001a4a13981d0: ff1f 0083 | fa00 0f84 | 3d09 0000 

  0x000001a4a13981dc: ;   {metadata(method data for {method} {0x000001a4b701f7a8} 'getSecurityManager' '()Ljava/lang/SecurityManager;' in 'java/lang/System')}
  0x000001a4a13981dc: 49b8 b8cc | 02f8 a401 | 0000 4983 | 8010 0100 

  0x000001a4a13981ec: ;   {metadata(method data for {method} {0x000001a4b701f8c0} 'allowSecurityManager' '()Z' in 'java/lang/System')}
  0x000001a4a13981ec: 0001 49b8 | 30ce 02f8 | a401 0000 | 418b 90cc | 0000 0083 | c202 4189 | 90cc 0000 | 0081 e2fe 
  0x000001a4a139820c: ff1f 0083 | fa00 0f84 | 2209 0000 

  0x000001a4a1398218: ;   {metadata(method data for {method} {0x000001a4b701f8c0} 'allowSecurityManager' '()Z' in 'java/lang/System')}
  0x000001a4a1398218: 49b8 30ce | 02f8 a401 | 0000 41ff | 8020 0100 

  0x000001a4a1398228: ;   {metadata(method data for {method} {0x000001a4b701f8c0} 'allowSecurityManager' '()Z' in 'java/lang/System')}
  0x000001a4a1398228: 0049 b830 | ce02 f8a4 | 0100 0041 | ff80 3001 

  0x000001a4a1398238: ;   {metadata(method data for {method} {0x000001a4b701f7a8} 'getSecurityManager' '()Ljava/lang/SecurityManager;' in 'java/lang/System')}
  0x000001a4a1398238: 0000 49b8 | b8cc 02f8 | a401 0000 | 41ff 8030 

  0x000001a4a1398248: ;   {oop(a 'java/lang/Class'{0x000000008003d4f8} = 'java/lang/System')}
  0x000001a4a1398248: 0100 0049 | b8f8 d403 | 8000 0000 | 0041 8b50 | 7c48 83fa 

  0x000001a4a139825c: ;   {metadata(method data for {method} {0x000001a4b70107e0} 'checkClassLoaderPermission' '(Ljava/lang/ClassLoader;Ljava/lang/Class;)V' in 'java/lang/ClassLoader')}
  0x000001a4a139825c: 0049 b800 | d002 f8a4 | 0100 0048 | be20 0100 | 0000 0000 | 000f 840a | 0000 0048 | be30 0100 
  0x000001a4a139827c: 0000 0000 | 0049 8b3c | 3048 8d7f | 0149 893c | 300f 8471 

  0x000001a4a1398290: ;   {metadata(method data for {method} {0x000001a4b70107e0} 'checkClassLoaderPermission' '(Ljava/lang/ClassLoader;Ljava/lang/Class;)V' in 'java/lang/ClassLoader')}
  0x000001a4a1398290: 0400 0049 | b800 d002 | f8a4 0100 | 0049 8380 | 4001 0000 

  0x000001a4a13982a4: ;   {metadata(method data for {method} {0x000001a4b7010788} 'getClassLoader' '(Ljava/lang/Class;)Ljava/lang/ClassLoader;' in 'java/lang/ClassLoader')}
  0x000001a4a13982a4: 0149 b800 | d202 f8a4 | 0100 0041 | 8bb0 cc00 | 0000 83c6 | 0241 89b0 | cc00 0000 | 81e6 feff 
  0x000001a4a13982c4: 1f00 83fe | 000f 848c | 0800 0048 

  0x000001a4a13982d0: ;   {metadata(method data for {method} {0x000001a4b7010788} 'getClassLoader' '(Ljava/lang/Class;)Ljava/lang/ClassLoader;' in 'java/lang/ClassLoader')}
  0x000001a4a13982d0: 83f8 0049 | b800 d202 | f8a4 0100 | 0048 be10 | 0100 0000 | 0000 000f | 850a 0000 | 0048 be20 
  0x000001a4a13982f0: 0100 0000 | 0000 0049 | 8b3c 3048 | 8d7f 0149 | 893c 300f | 850f 0000 

  0x000001a4a1398308: ;   {oop(NULL)}
  0x000001a4a1398308: 0049 b800 | 0000 0000 | 0000 00e9 | 1c00 0000 

  0x000001a4a1398318: ; implicit exception: dispatches to 0x000001a4a1398b7c
  0x000001a4a1398318: 483b 004c 

  0x000001a4a139831c: ;   {metadata(method data for {method} {0x000001a4b7010788} 'getClassLoader' '(Ljava/lang/Class;)Ljava/lang/ClassLoader;' in 'java/lang/ClassLoader')}
  0x000001a4a139831c: 8bc0 48be | 00d2 02f8 | a401 0000 | 4883 8630 | 0100 0001 | 448b 4034 | 488b bc24 | b000 0000 
  0x000001a4a139833c: ;   {metadata(method data for {method} {0x000001a4b70107e0} 'checkClassLoaderPermission' '(Ljava/lang/ClassLoader;Ljava/lang/Class;)V' in 'java/lang/ClassLoader')}
  0x000001a4a139833c: 48be 00d0 | 02f8 a401 | 0000 4883 | 8650 0100 

  0x000001a4a139834c: ;   {metadata(method data for {method} {0x000001a4b70111d0} 'needsClassLoaderPermissionCheck' '(Ljava/lang/ClassLoader;Ljava/lang/ClassLoader;)Z' in 'java/lang/ClassLoader')}
  0x000001a4a139834c: 0001 48be | a8d3 02f8 | a401 0000 | 8b9e cc00 | 0000 83c3 | 0289 9ecc | 0000 0081 | e3fe ff1f 
  0x000001a4a139836c: 0083 fb00 | 0f84 0b08 | 0000 4c3b 

  0x000001a4a1398378: ;   {metadata(method data for {method} {0x000001a4b70111d0} 'needsClassLoaderPermissionCheck' '(Ljava/lang/ClassLoader;Ljava/lang/ClassLoader;)Z' in 'java/lang/ClassLoader')}
  0x000001a4a1398378: c748 bea8 | d302 f8a4 | 0100 0048 | bb10 0100 | 0000 0000 | 000f 850a | 0000 0048 | bb20 0100 
  0x000001a4a1398398: 0000 0000 | 0048 8b04 | 1e48 8d40 | 0148 8904 | 1e0f 850b | 0000 0041 | b800 0000 | 00e9 5502 
  0x000001a4a13983b8: 0000 4983 

  0x000001a4a13983bc: ;   {metadata(method data for {method} {0x000001a4b70111d0} 'needsClassLoaderPermissionCheck' '(Ljava/lang/ClassLoader;Ljava/lang/ClassLoader;)Z' in 'java/lang/ClassLoader')}
  0x000001a4a13983bc: f800 48be | a8d3 02f8 | a401 0000 | 48bb 3001 | 0000 0000 | 0000 0f85 | 0a00 0000 | 48bb 4001 
  0x000001a4a13983dc: 0000 0000 | 0000 488b | 041e 488d | 4001 4889 | 041e 0f85 | 0b00 0000 | 41b8 0000 | 0000 e910 
  0x000001a4a13983fc: 0200 0048 | 3b07 488b 

  0x000001a4a1398404: ;   {metadata(method data for {method} {0x000001a4b70111d0} 'needsClassLoaderPermissionCheck' '(Ljava/lang/ClassLoader;Ljava/lang/ClassLoader;)Z' in 'java/lang/ClassLoader')}
  0x000001a4a1398404: f748 bba8 | d302 f8a4 | 0100 008b | 7608 49ba | 0000 00b7 | a401 0000 | 4903 f248 | 3bb3 6001 
  0x000001a4a1398424: 0000 750d | 4883 8368 | 0100 0001 | e966 0000 | 0048 3bb3 | 7001 0000 | 750d 4883 | 8378 0100 
  0x000001a4a1398444: 0001 e950 | 0000 0048 | 81bb 6001 | 0000 0000 | 0000 7517 | 4889 b360 | 0100 0048 | c783 6801 
  0x000001a4a1398464: 0000 0100 | 0000 e92c | 0000 0048 | 81bb 7001 | 0000 0000 | 0000 7517 | 4889 b370 | 0100 0048 
  0x000001a4a1398484: c783 7801 | 0000 0100 | 0000 e908 | 0000 0048 | 8383 5001 

  0x000001a4a1398498: ;   {metadata(method data for {method} {0x000001a4b700a508} 'isAncestor' '(Ljava/lang/ClassLoader;)Z' in 'java/lang/ClassLoader')}
  0x000001a4a1398498: 0000 0148 | beb0 d502 | f8a4 0100 | 008b 9ecc | 0000 0083 | c302 899e | cc00 0000 | 81e3 feff 
  0x000001a4a13984b8: 1f00 83fb | 000f 84e4 | 0600 0048 | 8bf7 e992 | 0000 000f | 1f44 0000 | 4883 fe00 | bb02 0000 
  0x000001a4a13984d8: 000f 8505 | 0000 00bb | 0000 0000 

  0x000001a4a13984e4: ;   {metadata(method data for {method} {0x000001a4b700a508} 'isAncestor' '(Ljava/lang/ClassLoader;)Z' in 'java/lang/ClassLoader')}
  0x000001a4a13984e4: 48b8 b0d5 | 02f8 a401 | 0000 8b88 | d000 0000 | 03cb 8988 | d000 0000 | 83fb 000f | 8505 0000 
  0x000001a4a1398504: 00b9 0200 | 0000 81e1 | fe3f 0000 | 83f9 000f | 84af 0600 | 004d 8b97 

  0x000001a4a139851c: ; ImmutableOopMap {[192]=Oop [184]=Oop [208]=Oop rdx=Oop rdi=Oop [176]=Oop r8=Oop rsi=Oop }
                      ;*ifnonnull {reexecute=1 rethrow=0 return_oop=0}
                      ; - (reexecute) java.lang.ClassLoader::isAncestor@15 (line 2017)
                      ; - java.lang.ClassLoader::needsClassLoaderPermissionCheck@15 (line 2035)
                      ; - java.lang.ClassLoader::checkClassLoaderPermission@15 (line 2059)
                      ; - java.lang.Class::getClassLoader@23 (line 901)
                      ; - java.lang.invoke.MethodHandles$Lookup$ClassDefiner::defineClass@9 (line 2436)
  0x000001a4a139851c: 5803 0000 

  0x000001a4a1398520: ;   {poll}
  0x000001a4a1398520: 4185 0248 

  0x000001a4a1398524: ;   {metadata(method data for {method} {0x000001a4b700a508} 'isAncestor' '(Ljava/lang/ClassLoader;)Z' in 'java/lang/ClassLoader')}
  0x000001a4a1398524: 83fe 0048 | bbb0 d502 | f8a4 0100 | 0048 b840 | 0100 0000 | 0000 000f | 840a 0000 | 0048 b830 
  0x000001a4a1398544: 0100 0000 | 0000 0048 | 8b0c 0348 | 8d49 0148 | 890c 030f | 8441 0000 | 008b 7618 

  0x000001a4a1398560: ;   {metadata(method data for {method} {0x000001a4b700a508} 'isAncestor' '(Ljava/lang/ClassLoader;)Z' in 'java/lang/ClassLoader')}
  0x000001a4a1398560: 4c3b c648 | bbb0 d502 | f8a4 0100 | 0048 b810 | 0100 0000 | 0000 000f | 850a 0000 | 0048 b820 
  0x000001a4a1398580: 0100 0000 | 0000 0048 | 8b0c 0348 | 8d49 0148 | 890c 030f | 8537 ffff | ffe9 0b00 | 0000 41b8 
  0x000001a4a13985a0: 0000 0000 | e906 0000 | 0041 b801 | 0000 0041 

  0x000001a4a13985b0: ;   {metadata(method data for {method} {0x000001a4b70111d0} 'needsClassLoaderPermissionCheck' '(Ljava/lang/ClassLoader;Ljava/lang/ClassLoader;)Z' in 'java/lang/ClassLoader')}
  0x000001a4a13985b0: 83f8 0049 | b8a8 d302 | f8a4 0100 | 0048 be88 | 0100 0000 | 0000 000f | 850a 0000 | 0048 be98 
  0x000001a4a13985d0: 0100 0000 | 0000 0049 | 8b1c 3048 | 8d5b 0149 | 891c 300f | 851c 0000 

  0x000001a4a13985e8: ;   {metadata(method data for {method} {0x000001a4b70111d0} 'needsClassLoaderPermissionCheck' '(Ljava/lang/ClassLoader;Ljava/lang/ClassLoader;)Z' in 'java/lang/ClassLoader')}
  0x000001a4a13985e8: 0049 b8a8 | d302 f8a4 | 0100 0041 | ff80 a801 | 0000 41b8 | 0100 0000 | e906 0000 | 0041 b800 
  0x000001a4a1398608: 0000 0041 | 83e0 0141 

  0x000001a4a1398610: ;   {metadata(method data for {method} {0x000001a4b70107e0} 'checkClassLoaderPermission' '(Ljava/lang/ClassLoader;Ljava/lang/Class;)V' in 'java/lang/ClassLoader')}
  0x000001a4a1398610: 83f8 0049 | b800 d002 | f8a4 0100 | 0048 be60 | 0100 0000 | 0000 000f | 840a 0000 | 0048 be70 
  0x000001a4a1398630: 0100 0000 | 0000 0049 | 8b1c 3048 | 8d5b 0149 | 891c 300f | 84bb 0000 | 0048 3b02 

  0x000001a4a139864c: ;   {metadata(method data for {method} {0x000001a4b70107e0} 'checkClassLoaderPermission' '(Ljava/lang/ClassLoader;Ljava/lang/Class;)V' in 'java/lang/ClassLoader')}
  0x000001a4a139864c: 4c8b c248 | be00 d002 | f8a4 0100 | 0045 8b40 | 0849 ba00 | 0000 b7a4 | 0100 004d | 03c2 4c3b 
  0x000001a4a139866c: 8690 0100 | 0075 0d48 | 8386 9801 | 0000 01e9 | 6600 0000 | 4c3b 86a0 | 0100 0075 | 0d48 8386 
  0x000001a4a139868c: a801 0000 | 01e9 5000 | 0000 4881 | be90 0100 | 0000 0000 | 0075 174c | 8986 9001 | 0000 48c7 
  0x000001a4a13986ac: 8698 0100 | 0001 0000 | 00e9 2c00 | 0000 4881 | bea0 0100 | 0000 0000 | 0075 174c | 8986 a001 
  0x000001a4a13986cc: 0000 48c7 | 86a8 0100 | 0001 0000 | 00e9 0800 | 0000 4883 | 8680 0100 

  0x000001a4a13986e4: ;   {oop(a 'java/lang/RuntimePermission'{0x0000000081541948})}
  0x000001a4a13986e4: 0001 49b8 | 4819 5481 | 0000 0000 | 0f1f 4400 | 0048 b8ff | ffff ffff 

  0x000001a4a13986fc: ;   {virtual_call}
  0x000001a4a13986fc: ffff ffe8 

  0x000001a4a1398700: ; ImmutableOopMap {[192]=Oop [184]=Oop [208]=Oop [176]=Oop }
                      ;*invokevirtual checkPermission {reexecute=0 rethrow=0 return_oop=0}
                      ; - java.lang.ClassLoader::checkClassLoaderPermission@25 (line 2060)
                      ; - java.lang.Class::getClassLoader@23 (line 901)
                      ; - java.lang.invoke.MethodHandles$Lookup$ClassDefiner::defineClass@9 (line 2436)
  0x000001a4a1398700: 7c8f fb06 | 488b bc24 | b000 0000 | 4883 ff00 

  0x000001a4a1398710: ;   {metadata(method data for {method} {0x000001a4b71c0bc0} 'defineClass' '(ZLjava/lang/Object;)Ljava/lang/Class;' in 'java/lang/invoke/MethodHandles$Lookup$ClassDefiner')}
  0x000001a4a1398710: 48ba 5815 | 33f8 a401 | 0000 48be | 8001 0000 | 0000 0000 | 0f84 0a00 | 0000 48be | 9001 0000 
  0x000001a4a1398730: 0000 0000 | 488b 1c32 | 488d 5b01 | 4889 1c32 | 0f84 df01 | 0000 488b | 9424 b800 | 0000 8b72 
  0x000001a4a1398750: 1048 3b06 

  0x000001a4a1398754: ;   {metadata(method data for {method} {0x000001a4b71c0bc0} 'defineClass' '(ZLjava/lang/Object;)Ljava/lang/Class;' in 'java/lang/invoke/MethodHandles$Lookup$ClassDefiner')}
  0x000001a4a1398754: 488b de48 | b858 1533 | f8a4 0100 | 0048 8380 | a001 0000 

  0x000001a4a1398768: ;   {metadata(method data for {method} {0x000001a4b737ed30} 'lookupClassProtectionDomain' '()Ljava/security/ProtectionDomain;' in 'java/lang/invoke/MethodHandles$Lookup')}
  0x000001a4a1398768: 0148 bb40 | 4035 f8a4 | 0100 008b | 83cc 0000 | 0083 c002 | 8983 cc00 | 0000 81e0 | feff 1f00 
  0x000001a4a1398788: 83f8 000f | 8467 0400 | 008b 5e18 | 4883 fb00 

  0x000001a4a1398798: ;   {metadata(method data for {method} {0x000001a4b737ed30} 'lookupClassProtectionDomain' '()Ljava/security/ProtectionDomain;' in 'java/lang/invoke/MethodHandles$Lookup')}
  0x000001a4a1398798: 48b8 4040 | 35f8 a401 | 0000 48b9 | 1001 0000 | 0000 0000 | 0f85 0a00 | 0000 48b9 | 2001 0000 
  0x000001a4a13987b8: 0000 0000 | 4c8b 0408 | 4d8d 4001 | 4c89 0408 | 4889 bc24 | e000 0000 | 0f85 3901 

  0x000001a4a13987d4: ;   {metadata(method data for {method} {0x000001a4b737ed30} 'lookupClassProtectionDomain' '()Ljava/security/ProtectionDomain;' in 'java/lang/invoke/MethodHandles$Lookup')}
  0x000001a4a13987d4: 0000 48bb | 4040 35f8 | a401 0000 | 4883 8330 | 0100 0001 

  0x000001a4a13987e8: ;   {metadata(method data for {method} {0x000001a4b740ccc8} 'getJavaLangAccess' '()Ljdk/internal/access/JavaLangAccess;' in 'jdk/internal/access/SharedSecrets')}
  0x000001a4a13987e8: 48bb b8ba | 29f8 a401 | 0000 8b83 | cc00 0000 | 83c0 0289 | 83cc 0000 | 0081 e0fe | ff1f 0083 
  0x000001a4a1398808: f800 0f84 | 0904 0000 

  0x000001a4a1398810: ;   {oop(a 'java/lang/Class'{0x0000000080049e80} = 'jdk/internal/access/SharedSecrets')}
  0x000001a4a1398810: 48bb 809e | 0480 0000 | 0000 8b9b | 8000 0000 | 8b46 1048 | 83fb 000f | 842a 0000 

  0x000001a4a139882c: ;   {metadata('java/lang/System$2')}
  0x000001a4a139882c: 0049 bbe8 | d601 b7a4 | 0100 0044 | 8b4b 0849 | ba00 0000 | b7a4 0100 | 004d 03ca | 4d3b 5938 
  0x000001a4a139884c: 0f85 e803 | 0000 e900 | 0000 0048 | 8bcb 483b 

  0x000001a4a139885c: ;   {metadata(method data for {method} {0x000001a4b737ed30} 'lookupClassProtectionDomain' '()Ljava/security/ProtectionDomain;' in 'java/lang/invoke/MethodHandles$Lookup')}
  0x000001a4a139885c: 0348 b940 | 4035 f8a4 

  0x000001a4a1398864: ;   {metadata('java/lang/System$2')}
  0x000001a4a1398864: 0100 0049 | bae8 d601 | b7a4 0100 | 004c 8991 | 5001 0000 | 4883 8158 | 0100 0001 

  0x000001a4a1398880: ;   {metadata(method data for {method} {0x000001a4b701e420} 'protectionDomain' '(Ljava/lang/Class;)Ljava/security/ProtectionDomain;' in 'java/lang/System$2')}
  0x000001a4a1398880: 48bb e022 | 8ef8 a401 | 0000 8b8b | cc00 0000 | 83c1 0289 | 8bcc 0000 | 0081 e1fe | ff1f 0083 
  0x000001a4a13988a0: f900 0f84 | 9c03 0000 

  0x000001a4a13988a8: ; implicit exception: dispatches to 0x000001a4a1398c65
  0x000001a4a13988a8: 483b 0048 

  0x000001a4a13988ac: ;   {metadata(method data for {method} {0x000001a4b701e420} 'protectionDomain' '(Ljava/lang/Class;)Ljava/security/ProtectionDomain;' in 'java/lang/System$2')}
  0x000001a4a13988ac: 8bd8 48b9 | e022 8ef8 | a401 0000 | 4883 8110 | 0100 0001 | 488b d048 | 89b4 24d8 | 0000 000f 
  0x000001a4a13988cc: ;   {optimized virtual_call}
  0x000001a4a13988cc: 1f40 00e8 

  0x000001a4a13988d0: ; ImmutableOopMap {[192]=Oop [208]=Oop [216]=Oop [224]=Oop [184]=Oop }
                      ;*invokevirtual protectionDomain {reexecute=0 rethrow=0 return_oop=0}
                      ; - java.lang.System$2::protectionDomain@1 (line 2426)
                      ; - java.lang.invoke.MethodHandles$Lookup::lookupClassProtectionDomain@17 (line 2457)
                      ; - java.lang.invoke.MethodHandles$Lookup$ClassDefiner::defineClass@23 (line 2437)
  0x000001a4a13988d0: 0c64 0900 | 450f be47 | 3841 83f8 | 0048 8bb4 | 24d8 0000 | 000f 857f | 0300 004c | 8bd0 4489 
  0x000001a4a13988f0: 5618 f083 | 4424 c000 | 4c8b c64c | 33c0 49c1 | e814 4983 | f800 0f85 | 7a03 0000 

  0x000001a4a139890c: ;   {metadata(method data for {method} {0x000001a4b71c0bc0} 'defineClass' '(ZLjava/lang/Object;)Ljava/lang/Class;' in 'java/lang/invoke/MethodHandles$Lookup$ClassDefiner')}
  0x000001a4a139890c: 488b d849 | b858 1533 | f8a4 0100 | 0041 ff80 | d801 0000 | e912 0000 | 0048 89bc | 24e0 0000 
  0x000001a4a139892c: ;   {oop(NULL)}
  0x000001a4a139892c: 0048 bb00 | 0000 0000 | 0000 0048 | 8bbc 24e0 | 0000 0048 | 8bb4 24c0 | 0000 0048 | 8b94 24b8 
  0x000001a4a139894c: ;   {metadata(method data for {method} {0x000001a4b71c0bc0} 'defineClass' '(ZLjava/lang/Object;)Ljava/lang/Class;' in 'java/lang/invoke/MethodHandles$Lookup$ClassDefiner')}
  0x000001a4a139894c: 0000 0049 | b858 1533 | f8a4 0100 | 0049 8380 | f001 0000 

  0x000001a4a1398960: ;   {metadata(method data for {method} {0x000001a4b740ccc8} 'getJavaLangAccess' '()Ljdk/internal/access/JavaLangAccess;' in 'jdk/internal/access/SharedSecrets')}
  0x000001a4a1398960: 0149 b8b8 | ba29 f8a4 | 0100 0045 | 8b88 cc00 | 0000 4183 | c102 4589 | 88cc 0000 | 0041 81e1 
  0x000001a4a1398980: feff 1f00 | 4183 f900 | 0f84 1003 

  0x000001a4a139898c: ;   {oop(a 'java/lang/Class'{0x0000000080049e80} = 'jdk/internal/access/SharedSecrets')}
  0x000001a4a139898c: 0000 49b8 | 809e 0480 | 0000 0000 | 458b a880 | 0000 008b | 4a14 448b | 7218 448b | 4a0c 4983 
  0x000001a4a13989ac: fd00 0f84 | 2a00 0000 

  0x000001a4a13989b4: ;   {metadata('java/lang/System$2')}
  0x000001a4a13989b4: 48b8 e8d6 | 01b7 a401 | 0000 458b | 5d08 49ba | 0000 00b7 | a401 0000 | 4d03 da49 | 3b43 380f 
  0x000001a4a13989d4: 85e6 0200 | 00e9 0000 | 0000 4d8b | c549 3b45 | 004d 8bc5 

  0x000001a4a13989e8: ;   {metadata(method data for {method} {0x000001a4b71c0bc0} 'defineClass' '(ZLjava/lang/Object;)Ljava/lang/Class;' in 'java/lang/invoke/MethodHandles$Lookup$ClassDefiner')}
  0x000001a4a13989e8: 48ba 5815 | 33f8 a401 

  0x000001a4a13989f0: ;   {metadata('java/lang/System$2')}
  0x000001a4a13989f0: 0000 49ba | e8d6 01b7 | a401 0000 | 4c89 9210 | 0200 0048 | 8382 1802 | 0000 014c | 8bc7 498b 
  0x000001a4a1398a10: d14c 8bce | 488b f949 | 8bf6 488b | cb8b 9c24 | c800 0000 | 891c 2489 | 5424 0848 | 8b94 24d0 
  0x000001a4a1398a30: 0000 0048 | 8954 2410 | 498b d50f 

  0x000001a4a1398a3c: ;   {optimized virtual_call}
  0x000001a4a1398a3c: 1f40 00e8 

  0x000001a4a1398a40: ; ImmutableOopMap {[192]=Oop [184]=Oop }
                      ;*invokeinterface defineClass {reexecute=0 rethrow=0 return_oop=0}
                      ; - java.lang.invoke.MethodHandles$Lookup$ClassDefiner::defineClass@54 (line 2439)
  0x000001a4a1398a40: 9c0a 0000 

  0x000001a4a1398a44: ;   {metadata(method data for {method} {0x000001a4b71c0bc0} 'defineClass' '(ZLjava/lang/Object;)Ljava/lang/Class;' in 'java/lang/invoke/MethodHandles$Lookup$ClassDefiner')}
  0x000001a4a1398a44: 48be 5815 | 33f8 a401 | 0000 ff86 | 3802 0000 | 4881 c4f0 | 0000 005d 

  0x000001a4a1398a5c: ;   {poll_return}
  0x000001a4a1398a5c: 493b a750 | 0300 000f | 8760 0200 

  0x000001a4a1398a68: ;   {metadata({method} {0x000001a4b71c0bc0} 'defineClass' '(ZLjava/lang/Object;)Ljava/lang/Class;' in 'java/lang/invoke/MethodHandles$Lookup$ClassDefiner')}
  0x000001a4a1398a68: 00c3 49ba | b80b 1cb7 | a401 0000 | 4c89 5424 | 0848 c704 | 24ff ffff 

  0x000001a4a1398a80: ;   {runtime_call counter_overflow Runtime1 stub}
  0x000001a4a1398a80: ffe8 fa15 

  0x000001a4a1398a84: ; ImmutableOopMap {rdx=Oop [184]=Oop r9=Oop [208]=Oop }
                      ;*synchronization entry
                      ; - java.lang.invoke.MethodHandles$Lookup$ClassDefiner::defineClass@-1 (line 2435)
  0x000001a4a1398a84: 0707 e904 

  0x000001a4a1398a88: ;   {runtime_call throw_null_pointer_exception Runtime1 stub}
  0x000001a4a1398a88: f5ff ffe8 

  0x000001a4a1398a8c: ; ImmutableOopMap {rdx=Oop [184]=Oop r9=Oop [208]=Oop rsi=Oop }
                      ;*invokevirtual lookupClass {reexecute=0 rethrow=0 return_oop=0}
                      ; - java.lang.invoke.MethodHandles$Lookup$ClassDefiner::defineClass@4 (line 2435)
  0x000001a4a1398a8c: 10c5 0607 

  0x000001a4a1398a90: ;   {runtime_call throw_null_pointer_exception Runtime1 stub}
  0x000001a4a1398a90: e80b c506 

  0x000001a4a1398a94: ; ImmutableOopMap {rdx=Oop [184]=Oop r9=Oop [208]=Oop rsi=Oop [192]=Oop }
                      ;*invokevirtual getClassLoader {reexecute=0 rethrow=0 return_oop=0}
                      ; - java.lang.invoke.MethodHandles$Lookup$ClassDefiner::defineClass@9 (line 2436)
                      ;   {metadata({method} {0x000001a4b743ca98} 'getClassLoader' '()Ljava/lang/ClassLoader;' in 'java/lang/Class')}
  0x000001a4a1398a94: 0749 ba90 | ca43 b7a4 | 0100 004c | 8954 2408 | 48c7 0424 | ffff ffff 

  0x000001a4a1398aac: ;   {runtime_call counter_overflow Runtime1 stub}
  0x000001a4a1398aac: e8cf 1507 

  0x000001a4a1398ab0: ; ImmutableOopMap {rdx=Oop [184]=Oop r9=Oop [208]=Oop rsi=Oop [192]=Oop }
                      ;*synchronization entry
                      ; - java.lang.Class::getClassLoader@-1 (line 895)
                      ; - java.lang.invoke.MethodHandles$Lookup$ClassDefiner::defineClass@9 (line 2436)
  0x000001a4a1398ab0: 07e9 3ff5 

  0x000001a4a1398ab4: ;   {metadata({method} {0x000001a4b701f7a8} 'getSecurityManager' '()Ljava/lang/SecurityManager;' in 'java/lang/System')}
  0x000001a4a1398ab4: ffff 49ba | a0f7 01b7 | a401 0000 | 4c89 5424 | 0848 c704 | 24ff ffff 

  0x000001a4a1398acc: ;   {runtime_call counter_overflow Runtime1 stub}
  0x000001a4a1398acc: ffe8 ae15 

  0x000001a4a1398ad0: ; ImmutableOopMap {rdx=Oop [184]=Oop r9=Oop [208]=Oop rsi=Oop [192]=Oop rdi=Oop [176]=Oop }
                      ;*synchronization entry
                      ; - java.lang.System::getSecurityManager@-1 (line 484)
                      ; - java.lang.Class::getClassLoader@11 (line 899)
                      ; - java.lang.invoke.MethodHandles$Lookup$ClassDefiner::defineClass@9 (line 2436)
  0x000001a4a1398ad0: 0707 e9c1 

  0x000001a4a1398ad4: ;   {metadata({method} {0x000001a4b701f8c0} 'allowSecurityManager' '()Z' in 'java/lang/System')}
  0x000001a4a1398ad4: f5ff ff49 | bab8 f801 | b7a4 0100 | 004c 8954 | 2408 48c7 | 0424 ffff 

  0x000001a4a1398aec: ;   {runtime_call counter_overflow Runtime1 stub}
  0x000001a4a1398aec: ffff e88d 

  0x000001a4a1398af0: ; ImmutableOopMap {rdx=Oop [184]=Oop r9=Oop [208]=Oop rsi=Oop [192]=Oop rdi=Oop [176]=Oop }
                      ;*synchronization entry
                      ; - java.lang.System::allowSecurityManager@-1 (line 194)
                      ; - java.lang.System::getSecurityManager@0 (line 484)
                      ; - java.lang.Class::getClassLoader@11 (line 899)
                      ; - java.lang.invoke.MethodHandles$Lookup$ClassDefiner::defineClass@9 (line 2436)
  0x000001a4a1398af0: 1507 07e9 | daf5 ffff 

  0x000001a4a1398af8: ;   {metadata({method} {0x000001a4b70107e0} 'checkClassLoaderPermission' '(Ljava/lang/ClassLoader;Ljava/lang/Class;)V' in 'java/lang/ClassLoader')}
  0x000001a4a1398af8: 49ba d807 | 01b7 a401 | 0000 4c89 | 5424 0848 | c704 24ff 

  0x000001a4a1398b0c: ;   {runtime_call counter_overflow Runtime1 stub}
  0x000001a4a1398b0c: ffff ffe8 

  0x000001a4a1398b10: ; ImmutableOopMap {[192]=Oop [184]=Oop [176]=Oop [208]=Oop rax=Oop }
                      ;*synchronization entry
                      ; - java.lang.ClassLoader::checkClassLoaderPermission@-1 (line 2055)
                      ; - java.lang.Class::getClassLoader@23 (line 901)
                      ; - java.lang.invoke.MethodHandles$Lookup$ClassDefiner::defineClass@9 (line 2436)
  0x000001a4a1398b10: 6c15 0707 | e987 f6ff 

  0x000001a4a1398b18: ;   {metadata({method} {0x000001a4b701f7a8} 'getSecurityManager' '()Ljava/lang/SecurityManager;' in 'java/lang/System')}
  0x000001a4a1398b18: ff49 baa0 | f701 b7a4 | 0100 004c | 8954 2408 | 48c7 0424 | ffff ffff 

  0x000001a4a1398b30: ;   {runtime_call counter_overflow Runtime1 stub}
  0x000001a4a1398b30: e84b 1507 

  0x000001a4a1398b34: ; ImmutableOopMap {[192]=Oop [184]=Oop [176]=Oop [208]=Oop rax=Oop }
                      ;*synchronization entry
                      ; - java.lang.System::getSecurityManager@-1 (line 484)
                      ; - java.lang.ClassLoader::checkClassLoaderPermission@0 (line 2055)
                      ; - java.lang.Class::getClassLoader@23 (line 901)
                      ; - java.lang.invoke.MethodHandles$Lookup$ClassDefiner::defineClass@9 (line 2436)
  0x000001a4a1398b34: 07e9 a2f6 

  0x000001a4a1398b38: ;   {metadata({method} {0x000001a4b701f8c0} 'allowSecurityManager' '()Z' in 'java/lang/System')}
  0x000001a4a1398b38: ffff 49ba | b8f8 01b7 | a401 0000 | 4c89 5424 | 0848 c704 | 24ff ffff 

  0x000001a4a1398b50: ;   {runtime_call counter_overflow Runtime1 stub}
  0x000001a4a1398b50: ffe8 2a15 

  0x000001a4a1398b54: ; ImmutableOopMap {[192]=Oop [184]=Oop [176]=Oop [208]=Oop rax=Oop }
                      ;*synchronization entry
                      ; - java.lang.System::allowSecurityManager@-1 (line 194)
                      ; - java.lang.System::getSecurityManager@0 (line 484)
                      ; - java.lang.ClassLoader::checkClassLoaderPermission@0 (line 2055)
                      ; - java.lang.Class::getClassLoader@23 (line 901)
                      ; - java.lang.invoke.MethodHandles$Lookup$ClassDefiner::defineClass@9 (line 2436)
  0x000001a4a1398b54: 0707 e9bd 

  0x000001a4a1398b58: ;   {metadata({method} {0x000001a4b7010788} 'getClassLoader' '(Ljava/lang/Class;)Ljava/lang/ClassLoader;' in 'java/lang/ClassLoader')}
  0x000001a4a1398b58: f6ff ff49 | ba80 0701 | b7a4 0100 | 004c 8954 | 2408 48c7 | 0424 ffff 

  0x000001a4a1398b70: ;   {runtime_call counter_overflow Runtime1 stub}
  0x000001a4a1398b70: ffff e809 

  0x000001a4a1398b74: ; ImmutableOopMap {[192]=Oop [184]=Oop [176]=Oop [208]=Oop rdx=Oop rax=Oop }
                      ;*synchronization entry
                      ; - java.lang.ClassLoader::getClassLoader@-1 (line 2041)
                      ; - java.lang.ClassLoader::checkClassLoaderPermission@9 (line 2058)
                      ; - java.lang.Class::getClassLoader@23 (line 901)
                      ; - java.lang.invoke.MethodHandles$Lookup$ClassDefiner::defineClass@9 (line 2436)
  0x000001a4a1398b74: 1507 07e9 | 53f7 ffff 

  0x000001a4a1398b7c: ;   {runtime_call throw_null_pointer_exception Runtime1 stub}
  0x000001a4a1398b7c: e81f c406 

  0x000001a4a1398b80: ; ImmutableOopMap {[192]=Oop [184]=Oop [176]=Oop [208]=Oop rdx=Oop rax=Oop }
                      ;*invokevirtual getClassLoader0 {reexecute=0 rethrow=0 return_oop=0}
                      ; - java.lang.ClassLoader::getClassLoader@7 (line 2045)
                      ; - java.lang.ClassLoader::checkClassLoaderPermission@9 (line 2058)
                      ; - java.lang.Class::getClassLoader@23 (line 901)
                      ; - java.lang.invoke.MethodHandles$Lookup$ClassDefiner::defineClass@9 (line 2436)
                      ;   {metadata({method} {0x000001a4b70111d0} 'needsClassLoaderPermissionCheck' '(Ljava/lang/ClassLoader;Ljava/lang/ClassLoader;)Z' in 'java/lang/ClassLoader')}
  0x000001a4a1398b80: 0749 bac8 | 1101 b7a4 | 0100 004c | 8954 2408 | 48c7 0424 | ffff ffff 

  0x000001a4a1398b98: ;   {runtime_call counter_overflow Runtime1 stub}
  0x000001a4a1398b98: e8e3 1407 

  0x000001a4a1398b9c: ; ImmutableOopMap {[192]=Oop [184]=Oop [208]=Oop rdx=Oop r8=Oop rdi=Oop [176]=Oop }
                      ;*synchronization entry
                      ; - java.lang.ClassLoader::needsClassLoaderPermissionCheck@-1 (line 2029)
                      ; - java.lang.ClassLoader::checkClassLoaderPermission@15 (line 2059)
                      ; - java.lang.Class::getClassLoader@23 (line 901)
                      ; - java.lang.invoke.MethodHandles$Lookup$ClassDefiner::defineClass@9 (line 2436)
  0x000001a4a1398b9c: 07e9 d4f7 

  0x000001a4a1398ba0: ;   {runtime_call throw_null_pointer_exception Runtime1 stub}
  0x000001a4a1398ba0: ffff e8f9 

  0x000001a4a1398ba4: ; ImmutableOopMap {[192]=Oop [184]=Oop [208]=Oop rdx=Oop rdi=Oop [176]=Oop r8=Oop }
                      ;*invokevirtual isAncestor {reexecute=0 rethrow=0 return_oop=0}
                      ; - java.lang.ClassLoader::needsClassLoaderPermissionCheck@15 (line 2035)
                      ; - java.lang.ClassLoader::checkClassLoaderPermission@15 (line 2059)
                      ; - java.lang.Class::getClassLoader@23 (line 901)
                      ; - java.lang.invoke.MethodHandles$Lookup$ClassDefiner::defineClass@9 (line 2436)
                      ;   {metadata({method} {0x000001a4b700a508} 'isAncestor' '(Ljava/lang/ClassLoader;)Z' in 'java/lang/ClassLoader')}
  0x000001a4a1398ba4: c306 0749 | ba00 a500 | b7a4 0100 | 004c 8954 | 2408 48c7 | 0424 ffff 

  0x000001a4a1398bbc: ;   {runtime_call counter_overflow Runtime1 stub}
  0x000001a4a1398bbc: ffff e8bd 

  0x000001a4a1398bc0: ; ImmutableOopMap {[192]=Oop [184]=Oop [208]=Oop rdx=Oop rdi=Oop [176]=Oop r8=Oop }
                      ;*synchronization entry
                      ; - java.lang.ClassLoader::isAncestor@-1 (line 2011)
                      ; - java.lang.ClassLoader::needsClassLoaderPermissionCheck@15 (line 2035)
                      ; - java.lang.ClassLoader::checkClassLoaderPermission@15 (line 2059)
                      ; - java.lang.Class::getClassLoader@23 (line 901)
                      ; - java.lang.invoke.MethodHandles$Lookup$ClassDefiner::defineClass@9 (line 2436)
  0x000001a4a1398bc0: 1407 07e9 | fbf8 ffff 

  0x000001a4a1398bc8: ;   {metadata({method} {0x000001a4b700a508} 'isAncestor' '(Ljava/lang/ClassLoader;)Z' in 'java/lang/ClassLoader')}
  0x000001a4a1398bc8: 49ba 00a5 | 00b7 a401 | 0000 4c89 | 5424 0848 | c704 240f 

  0x000001a4a1398bdc: ;   {runtime_call counter_overflow Runtime1 stub}
  0x000001a4a1398bdc: 0000 00e8 

  0x000001a4a1398be0: ; ImmutableOopMap {[192]=Oop [184]=Oop [208]=Oop rdx=Oop rdi=Oop [176]=Oop r8=Oop rsi=Oop }
                      ;*ifnonnull {reexecute=1 rethrow=0 return_oop=0}
                      ; - (reexecute) java.lang.ClassLoader::isAncestor@15 (line 2017)
                      ; - java.lang.ClassLoader::needsClassLoaderPermissionCheck@15 (line 2035)
                      ; - java.lang.ClassLoader::checkClassLoaderPermission@15 (line 2059)
                      ; - java.lang.Class::getClassLoader@23 (line 901)
                      ; - java.lang.invoke.MethodHandles$Lookup$ClassDefiner::defineClass@9 (line 2436)
  0x000001a4a1398be0: 9c14 0707 | e930 f9ff 

  0x000001a4a1398be8: ;   {runtime_call throw_null_pointer_exception Runtime1 stub}
  0x000001a4a1398be8: ffe8 b2c3 

  0x000001a4a1398bec: ; ImmutableOopMap {[192]=Oop [184]=Oop [208]=Oop rdx=Oop rdi=Oop [176]=Oop r8=Oop }
                      ;*getfield parent {reexecute=1 rethrow=0 return_oop=0}
                      ; - (reexecute) java.lang.ClassLoader::isAncestor@3 (line 2013)
                      ; - java.lang.ClassLoader::needsClassLoaderPermissionCheck@15 (line 2035)
                      ; - java.lang.ClassLoader::checkClassLoaderPermission@15 (line 2059)
                      ; - java.lang.Class::getClassLoader@23 (line 901)
                      ; - java.lang.invoke.MethodHandles$Lookup$ClassDefiner::defineClass@9 (line 2436)
                      ;   {runtime_call throw_null_pointer_exception Runtime1 stub}
  0x000001a4a1398bec: 0607 e8ad 

  0x000001a4a1398bf0: ; ImmutableOopMap {[192]=Oop [184]=Oop [208]=Oop [176]=Oop rdx=Oop }
                      ;*invokevirtual checkPermission {reexecute=0 rethrow=0 return_oop=0}
                      ; - java.lang.ClassLoader::checkClassLoaderPermission@25 (line 2060)
                      ; - java.lang.Class::getClassLoader@23 (line 901)
                      ; - java.lang.invoke.MethodHandles$Lookup$ClassDefiner::defineClass@9 (line 2436)
                      ;   {runtime_call throw_null_pointer_exception Runtime1 stub}
  0x000001a4a1398bf0: c306 07e8 

  0x000001a4a1398bf4: ; ImmutableOopMap {[192]=Oop [208]=Oop rdi=Oop rdx=Oop [184]=Oop rsi=Oop }
                      ;*invokevirtual lookupClassProtectionDomain {reexecute=0 rethrow=0 return_oop=0}
                      ; - java.lang.invoke.MethodHandles$Lookup$ClassDefiner::defineClass@23 (line 2437)
  0x000001a4a1398bf4: a8c3 0607 

  0x000001a4a1398bf8: ;   {metadata({method} {0x000001a4b737ed30} 'lookupClassProtectionDomain' '()Ljava/security/ProtectionDomain;' in 'java/lang/invoke/MethodHandles$Lookup')}
  0x000001a4a1398bf8: 49ba 28ed | 37b7 a401 | 0000 4c89 | 5424 0848 | c704 24ff 

  0x000001a4a1398c0c: ;   {runtime_call counter_overflow Runtime1 stub}
  0x000001a4a1398c0c: ffff ffe8 

  0x000001a4a1398c10: ; ImmutableOopMap {[192]=Oop [208]=Oop rdi=Oop rdx=Oop [184]=Oop rsi=Oop }
                      ;*synchronization entry
                      ; - java.lang.invoke.MethodHandles$Lookup::lookupClassProtectionDomain@-1 (line 2455)
                      ; - java.lang.invoke.MethodHandles$Lookup$ClassDefiner::defineClass@23 (line 2437)
  0x000001a4a1398c10: 6c14 0707 | e978 fbff 

  0x000001a4a1398c18: ;   {metadata({method} {0x000001a4b740ccc8} 'getJavaLangAccess' '()Ljdk/internal/access/JavaLangAccess;' in 'jdk/internal/access/SharedSecrets')}
  0x000001a4a1398c18: ff49 bac0 | cc40 b7a4 | 0100 004c | 8954 2408 | 48c7 0424 | ffff ffff 

  0x000001a4a1398c30: ;   {runtime_call counter_overflow Runtime1 stub}
  0x000001a4a1398c30: e84b 1407 

  0x000001a4a1398c34: ; ImmutableOopMap {[192]=Oop [208]=Oop [184]=Oop [224]=Oop rsi=Oop }
                      ;*synchronization entry
                      ; - jdk.internal.access.SharedSecrets::getJavaLangAccess@-1 (line 122)
                      ; - java.lang.invoke.MethodHandles$Lookup::lookupClassProtectionDomain@10 (line 2457)
                      ; - java.lang.invoke.MethodHandles$Lookup$ClassDefiner::defineClass@23 (line 2437)
  0x000001a4a1398c34: 07e9 d6fb 

  0x000001a4a1398c38: ;   {runtime_call throw_incompatible_class_change_error Runtime1 stub}
  0x000001a4a1398c38: ffff e861 

  0x000001a4a1398c3c: ; ImmutableOopMap {[192]=Oop [208]=Oop [184]=Oop [224]=Oop rsi=Oop rbx=Oop rax=Oop }
                      ;*invokeinterface protectionDomain {reexecute=0 rethrow=0 return_oop=0}
                      ; - java.lang.invoke.MethodHandles$Lookup::lookupClassProtectionDomain@17 (line 2457)
                      ; - java.lang.invoke.MethodHandles$Lookup$ClassDefiner::defineClass@23 (line 2437)
                      ;   {runtime_call throw_null_pointer_exception Runtime1 stub}
  0x000001a4a1398c3c: ea06 07e8 

  0x000001a4a1398c40: ; ImmutableOopMap {[192]=Oop [208]=Oop [184]=Oop [224]=Oop rsi=Oop rbx=Oop rax=Oop }
                      ;*invokeinterface protectionDomain {reexecute=0 rethrow=0 return_oop=0}
                      ; - java.lang.invoke.MethodHandles$Lookup::lookupClassProtectionDomain@17 (line 2457)
                      ; - java.lang.invoke.MethodHandles$Lookup$ClassDefiner::defineClass@23 (line 2437)
  0x000001a4a1398c40: 5cc3 0607 

  0x000001a4a1398c44: ;   {metadata({method} {0x000001a4b701e420} 'protectionDomain' '(Ljava/lang/Class;)Ljava/security/ProtectionDomain;' in 'java/lang/System$2')}
  0x000001a4a1398c44: 49ba 18e4 | 01b7 a401 | 0000 4c89 | 5424 0848 | c704 24ff 

  0x000001a4a1398c58: ;   {runtime_call counter_overflow Runtime1 stub}
  0x000001a4a1398c58: ffff ffe8 

  0x000001a4a1398c5c: ; ImmutableOopMap {[192]=Oop [208]=Oop [184]=Oop [224]=Oop rsi=Oop rax=Oop }
                      ;*synchronization entry
                      ; - java.lang.System$2::protectionDomain@-1 (line 2426)
                      ; - java.lang.invoke.MethodHandles$Lookup::lookupClassProtectionDomain@17 (line 2457)
                      ; - java.lang.invoke.MethodHandles$Lookup$ClassDefiner::defineClass@23 (line 2437)
  0x000001a4a1398c5c: 2014 0707 | e943 fcff 

  0x000001a4a1398c64: ;   {runtime_call throw_null_pointer_exception Runtime1 stub}
  0x000001a4a1398c64: ffe8 36c3 

  0x000001a4a1398c68: ; ImmutableOopMap {[192]=Oop [208]=Oop [184]=Oop [224]=Oop rsi=Oop rax=Oop }
                      ;*invokevirtual protectionDomain {reexecute=0 rethrow=0 return_oop=0}
                      ; - java.lang.System$2::protectionDomain@1 (line 2426)
                      ; - java.lang.invoke.MethodHandles$Lookup::lookupClassProtectionDomain@17 (line 2457)
                      ; - java.lang.invoke.MethodHandles$Lookup$ClassDefiner::defineClass@23 (line 2437)
  0x000001a4a1398c68: 0607 448b | 4618 4983 | f800 0f84 | 73fc ffff | 4c89 0424 

  0x000001a4a1398c7c: ;   {runtime_call g1_pre_barrier_slow}
  0x000001a4a1398c7c: e8ff 1907 | 07e9 65fc | ffff 4883 | f800 0f84 | 7cfc ffff | 4889 3424 

  0x000001a4a1398c94: ;   {runtime_call g1_post_barrier_slow}
  0x000001a4a1398c94: e8e7 1c07 | 07e9 6efc 

  0x000001a4a1398c9c: ;   {metadata({method} {0x000001a4b740ccc8} 'getJavaLangAccess' '()Ljdk/internal/access/JavaLangAccess;' in 'jdk/internal/access/SharedSecrets')}
  0x000001a4a1398c9c: ffff 49ba | c0cc 40b7 | a401 0000 | 4c89 5424 | 0848 c704 | 24ff ffff 

  0x000001a4a1398cb4: ;   {runtime_call counter_overflow Runtime1 stub}
  0x000001a4a1398cb4: ffe8 c613 

  0x000001a4a1398cb8: ; ImmutableOopMap {rbx=Oop rdi=Oop rdx=Oop [184]=Oop rsi=Oop [192]=Oop [208]=Oop }
                      ;*synchronization entry
                      ; - jdk.internal.access.SharedSecrets::getJavaLangAccess@-1 (line 122)
                      ; - java.lang.invoke.MethodHandles$Lookup$ClassDefiner::defineClass@32 (line 2438)
  0x000001a4a1398cb8: 0707 e9cf 

  0x000001a4a1398cbc: ;   {runtime_call throw_incompatible_class_change_error Runtime1 stub}
  0x000001a4a1398cbc: fcff ffe8 

  0x000001a4a1398cc0: ; ImmutableOopMap {rbx=Oop rdi=Oop rsi=Oop [192]=Oop [208]=Oop r13=Oop rcx=Oop r14=Oop [184]=Oop }
                      ;*invokeinterface defineClass {reexecute=0 rethrow=0 return_oop=0}
                      ; - java.lang.invoke.MethodHandles$Lookup$ClassDefiner::defineClass@54 (line 2439)
  0x000001a4a1398cc0: dce9 0607 

  0x000001a4a1398cc4: ;   {runtime_call throw_null_pointer_exception Runtime1 stub}
  0x000001a4a1398cc4: e8d7 c206 

  0x000001a4a1398cc8: ; ImmutableOopMap {rbx=Oop rdi=Oop rsi=Oop [192]=Oop [208]=Oop r13=Oop rcx=Oop r14=Oop [184]=Oop }
                      ;*invokeinterface defineClass {reexecute=0 rethrow=0 return_oop=0}
                      ; - java.lang.invoke.MethodHandles$Lookup$ClassDefiner::defineClass@54 (line 2439)
                      ;   {internal_word}
  0x000001a4a1398cc8: 0749 ba5c | 8a39 a1a4 | 0100 004d | 8997 6803 

  0x000001a4a1398cd8: ;   {runtime_call SafepointBlob}
  0x000001a4a1398cd8: 0000 e921 | edfb 0690 | 9049 8b87 | e003 0000 | 49c7 87e0 | 0300 0000 | 0000 0049 | c787 e803 
  0x000001a4a1398cf8: 0000 0000 | 0000 4881 | c4f0 0000 

  0x000001a4a1398d04: ;   {runtime_call unwind_exception Runtime1 stub}
  0x000001a4a1398d04: 005d e975 | b306 07f4 | f4f4 f4f4 | f4f4 f4f4 | f4f4 f4f4 | f4f4 f4f4 | f4f4 f4f4 
[Stub Code]
  0x000001a4a1398d20: ;   {no_reloc}
  0x000001a4a1398d20: 0f1f 4400 

  0x000001a4a1398d24: ;   {static_stub}
  0x000001a4a1398d24: 0048 bb00 | 0000 0000 

  0x000001a4a1398d2c: ;   {runtime_call}
  0x000001a4a1398d2c: 0000 00e9 | fbff ffff 

  0x000001a4a1398d34: ;   {static_stub}
  0x000001a4a1398d34: 9048 bb00 | 0000 0000 

  0x000001a4a1398d3c: ;   {runtime_call}
  0x000001a4a1398d3c: 0000 00e9 | fbff ffff 

  0x000001a4a1398d44: ;   {static_stub}
  0x000001a4a1398d44: 9048 bbf8 | b943 b7a4 

  0x000001a4a1398d4c: ;   {runtime_call I2C/C2I adapters}
  0x000001a4a1398d4c: 0100 00e9 | 05d0 fb06 

  0x000001a4a1398d54: ;   {static_stub}
  0x000001a4a1398d54: 9048 bb00 | 0000 0000 

  0x000001a4a1398d5c: ;   {runtime_call}
  0x000001a4a1398d5c: 0000 00e9 | fbff ffff 
[Exception Handler]
  0x000001a4a1398d64: ;   {runtime_call handle_exception_from_callee Runtime1 stub}
  0x000001a4a1398d64: e817 e006 

  0x000001a4a1398d68: ;   {external_word}
  0x000001a4a1398d68: 0748 b930 | 9af9 a1fb | 7f00 0048 

  0x000001a4a1398d74: ;   {runtime_call}
  0x000001a4a1398d74: 83e4 f049 | ba40 2bc2 | a1fb 7f00 | 0041 ffd2 

  0x000001a4a1398d84: ;   {section_word}
  0x000001a4a1398d84: f449 ba85 | 8d39 a1a4 | 0100 0041 

  0x000001a4a1398d90: ;   {runtime_call DeoptimizationBlob}
  0x000001a4a1398d90: 52e9 0adf | fb06 f4f4 
[/MachCode]


---------------  P R O C E S S  ---------------

Threads class SMR info:
_java_thread_list=0x000001a481278ed0, length=47, elements={
0x000001a4992aa460, 0x000001a4b6efe2a0, 0x000001a4fc003c10, 0x000001a4fc01c760,
0x000001a4fc01f140, 0x000001a4fc01fa10, 0x000001a4fc0222f0, 0x000001a4fc022fa0,
0x000001a4fc0292a0, 0x000001a4fc097a10, 0x000001a4fc0c5460, 0x000001a4fc21efa0,
0x000001a4fd02a440, 0x000001a4fd4a6f90, 0x000001a4fd446b20, 0x000001a4fd7fc740,
0x000001a4fdad12b0, 0x000001a4fd8346b0, 0x000001a4fc569800, 0x000001a4fcd34030,
0x000001a4fd0820c0, 0x000001a4fd084940, 0x000001a4fd081bb0, 0x000001a4fd082ff0,
0x000001a4fd082ae0, 0x000001a4fd0825d0, 0x000001a4fd083500, 0x000001a4fd084e50,
0x000001a4fd083f20, 0x000001a4fe990000, 0x000001a4fe98f5e0, 0x000001a4fe990a20,
0x000001a4fe990f30, 0x000001a4fe992370, 0x000001a4fe98f0d0, 0x000001a4fe990510,
0x000001a4fe991950, 0x000001a4fe991e60, 0x000001a4fd0816a0, 0x000001a4fea0ff40,
0x000001a4fea10e70, 0x000001a4fea10450, 0x000001a4fea10960, 0x000001a4fea0f010,
0x000001a4fea11380, 0x000001a4fea0dbd0, 0x000001a4fea11890
}

Java Threads: ( => current thread )
  0x000001a4992aa460 JavaThread "main" [_thread_blocked, id=22148, stack(0x0000006080400000,0x0000006080500000)]
  0x000001a4b6efe2a0 JavaThread "Reference Handler" daemon [_thread_blocked, id=19232, stack(0x0000006080c00000,0x0000006080d00000)]
  0x000001a4fc003c10 JavaThread "Finalizer" daemon [_thread_blocked, id=12412, stack(0x0000006080d00000,0x0000006080e00000)]
  0x000001a4fc01c760 JavaThread "Signal Dispatcher" daemon [_thread_blocked, id=18784, stack(0x0000006080e00000,0x0000006080f00000)]
  0x000001a4fc01f140 JavaThread "Attach Listener" daemon [_thread_blocked, id=8608, stack(0x0000006080f00000,0x0000006081000000)]
  0x000001a4fc01fa10 JavaThread "Service Thread" daemon [_thread_blocked, id=19864, stack(0x0000006081000000,0x0000006081100000)]
  0x000001a4fc0222f0 JavaThread "Monitor Deflation Thread" daemon [_thread_blocked, id=14936, stack(0x0000006081100000,0x0000006081200000)]
  0x000001a4fc022fa0 JavaThread "C2 CompilerThread0" daemon [_thread_blocked, id=8076, stack(0x0000006081200000,0x0000006081300000)]
  0x000001a4fc0292a0 JavaThread "C1 CompilerThread0" daemon [_thread_blocked, id=20172, stack(0x0000006081300000,0x0000006081400000)]
  0x000001a4fc097a10 JavaThread "Sweeper thread" daemon [_thread_blocked, id=18104, stack(0x0000006081400000,0x0000006081500000)]
  0x000001a4fc0c5460 JavaThread "Common-Cleaner" daemon [_thread_blocked, id=564, stack(0x0000006081500000,0x0000006081600000)]
  0x000001a4fc21efa0 JavaThread "Notification Thread" daemon [_thread_blocked, id=3036, stack(0x0000006081600000,0x0000006081700000)]
  0x000001a4fd02a440 JavaThread "Daemon health stats" [_thread_blocked, id=13528, stack(0x0000006081b00000,0x0000006081c00000)]
  0x000001a4fd4a6f90 JavaThread "Incoming local TCP Connector on port 49655" [_thread_in_native, id=24128, stack(0x0000006081c00000,0x0000006081d00000)]
  0x000001a4fd446b20 JavaThread "Daemon periodic checks" [_thread_blocked, id=21932, stack(0x0000006081d00000,0x0000006081e00000)]
  0x000001a4fd7fc740 JavaThread "Daemon" [_thread_blocked, id=3472, stack(0x0000006081e00000,0x0000006081f00000)]
  0x000001a4fdad12b0 JavaThread "Handler for socket connection from /127.0.0.1:49655 to /127.0.0.1:49656" [_thread_in_native, id=11268, stack(0x0000006081f00000,0x0000006082000000)]
  0x000001a4fd8346b0 JavaThread "Cancel handler" [_thread_blocked, id=24572, stack(0x0000006082000000,0x0000006082100000)]
=>0x000001a4fc569800 JavaThread "Daemon worker" [_thread_in_vm, id=23812, stack(0x0000006082100000,0x0000006082200000)]
  0x000001a4fcd34030 JavaThread "Asynchronous log dispatcher for DefaultDaemonConnection: socket connection from /127.0.0.1:49655 to /127.0.0.1:49656" [_thread_blocked, id=8740, stack(0x0000006082200000,0x0000006082300000)]
  0x000001a4fd0820c0 JavaThread "Daemon client event forwarder" [_thread_blocked, id=7680, stack(0x0000006082400000,0x0000006082500000)]
  0x000001a4fd084940 JavaThread "Cache worker for journal cache (C:\Users\rizta\.gradle\caches\journal-1)" [_thread_blocked, id=18660, stack(0x0000006082500000,0x0000006082600000)]
  0x000001a4fd081bb0 JavaThread "File lock request listener" [_thread_in_native, id=22268, stack(0x0000006082600000,0x0000006082700000)]
  0x000001a4fd082ff0 JavaThread "Cache worker for file hash cache (C:\Users\rizta\.gradle\caches\8.8\fileHashes)" [_thread_blocked, id=13556, stack(0x0000006082700000,0x0000006082800000)]
  0x000001a4fd082ae0 JavaThread "Cache worker for file hash cache (G:\proyeksaya\kyusui\android\.gradle\8.8\fileHashes)" [_thread_blocked, id=23640, stack(0x0000006082900000,0x0000006082a00000)]
  0x000001a4fd0825d0 JavaThread "File watcher server" daemon [_thread_in_native, id=22720, stack(0x0000006082a00000,0x0000006082b00000)]
  0x000001a4fd083500 JavaThread "File watcher consumer" daemon [_thread_blocked, id=4856, stack(0x0000006082b00000,0x0000006082c00000)]
  0x000001a4fd084e50 JavaThread "Cache worker for checksums cache (G:\proyeksaya\kyusui\android\.gradle\8.8\checksums)" [_thread_blocked, id=17928, stack(0x0000006082c00000,0x0000006082d00000)]
  0x000001a4fd083f20 JavaThread "Cache worker for file content cache (C:\Users\rizta\.gradle\caches\8.8\fileContent)" [_thread_blocked, id=11352, stack(0x0000006082d00000,0x0000006082e00000)]
  0x000001a4fe990000 JavaThread "Cache worker for cache directory md-rule (C:\Users\rizta\.gradle\caches\8.8\md-rule)" [_thread_blocked, id=9940, stack(0x0000006082e00000,0x0000006082f00000)]
  0x000001a4fe98f5e0 JavaThread "Cache worker for cache directory md-supplier (C:\Users\rizta\.gradle\caches\8.8\md-supplier)" [_thread_blocked, id=4064, stack(0x0000006082f00000,0x0000006083000000)]
  0x000001a4fe990a20 JavaThread "File lock release action executor Thread 2" [_thread_blocked, id=24256, stack(0x0000006083000000,0x0000006083100000)]
  0x000001a4fe990f30 JavaThread "Cache worker for Build Output Cleanup Cache (G:\proyeksaya\kyusui\android\.gradle\buildOutputCleanup)" [_thread_blocked, id=24516, stack(0x0000006083400000,0x0000006083500000)]
  0x000001a4fe992370 JavaThread "Unconstrained build operations" [_thread_blocked, id=21748, stack(0x0000006083500000,0x0000006083600000)]
  0x000001a4fe98f0d0 JavaThread "Unconstrained build operations Thread 2" [_thread_blocked, id=24228, stack(0x0000006080300000,0x0000006080400000)]
  0x000001a4fe990510 JavaThread "Unconstrained build operations Thread 3" [_thread_blocked, id=9680, stack(0x0000006080500000,0x0000006080600000)]
  0x000001a4fe991950 JavaThread "Unconstrained build operations Thread 4" [_thread_blocked, id=20420, stack(0x0000006082300000,0x0000006082400000)]
  0x000001a4fe991e60 JavaThread "Unconstrained build operations Thread 5" [_thread_blocked, id=2664, stack(0x0000006083600000,0x0000006083700000)]
  0x000001a4fd0816a0 JavaThread "Unconstrained build operations Thread 6" [_thread_blocked, id=12368, stack(0x0000006083700000,0x0000006083800000)]
  0x000001a4fea0ff40 JavaThread "Unconstrained build operations Thread 7" [_thread_blocked, id=24280, stack(0x0000006083800000,0x0000006083900000)]
  0x000001a4fea10e70 JavaThread "Unconstrained build operations Thread 8" [_thread_blocked, id=12768, stack(0x0000006083900000,0x0000006083a00000)]
  0x000001a4fea10450 JavaThread "Unconstrained build operations Thread 9" [_thread_blocked, id=7868, stack(0x0000006083a00000,0x0000006083b00000)]
  0x000001a4fea10960 JavaThread "Unconstrained build operations Thread 10" [_thread_blocked, id=24844, stack(0x0000006082800000,0x0000006082900000)]
  0x000001a4fea0f010 JavaThread "Unconstrained build operations Thread 11" [_thread_blocked, id=24876, stack(0x0000006083b00000,0x0000006083c00000)]
  0x000001a4fea11380 JavaThread "Unconstrained build operations Thread 12" [_thread_blocked, id=15356, stack(0x0000006083c00000,0x0000006083d00000)]
  0x000001a4fea0dbd0 JavaThread "Memory manager" [_thread_blocked, id=15484, stack(0x0000006083200000,0x0000006083300000)]
  0x000001a4fea11890 JavaThread "build event listener" [_thread_blocked, id=24560, stack(0x0000006083d00000,0x0000006083e00000)]

Other Threads:
  0x000001a4b6efa8e0 VMThread "VM Thread" [stack: 0x0000006080b00000,0x0000006080c00000] [id=24272]
  0x000001a4992ab0f0 WatcherThread [stack: 0x0000006081700000,0x0000006081800000] [id=24224]
  0x000001a499308720 GCTaskThread "GC Thread#0" [stack: 0x0000006080600000,0x0000006080700000] [id=17992]
  0x000001a4fc243290 GCTaskThread "GC Thread#1" [stack: 0x0000006081800000,0x0000006081900000] [id=21036]
  0x000001a4fc5f1970 GCTaskThread "GC Thread#2" [stack: 0x0000006081900000,0x0000006081a00000] [id=24504]
  0x000001a4fc5f1c30 GCTaskThread "GC Thread#3" [stack: 0x0000006081a00000,0x0000006081b00000] [id=24124]
  0x000001a499319580 ConcurrentGCThread "G1 Main Marker" [stack: 0x0000006080700000,0x0000006080800000] [id=23040]
  0x000001a49931aec0 ConcurrentGCThread "G1 Conc#0" [stack: 0x0000006080800000,0x0000006080900000] [id=23024]
  0x000001a4b6db41e0 ConcurrentGCThread "G1 Refine#0" [stack: 0x0000006080900000,0x0000006080a00000] [id=2224]
  0x000001a4feacba40 ConcurrentGCThread "G1 Refine#1" [stack: 0x0000006083100000,0x0000006083200000] [id=18096]
  0x000001a4b6db48c0 ConcurrentGCThread "G1 Service" [stack: 0x0000006080a00000,0x0000006080b00000] [id=21288]

Threads with active compile tasks:

VM state: not at safepoint (normal execution)

VM Mutex/Monitor currently owned by a thread:  ([mutex/lock_event])
[0x000001a4971fd8d0] Metaspace_lock - owner thread: 0x000001a4fc569800

Heap address: 0x0000000080000000, size: 2048 MB, Compressed Oops mode: 32-bit

CDS archive(s) mapped at: [0x000001a4b7000000-0x000001a4b7bb0000-0x000001a4b7bb0000), size 12255232, SharedBaseAddress: 0x000001a4b7000000, ArchiveRelocationMode: 1.
Compressed class space mapped at: 0x000001a4b8000000-0x000001a4f8000000, reserved size: 1073741824
Narrow klass base: 0x000001a4b7000000, Narrow klass shift: 0, Narrow klass range: 0x100000000

GC Precious Log:
 CPUs: 4 total, 4 available
 Memory: 20317M
 Large Page Support: Disabled
 NUMA Support: Disabled
 Compressed Oops: Enabled (32-bit)
 Heap Region Size: 1M
 Heap Min Capacity: 8M
 Heap Initial Capacity: 318M
 Heap Max Capacity: 2G
 Pre-touch: Disabled
 Parallel Workers: 4
 Concurrent Workers: 1
 Concurrent Refinement Workers: 4
 Periodic GC: Disabled

Heap:
 garbage-first heap   total 142336K, used 117958K [0x0000000080000000, 0x0000000100000000)
  region size 1024K, 34 young (34816K), 1 survivors (1024K)
 Metaspace       used 80291K, committed 80960K, reserved 1179648K
  class space    used 11142K, committed 11520K, reserved 1048576K

Heap Regions: E=young(eden), S=young(survivor), O=old, HS=humongous(starts), HC=humongous(continues), CS=collection set, F=free, OA=open archive, CA=closed archive, TAMS=top-at-mark-start (previous, next)
|   0|0x0000000080000000, 0x0000000080100000, 0x0000000080100000|100%| O|  |TAMS 0x0000000080100000, 0x0000000080000000| Untracked 
|   1|0x0000000080100000, 0x0000000080200000, 0x0000000080200000|100%|HS|  |TAMS 0x0000000080200000, 0x0000000080100000| Complete 
|   2|0x0000000080200000, 0x0000000080300000, 0x0000000080300000|100%|HC|  |TAMS 0x0000000080300000, 0x0000000080200000| Complete 
|   3|0x0000000080300000, 0x0000000080400000, 0x0000000080400000|100%|HC|  |TAMS 0x0000000080400000, 0x0000000080300000| Complete 
|   4|0x0000000080400000, 0x0000000080500000, 0x0000000080500000|100%|HC|  |TAMS 0x0000000080500000, 0x0000000080400000| Complete 
|   5|0x0000000080500000, 0x0000000080600000, 0x0000000080600000|100%| O|  |TAMS 0x0000000080600000, 0x0000000080500000| Untracked 
|   6|0x0000000080600000, 0x0000000080700000, 0x0000000080700000|100%| O|  |TAMS 0x0000000080700000, 0x0000000080600000| Untracked 
|   7|0x0000000080700000, 0x0000000080800000, 0x0000000080800000|100%| O|  |TAMS 0x0000000080800000, 0x0000000080700000| Untracked 
|   8|0x0000000080800000, 0x0000000080900000, 0x0000000080900000|100%| O|  |TAMS 0x0000000080900000, 0x0000000080800000| Untracked 
|   9|0x0000000080900000, 0x0000000080a00000, 0x0000000080a00000|100%| O|  |TAMS 0x0000000080a00000, 0x0000000080900000| Untracked 
|  10|0x0000000080a00000, 0x0000000080b00000, 0x0000000080b00000|100%| O|  |TAMS 0x0000000080b00000, 0x0000000080a00000| Untracked 
|  11|0x0000000080b00000, 0x0000000080c00000, 0x0000000080c00000|100%|HS|  |TAMS 0x0000000080c00000, 0x0000000080b00000| Complete 
|  12|0x0000000080c00000, 0x0000000080d00000, 0x0000000080d00000|100%| O|  |TAMS 0x0000000080d00000, 0x0000000080c00000| Untracked 
|  13|0x0000000080d00000, 0x0000000080e00000, 0x0000000080e00000|100%| O|  |TAMS 0x0000000080e00000, 0x0000000080d00000| Untracked 
|  14|0x0000000080e00000, 0x0000000080f00000, 0x0000000080f00000|100%| O|  |TAMS 0x0000000080f00000, 0x0000000080e00000| Untracked 
|  15|0x0000000080f00000, 0x0000000081000000, 0x0000000081000000|100%| O|  |TAMS 0x0000000081000000, 0x0000000080f00000| Untracked 
|  16|0x0000000081000000, 0x0000000081100000, 0x0000000081100000|100%| O|  |TAMS 0x0000000081100000, 0x0000000081000000| Untracked 
|  17|0x0000000081100000, 0x0000000081200000, 0x0000000081200000|100%| O|  |TAMS 0x0000000081200000, 0x0000000081100000| Untracked 
|  18|0x0000000081200000, 0x0000000081300000, 0x0000000081300000|100%| O|  |TAMS 0x0000000081300000, 0x0000000081200000| Untracked 
|  19|0x0000000081300000, 0x0000000081400000, 0x0000000081400000|100%| O|  |TAMS 0x0000000081400000, 0x0000000081300000| Untracked 
|  20|0x0000000081400000, 0x0000000081500000, 0x0000000081500000|100%| O|  |TAMS 0x0000000081500000, 0x0000000081400000| Untracked 
|  21|0x0000000081500000, 0x0000000081600000, 0x0000000081600000|100%| O|  |TAMS 0x0000000081600000, 0x0000000081500000| Untracked 
|  22|0x0000000081600000, 0x0000000081700000, 0x0000000081700000|100%| O|  |TAMS 0x0000000081700000, 0x0000000081600000| Untracked 
|  23|0x0000000081700000, 0x0000000081800000, 0x0000000081800000|100%| O|  |TAMS 0x0000000081800000, 0x0000000081700000| Untracked 
|  24|0x0000000081800000, 0x0000000081900000, 0x0000000081900000|100%| O|  |TAMS 0x0000000081900000, 0x0000000081800000| Untracked 
|  25|0x0000000081900000, 0x0000000081a00000, 0x0000000081a00000|100%| O|  |TAMS 0x0000000081a00000, 0x0000000081900000| Untracked 
|  26|0x0000000081a00000, 0x0000000081b00000, 0x0000000081b00000|100%| O|  |TAMS 0x0000000081b00000, 0x0000000081a00000| Untracked 
|  27|0x0000000081b00000, 0x0000000081c00000, 0x0000000081c00000|100%| O|  |TAMS 0x0000000081c00000, 0x0000000081b00000| Untracked 
|  28|0x0000000081c00000, 0x0000000081d00000, 0x0000000081d00000|100%| O|  |TAMS 0x0000000081d00000, 0x0000000081c00000| Untracked 
|  29|0x0000000081d00000, 0x0000000081e00000, 0x0000000081e00000|100%| O|  |TAMS 0x0000000081e00000, 0x0000000081d00000| Untracked 
|  30|0x0000000081e00000, 0x0000000081f00000, 0x0000000081f00000|100%| O|  |TAMS 0x0000000081f00000, 0x0000000081e00000| Untracked 
|  31|0x0000000081f00000, 0x0000000082000000, 0x0000000082000000|100%| O|  |TAMS 0x0000000082000000, 0x0000000081f00000| Untracked 
|  32|0x0000000082000000, 0x0000000082100000, 0x0000000082100000|100%| O|  |TAMS 0x0000000082100000, 0x0000000082000000| Untracked 
|  33|0x0000000082100000, 0x0000000082200000, 0x0000000082200000|100%| O|  |TAMS 0x0000000082200000, 0x0000000082100000| Untracked 
|  34|0x0000000082200000, 0x0000000082300000, 0x0000000082300000|100%| O|  |TAMS 0x0000000082300000, 0x0000000082200000| Untracked 
|  35|0x0000000082300000, 0x0000000082400000, 0x0000000082400000|100%| O|  |TAMS 0x0000000082400000, 0x0000000082300000| Untracked 
|  36|0x0000000082400000, 0x0000000082500000, 0x0000000082500000|100%| O|  |TAMS 0x0000000082500000, 0x0000000082400000| Untracked 
|  37|0x0000000082500000, 0x0000000082600000, 0x0000000082600000|100%| O|  |TAMS 0x0000000082600000, 0x0000000082500000| Untracked 
|  38|0x0000000082600000, 0x0000000082700000, 0x0000000082700000|100%| O|  |TAMS 0x0000000082700000, 0x0000000082600000| Untracked 
|  39|0x0000000082700000, 0x0000000082800000, 0x0000000082800000|100%| O|  |TAMS 0x0000000082800000, 0x0000000082700000| Untracked 
|  40|0x0000000082800000, 0x0000000082900000, 0x0000000082900000|100%| O|  |TAMS 0x0000000082900000, 0x0000000082800000| Untracked 
|  41|0x0000000082900000, 0x0000000082900000, 0x0000000082a00000|  0%| F|  |TAMS 0x0000000082900000, 0x0000000082900000| Untracked 
|  42|0x0000000082a00000, 0x0000000082b00000, 0x0000000082b00000|100%| O|  |TAMS 0x0000000082b00000, 0x0000000082a00000| Untracked 
|  43|0x0000000082b00000, 0x0000000082c00000, 0x0000000082c00000|100%|HS|  |TAMS 0x0000000082c00000, 0x0000000082b00000| Complete 
|  44|0x0000000082c00000, 0x0000000082d00000, 0x0000000082d00000|100%|HS|  |TAMS 0x0000000082d00000, 0x0000000082c00000| Complete 
|  45|0x0000000082d00000, 0x0000000082e00000, 0x0000000082e00000|100%|HC|  |TAMS 0x0000000082e00000, 0x0000000082d00000| Complete 
|  46|0x0000000082e00000, 0x0000000082f00000, 0x0000000082f00000|100%|HS|  |TAMS 0x0000000082f00000, 0x0000000082e00000| Complete 
|  47|0x0000000082f00000, 0x0000000083000000, 0x0000000083000000|100%| O|  |TAMS 0x0000000083000000, 0x0000000082f00000| Untracked 
|  48|0x0000000083000000, 0x0000000083100000, 0x0000000083100000|100%|HS|  |TAMS 0x0000000083100000, 0x0000000083000000| Complete 
|  49|0x0000000083100000, 0x0000000083200000, 0x0000000083200000|100%| O|  |TAMS 0x0000000083200000, 0x0000000083100000| Untracked 
|  50|0x0000000083200000, 0x0000000083300000, 0x0000000083300000|100%| O|  |TAMS 0x0000000083300000, 0x0000000083200000| Untracked 
|  51|0x0000000083300000, 0x0000000083400000, 0x0000000083400000|100%|HS|  |TAMS 0x0000000083400000, 0x0000000083300000| Complete 
|  52|0x0000000083400000, 0x0000000083500000, 0x0000000083500000|100%|HC|  |TAMS 0x0000000083500000, 0x0000000083400000| Complete 
|  53|0x0000000083500000, 0x0000000083600000, 0x0000000083600000|100%|HC|  |TAMS 0x0000000083600000, 0x0000000083500000| Complete 
|  54|0x0000000083600000, 0x0000000083700000, 0x0000000083700000|100%|HS|  |TAMS 0x0000000083700000, 0x0000000083600000| Complete 
|  55|0x0000000083700000, 0x0000000083800000, 0x0000000083800000|100%| O|  |TAMS 0x0000000083800000, 0x0000000083700000| Untracked 
|  56|0x0000000083800000, 0x0000000083900000, 0x0000000083900000|100%| O|  |TAMS 0x0000000083900000, 0x0000000083800000| Untracked 
|  57|0x0000000083900000, 0x0000000083a00000, 0x0000000083a00000|100%| O|  |TAMS 0x0000000083a00000, 0x0000000083900000| Untracked 
|  58|0x0000000083a00000, 0x0000000083b00000, 0x0000000083b00000|100%| O|  |TAMS 0x0000000083b00000, 0x0000000083a00000| Untracked 
|  59|0x0000000083b00000, 0x0000000083c00000, 0x0000000083c00000|100%|HS|  |TAMS 0x0000000083c00000, 0x0000000083b00000| Complete 
|  60|0x0000000083c00000, 0x0000000083d00000, 0x0000000083d00000|100%| O|  |TAMS 0x0000000083d00000, 0x0000000083c00000| Untracked 
|  61|0x0000000083d00000, 0x0000000083e00000, 0x0000000083e00000|100%|HS|  |TAMS 0x0000000083e00000, 0x0000000083d00000| Complete 
|  62|0x0000000083e00000, 0x0000000083f00000, 0x0000000083f00000|100%|HC|  |TAMS 0x0000000083f00000, 0x0000000083e00000| Complete 
|  63|0x0000000083f00000, 0x0000000084000000, 0x0000000084000000|100%| O|  |TAMS 0x0000000084000000, 0x0000000083f00000| Untracked 
|  64|0x0000000084000000, 0x0000000084100000, 0x0000000084100000|100%| O|  |TAMS 0x0000000084100000, 0x0000000084000000| Untracked 
|  65|0x0000000084100000, 0x0000000084200000, 0x0000000084200000|100%| O|  |TAMS 0x0000000084200000, 0x0000000084100000| Untracked 
|  66|0x0000000084200000, 0x0000000084300000, 0x0000000084300000|100%| O|  |TAMS 0x0000000084300000, 0x0000000084200000| Untracked 
|  67|0x0000000084300000, 0x0000000084400000, 0x0000000084400000|100%| O|  |TAMS 0x0000000084400000, 0x0000000084300000| Untracked 
|  68|0x0000000084400000, 0x0000000084500000, 0x0000000084500000|100%| O|  |TAMS 0x0000000084500000, 0x0000000084400000| Untracked 
|  69|0x0000000084500000, 0x0000000084600000, 0x0000000084600000|100%| O|  |TAMS 0x0000000084600000, 0x0000000084500000| Untracked 
|  70|0x0000000084600000, 0x0000000084700000, 0x0000000084700000|100%| O|  |TAMS 0x0000000084700000, 0x0000000084600000| Untracked 
|  71|0x0000000084700000, 0x0000000084800000, 0x0000000084800000|100%| O|  |TAMS 0x0000000084800000, 0x0000000084700000| Untracked 
|  72|0x0000000084800000, 0x0000000084900000, 0x0000000084900000|100%|HS|  |TAMS 0x0000000084900000, 0x0000000084800000| Complete 
|  73|0x0000000084900000, 0x0000000084a00000, 0x0000000084a00000|100%|HC|  |TAMS 0x0000000084a00000, 0x0000000084900000| Complete 
|  74|0x0000000084a00000, 0x0000000084b00000, 0x0000000084b00000|100%|HC|  |TAMS 0x0000000084b00000, 0x0000000084a00000| Complete 
|  75|0x0000000084b00000, 0x0000000084c00000, 0x0000000084c00000|100%| O|  |TAMS 0x0000000084c00000, 0x0000000084b00000| Untracked 
|  76|0x0000000084c00000, 0x0000000084d00000, 0x0000000084d00000|100%| O|  |TAMS 0x0000000084d00000, 0x0000000084c00000| Untracked 
|  77|0x0000000084d00000, 0x0000000084e00000, 0x0000000084e00000|100%| O|  |TAMS 0x0000000084e00000, 0x0000000084d00000| Untracked 
|  78|0x0000000084e00000, 0x0000000084f00000, 0x0000000084f00000|100%| O|  |TAMS 0x0000000084e76200, 0x0000000084e00000| Untracked 
|  79|0x0000000084f00000, 0x0000000085000000, 0x0000000085000000|100%| O|  |TAMS 0x0000000084f00000, 0x0000000084f00000| Untracked 
|  80|0x0000000085000000, 0x0000000085100000, 0x0000000085100000|100%| O|  |TAMS 0x0000000085000000, 0x0000000085000000| Untracked 
|  81|0x0000000085100000, 0x0000000085100000, 0x0000000085200000|  0%| F|  |TAMS 0x0000000085100000, 0x0000000085100000| Untracked 
|  82|0x0000000085200000, 0x0000000085300000, 0x0000000085300000|100%| O|  |TAMS 0x0000000085200000, 0x0000000085200000| Untracked 
|  83|0x0000000085300000, 0x0000000085400000, 0x0000000085400000|100%| O|  |TAMS 0x0000000085300000, 0x0000000085300000| Untracked 
|  84|0x0000000085400000, 0x0000000085431a00, 0x0000000085500000| 19%| O|  |TAMS 0x0000000085400000, 0x0000000085400000| Untracked 
|  85|0x0000000085500000, 0x0000000085500000, 0x0000000085600000|  0%| F|  |TAMS 0x0000000085500000, 0x0000000085500000| Untracked 
|  86|0x0000000085600000, 0x0000000085600000, 0x0000000085700000|  0%| F|  |TAMS 0x0000000085600000, 0x0000000085600000| Untracked 
|  87|0x0000000085700000, 0x0000000085700000, 0x0000000085800000|  0%| F|  |TAMS 0x0000000085700000, 0x0000000085700000| Untracked 
|  88|0x0000000085800000, 0x0000000085800000, 0x0000000085900000|  0%| F|  |TAMS 0x0000000085800000, 0x0000000085800000| Untracked 
|  89|0x0000000085900000, 0x0000000085900000, 0x0000000085a00000|  0%| F|  |TAMS 0x0000000085900000, 0x0000000085900000| Untracked 
|  90|0x0000000085a00000, 0x0000000085a00000, 0x0000000085b00000|  0%| F|  |TAMS 0x0000000085a00000, 0x0000000085a00000| Untracked 
|  91|0x0000000085b00000, 0x0000000085b00000, 0x0000000085c00000|  0%| F|  |TAMS 0x0000000085b00000, 0x0000000085b00000| Untracked 
|  92|0x0000000085c00000, 0x0000000085c00000, 0x0000000085d00000|  0%| F|  |TAMS 0x0000000085c00000, 0x0000000085c00000| Untracked 
|  93|0x0000000085d00000, 0x0000000085d00000, 0x0000000085e00000|  0%| F|  |TAMS 0x0000000085d00000, 0x0000000085d00000| Untracked 
|  94|0x0000000085e00000, 0x0000000085e00000, 0x0000000085f00000|  0%| F|  |TAMS 0x0000000085e00000, 0x0000000085e00000| Untracked 
|  95|0x0000000085f00000, 0x0000000085f00000, 0x0000000086000000|  0%| F|  |TAMS 0x0000000085f00000, 0x0000000085f00000| Untracked 
|  96|0x0000000086000000, 0x0000000086000000, 0x0000000086100000|  0%| F|  |TAMS 0x0000000086000000, 0x0000000086000000| Untracked 
|  97|0x0000000086100000, 0x0000000086100000, 0x0000000086200000|  0%| F|  |TAMS 0x0000000086100000, 0x0000000086100000| Untracked 
|  98|0x0000000086200000, 0x0000000086200000, 0x0000000086300000|  0%| F|  |TAMS 0x0000000086200000, 0x0000000086200000| Untracked 
|  99|0x0000000086300000, 0x0000000086300000, 0x0000000086400000|  0%| F|  |TAMS 0x0000000086300000, 0x0000000086300000| Untracked 
| 100|0x0000000086400000, 0x0000000086400000, 0x0000000086500000|  0%| F|  |TAMS 0x0000000086400000, 0x0000000086400000| Untracked 
| 101|0x0000000086500000, 0x0000000086500000, 0x0000000086600000|  0%| F|  |TAMS 0x0000000086500000, 0x0000000086500000| Untracked 
| 102|0x0000000086600000, 0x0000000086600000, 0x0000000086700000|  0%| F|  |TAMS 0x0000000086600000, 0x0000000086600000| Untracked 
| 103|0x0000000086700000, 0x0000000086700000, 0x0000000086800000|  0%| F|  |TAMS 0x0000000086700000, 0x0000000086700000| Untracked 
| 104|0x0000000086800000, 0x0000000086800000, 0x0000000086900000|  0%| F|  |TAMS 0x0000000086800000, 0x0000000086800000| Untracked 
| 105|0x0000000086900000, 0x0000000086982710, 0x0000000086a00000| 50%| E|  |TAMS 0x0000000086900000, 0x0000000086900000| Complete 
| 106|0x0000000086a00000, 0x0000000086b00000, 0x0000000086b00000|100%| S|CS|TAMS 0x0000000086a00000, 0x0000000086a00000| Complete 
| 107|0x0000000086b00000, 0x0000000086c00000, 0x0000000086c00000|100%| E|CS|TAMS 0x0000000086b00000, 0x0000000086b00000| Complete 
| 108|0x0000000086c00000, 0x0000000086d00000, 0x0000000086d00000|100%| E|CS|TAMS 0x0000000086c00000, 0x0000000086c00000| Complete 
| 109|0x0000000086d00000, 0x0000000086e00000, 0x0000000086e00000|100%| E|CS|TAMS 0x0000000086d00000, 0x0000000086d00000| Complete 
| 110|0x0000000086e00000, 0x0000000086f00000, 0x0000000086f00000|100%| E|CS|TAMS 0x0000000086e00000, 0x0000000086e00000| Complete 
| 111|0x0000000086f00000, 0x0000000087000000, 0x0000000087000000|100%| E|CS|TAMS 0x0000000086f00000, 0x0000000086f00000| Complete 
| 112|0x0000000087000000, 0x0000000087100000, 0x0000000087100000|100%| E|CS|TAMS 0x0000000087000000, 0x0000000087000000| Complete 
| 113|0x0000000087100000, 0x0000000087200000, 0x0000000087200000|100%| E|CS|TAMS 0x0000000087100000, 0x0000000087100000| Complete 
| 114|0x0000000087200000, 0x0000000087300000, 0x0000000087300000|100%| E|CS|TAMS 0x0000000087200000, 0x0000000087200000| Complete 
| 115|0x0000000087300000, 0x0000000087400000, 0x0000000087400000|100%| E|CS|TAMS 0x0000000087300000, 0x0000000087300000| Complete 
| 116|0x0000000087400000, 0x0000000087500000, 0x0000000087500000|100%| E|CS|TAMS 0x0000000087400000, 0x0000000087400000| Complete 
| 117|0x0000000087500000, 0x0000000087600000, 0x0000000087600000|100%| E|CS|TAMS 0x0000000087500000, 0x0000000087500000| Complete 
| 118|0x0000000087600000, 0x0000000087700000, 0x0000000087700000|100%| E|CS|TAMS 0x0000000087600000, 0x0000000087600000| Complete 
| 119|0x0000000087700000, 0x0000000087800000, 0x0000000087800000|100%| E|CS|TAMS 0x0000000087700000, 0x0000000087700000| Complete 
| 120|0x0000000087800000, 0x0000000087900000, 0x0000000087900000|100%| E|CS|TAMS 0x0000000087800000, 0x0000000087800000| Complete 
| 121|0x0000000087900000, 0x0000000087a00000, 0x0000000087a00000|100%| E|CS|TAMS 0x0000000087900000, 0x0000000087900000| Complete 
| 122|0x0000000087a00000, 0x0000000087b00000, 0x0000000087b00000|100%| E|CS|TAMS 0x0000000087a00000, 0x0000000087a00000| Complete 
| 123|0x0000000087b00000, 0x0000000087c00000, 0x0000000087c00000|100%| E|CS|TAMS 0x0000000087b00000, 0x0000000087b00000| Complete 
| 124|0x0000000087c00000, 0x0000000087d00000, 0x0000000087d00000|100%| E|CS|TAMS 0x0000000087c00000, 0x0000000087c00000| Complete 
| 125|0x0000000087d00000, 0x0000000087e00000, 0x0000000087e00000|100%| E|CS|TAMS 0x0000000087d00000, 0x0000000087d00000| Complete 
| 185|0x000000008b900000, 0x000000008ba00000, 0x000000008ba00000|100%| E|CS|TAMS 0x000000008b900000, 0x000000008b900000| Complete 
| 186|0x000000008ba00000, 0x000000008bb00000, 0x000000008bb00000|100%| E|CS|TAMS 0x000000008ba00000, 0x000000008ba00000| Complete 
| 187|0x000000008bb00000, 0x000000008bc00000, 0x000000008bc00000|100%| E|CS|TAMS 0x000000008bb00000, 0x000000008bb00000| Complete 
| 188|0x000000008bc00000, 0x000000008bd00000, 0x000000008bd00000|100%| E|CS|TAMS 0x000000008bc00000, 0x000000008bc00000| Complete 
| 189|0x000000008bd00000, 0x000000008be00000, 0x000000008be00000|100%| E|CS|TAMS 0x000000008bd00000, 0x000000008bd00000| Complete 
| 190|0x000000008be00000, 0x000000008bf00000, 0x000000008bf00000|100%| E|CS|TAMS 0x000000008be00000, 0x000000008be00000| Complete 
| 191|0x000000008bf00000, 0x000000008c000000, 0x000000008c000000|100%| E|CS|TAMS 0x000000008bf00000, 0x000000008bf00000| Complete 
| 192|0x000000008c000000, 0x000000008c100000, 0x000000008c100000|100%| E|CS|TAMS 0x000000008c000000, 0x000000008c000000| Complete 
| 193|0x000000008c100000, 0x000000008c200000, 0x000000008c200000|100%| E|CS|TAMS 0x000000008c100000, 0x000000008c100000| Complete 
| 194|0x000000008c200000, 0x000000008c300000, 0x000000008c300000|100%| E|CS|TAMS 0x000000008c200000, 0x000000008c200000| Complete 
| 195|0x000000008c300000, 0x000000008c400000, 0x000000008c400000|100%| E|CS|TAMS 0x000000008c300000, 0x000000008c300000| Complete 
| 196|0x000000008c400000, 0x000000008c500000, 0x000000008c500000|100%| E|CS|TAMS 0x000000008c400000, 0x000000008c400000| Complete 
| 317|0x0000000093d00000, 0x0000000093e00000, 0x0000000093e00000|100%| E|CS|TAMS 0x0000000093d00000, 0x0000000093d00000| Complete 

Card table byte_map: [0x000001a4b01d0000,0x000001a4b05d0000] _byte_map_base: 0x000001a4afdd0000

Marking Bits (Prev, Next): (CMBitMap*) 0x000001a499308c90, (CMBitMap*) 0x000001a499308c50
 Prev Bits: [0x000001a4b29d0000, 0x000001a4b49d0000)
 Next Bits: [0x000001a4b09d0000, 0x000001a4b29d0000)

Polling page: 0x000001a497200000

Metaspace:

Usage:
  Non-class:     67.53 MB used.
      Class:     10.88 MB used.
       Both:     78.41 MB used.

Virtual space:
  Non-class space:      128.00 MB reserved,      67.81 MB ( 53%) committed,  2 nodes.
      Class space:        1.00 GB reserved,      11.25 MB (  1%) committed,  1 nodes.
             Both:        1.12 GB reserved,      79.06 MB (  7%) committed. 

Chunk freelists:
   Non-Class:  11.30 MB
       Class:  4.67 MB
        Both:  15.97 MB

MaxMetaspaceSize: unlimited
CompressedClassSpaceSize: 1.00 GB
Initial GC threshold: 21.00 MB
Current GC threshold: 121.50 MB
CDS: on
MetaspaceReclaimPolicy: balanced
 - commit_granule_bytes: 65536.
 - commit_granule_words: 8192.
 - virtual_space_node_default_size: 8388608.
 - enlarge_chunks_in_place: 1.
 - new_chunks_are_fully_committed: 0.
 - uncommit_free_chunks: 1.
 - use_allocation_guard: 0.
 - handle_deallocations: 1.


Internal statistics:

num_allocs_failed_limit: 6.
num_arena_births: 894.
num_arena_deaths: 0.
num_vsnodes_births: 3.
num_vsnodes_deaths: 0.
num_space_committed: 1265.
num_space_uncommitted: 0.
num_chunks_returned_to_freelist: 6.
num_chunks_taken_from_freelist: 4217.
num_chunk_merges: 6.
num_chunk_splits: 2808.
num_chunks_enlarged: 1905.
num_inconsistent_stats: 0.

CodeHeap 'non-profiled nmethods': size=120000Kb used=5407Kb max_used=5958Kb free=114592Kb
 bounds [0x000001a4a88a0000, 0x000001a4a8e80000, 0x000001a4afdd0000]
CodeHeap 'profiled nmethods': size=120000Kb used=16728Kb max_used=18702Kb free=103272Kb
 bounds [0x000001a4a0dd0000, 0x000001a4a2020000, 0x000001a4a8300000]
CodeHeap 'non-nmethods': size=5760Kb used=1693Kb max_used=1773Kb free=4066Kb
 bounds [0x000001a4a8300000, 0x000001a4a8570000, 0x000001a4a88a0000]
 total_blobs=9738 nmethods=8957 adapters=692
 compilation: enabled
              stopped_count=0, restarted_count=0
 full_count=0

Compilation events (20 events):
Event: 204.651 Thread 0x000001a4fc0292a0 10522       3       net.rubygrapefruit.platform.internal.jni.AbstractFileEventFunctions$NativeFileWatcherCallback::reportChangeEvent (21 bytes)
Event: 204.652 Thread 0x000001a4fc0292a0 nmethod 10522 0x000001a4a0e6d190 code [0x000001a4a0e6d380, 0x000001a4a0e6d8f8]
Event: 204.652 Thread 0x000001a4fc0292a0 10523       3       net.rubygrapefruit.platform.internal.jni.AbstractFileEventFunctions$ChangeEvent::<init> (15 bytes)
Event: 204.652 Thread 0x000001a4fc0292a0 nmethod 10523 0x000001a4a0e81310 code [0x000001a4a0e814c0, 0x000001a4a0e816d8]
Event: 204.652 Thread 0x000001a4fc0292a0 10524       3       net.rubygrapefruit.platform.internal.jni.AbstractFileEventFunctions$NativeFileWatcherCallback::queueEvent (39 bytes)
Event: 204.653 Thread 0x000001a4fc0292a0 nmethod 10524 0x000001a4a0ec2a90 code [0x000001a4a0ec2c80, 0x000001a4a0ec31d8]
Event: 204.674 Thread 0x000001a4fc0292a0 10525       3       org.gradle.internal.event.ListenerBroadcast::add (14 bytes)
Event: 204.674 Thread 0x000001a4fc0292a0 nmethod 10525 0x000001a4a0f4c310 code [0x000001a4a0f4c4c0, 0x000001a4a0f4c6e8]
Event: 204.763 Thread 0x000001a4fc0292a0 10526       3       org.gradle.internal.event.BroadcastDispatch::assertIsMethod (76 bytes)
Event: 204.764 Thread 0x000001a4fc0292a0 nmethod 10526 0x000001a4a15d0310 code [0x000001a4a15d05c0, 0x000001a4a15d1468]
Event: 204.858 Thread 0x000001a4fc0292a0 10527       3       org.gradle.internal.event.BroadcastDispatch$ActionInvocationHandler::<init> (15 bytes)
Event: 204.858 Thread 0x000001a4fc0292a0 nmethod 10527 0x000001a4a10e5690 code [0x000001a4a10e5840, 0x000001a4a10e5a58]
Event: 204.858 Thread 0x000001a4fc022fa0 10528       4       org.gradle.tooling.internal.provider.runner.ClientBuildEventGenerator$Disabled::accept (20 bytes)
Event: 204.859 Thread 0x000001a4fc0292a0 10529       3       org.gradle.internal.code.DefaultUserCodeApplicationContext::reapplyCurrentLater (23 bytes)
Event: 204.859 Thread 0x000001a4fc0292a0 nmethod 10529 0x000001a4a0f5f710 code [0x000001a4a0f5f8e0, 0x000001a4a0f5fe68]
Event: 204.860 Thread 0x000001a4fc0292a0 10530       3       org.gradle.api.internal.artifacts.configurations.DefaultConfiguration$ConfigurationResolvableDependencies::beforeResolve (26 bytes)
Event: 204.860 Thread 0x000001a4fc022fa0 nmethod 10528 0x000001a4a8b23890 code [0x000001a4a8b23a20, 0x000001a4a8b23b38]
Event: 204.860 Thread 0x000001a4fc0292a0 nmethod 10530 0x000001a4a0eb7890 code [0x000001a4a0eb7aa0, 0x000001a4a0eb8318]
Event: 204.950 Thread 0x000001a4fc0292a0 10531       3       java.util.WeakHashMap::newTable (5 bytes)
Event: 204.950 Thread 0x000001a4fc0292a0 nmethod 10531 0x000001a4a0ee7b10 code [0x000001a4a0ee7ca0, 0x000001a4a0ee7e58]

GC Heap History (20 events):
Event: 163.886 GC heap before
{Heap before GC invocations=47 (full 0):
 garbage-first heap   total 128000K, used 75213K [0x0000000080000000, 0x0000000100000000)
  region size 1024K, 6 young (6144K), 3 survivors (3072K)
 Metaspace       used 67206K, committed 67904K, reserved 1114112K
  class space    used 9165K, committed 9536K, reserved 1048576K
}
Event: 163.891 GC heap after
{Heap after GC invocations=48 (full 0):
 garbage-first heap   total 128000K, used 72937K [0x0000000080000000, 0x0000000100000000)
  region size 1024K, 1 young (1024K), 1 survivors (1024K)
 Metaspace       used 67206K, committed 67904K, reserved 1114112K
  class space    used 9165K, committed 9536K, reserved 1048576K
}
Event: 168.481 GC heap before
{Heap before GC invocations=48 (full 0):
 garbage-first heap   total 128000K, used 100585K [0x0000000080000000, 0x0000000100000000)
  region size 1024K, 28 young (28672K), 1 survivors (1024K)
 Metaspace       used 69261K, committed 69888K, reserved 1114112K
  class space    used 9459K, committed 9792K, reserved 1048576K
}
Event: 168.484 GC heap after
{Heap after GC invocations=49 (full 0):
 garbage-first heap   total 128000K, used 73679K [0x0000000080000000, 0x0000000100000000)
  region size 1024K, 2 young (2048K), 2 survivors (2048K)
 Metaspace       used 69261K, committed 69888K, reserved 1114112K
  class space    used 9459K, committed 9792K, reserved 1048576K
}
Event: 174.797 GC heap before
{Heap before GC invocations=50 (full 0):
 garbage-first heap   total 128000K, used 105423K [0x0000000080000000, 0x0000000100000000)
  region size 1024K, 30 young (30720K), 2 survivors (2048K)
 Metaspace       used 70959K, committed 71616K, reserved 1114112K
  class space    used 9709K, committed 10048K, reserved 1048576K
}
Event: 174.803 GC heap after
{Heap after GC invocations=51 (full 0):
 garbage-first heap   total 128000K, used 78247K [0x0000000080000000, 0x0000000100000000)
  region size 1024K, 3 young (3072K), 3 survivors (3072K)
 Metaspace       used 70959K, committed 71616K, reserved 1114112K
  class space    used 9709K, committed 10048K, reserved 1048576K
}
Event: 175.324 GC heap before
{Heap before GC invocations=51 (full 0):
 garbage-first heap   total 128000K, used 80295K [0x0000000080000000, 0x0000000100000000)
  region size 1024K, 6 young (6144K), 3 survivors (3072K)
 Metaspace       used 71172K, committed 71808K, reserved 1114112K
  class space    used 9730K, committed 10048K, reserved 1048576K
}
Event: 175.333 GC heap after
{Heap after GC invocations=52 (full 0):
 garbage-first heap   total 128000K, used 78031K [0x0000000080000000, 0x0000000100000000)
  region size 1024K, 1 young (1024K), 1 survivors (1024K)
 Metaspace       used 71172K, committed 71808K, reserved 1114112K
  class space    used 9730K, committed 10048K, reserved 1048576K
}
Event: 177.947 GC heap before
{Heap before GC invocations=52 (full 0):
 garbage-first heap   total 128000K, used 104655K [0x0000000080000000, 0x0000000100000000)
  region size 1024K, 27 young (27648K), 1 survivors (1024K)
 Metaspace       used 71684K, committed 72384K, reserved 1114112K
  class space    used 9791K, committed 10112K, reserved 1048576K
}
Event: 177.954 GC heap after
{Heap after GC invocations=53 (full 0):
 garbage-first heap   total 128000K, used 82130K [0x0000000080000000, 0x0000000100000000)
  region size 1024K, 4 young (4096K), 4 survivors (4096K)
 Metaspace       used 71684K, committed 72384K, reserved 1114112K
  class space    used 9791K, committed 10112K, reserved 1048576K
}
Event: 180.531 GC heap before
{Heap before GC invocations=53 (full 0):
 garbage-first heap   total 128000K, used 104658K [0x0000000080000000, 0x0000000100000000)
  region size 1024K, 26 young (26624K), 4 survivors (4096K)
 Metaspace       used 72318K, committed 73024K, reserved 1114112K
  class space    used 9870K, committed 10240K, reserved 1048576K
}
Event: 180.539 GC heap after
{Heap after GC invocations=54 (full 0):
 garbage-first heap   total 128000K, used 83349K [0x0000000080000000, 0x0000000100000000)
  region size 1024K, 3 young (3072K), 3 survivors (3072K)
 Metaspace       used 72318K, committed 73024K, reserved 1114112K
  class space    used 9870K, committed 10240K, reserved 1048576K
}
Event: 184.370 GC heap before
{Heap before GC invocations=54 (full 0):
 garbage-first heap   total 128000K, used 103829K [0x0000000080000000, 0x0000000100000000)
  region size 1024K, 24 young (24576K), 3 survivors (3072K)
 Metaspace       used 73896K, committed 74560K, reserved 1114112K
  class space    used 10076K, committed 10432K, reserved 1048576K
}
Event: 184.378 GC heap after
{Heap after GC invocations=55 (full 0):
 garbage-first heap   total 128000K, used 83943K [0x0000000080000000, 0x0000000100000000)
  region size 1024K, 1 young (1024K), 1 survivors (1024K)
 Metaspace       used 73896K, committed 74560K, reserved 1114112K
  class space    used 10076K, committed 10432K, reserved 1048576K
}
Event: 186.991 GC heap before
{Heap before GC invocations=56 (full 0):
 garbage-first heap   total 142336K, used 105447K [0x0000000080000000, 0x0000000100000000)
  region size 1024K, 22 young (22528K), 1 survivors (1024K)
 Metaspace       used 75470K, committed 76096K, reserved 1179648K
  class space    used 10297K, committed 10624K, reserved 1048576K
}
Event: 186.998 GC heap after
{Heap after GC invocations=57 (full 0):
 garbage-first heap   total 142336K, used 84762K [0x0000000080000000, 0x0000000100000000)
  region size 1024K, 2 young (2048K), 2 survivors (2048K)
 Metaspace       used 75470K, committed 76096K, reserved 1179648K
  class space    used 10297K, committed 10624K, reserved 1048576K
}
Event: 188.927 GC heap before
{Heap before GC invocations=57 (full 0):
 garbage-first heap   total 142336K, used 88858K [0x0000000080000000, 0x0000000100000000)
  region size 1024K, 6 young (6144K), 2 survivors (2048K)
 Metaspace       used 75730K, committed 76416K, reserved 1179648K
  class space    used 10324K, committed 10688K, reserved 1048576K
}
Event: 188.933 GC heap after
{Heap after GC invocations=58 (full 0):
 garbage-first heap   total 142336K, used 85190K [0x0000000080000000, 0x0000000100000000)
  region size 1024K, 1 young (1024K), 1 survivors (1024K)
 Metaspace       used 75730K, committed 76416K, reserved 1179648K
  class space    used 10324K, committed 10688K, reserved 1048576K
}
Event: 197.226 GC heap before
{Heap before GC invocations=58 (full 0):
 garbage-first heap   total 142336K, used 116934K [0x0000000080000000, 0x0000000100000000)
  region size 1024K, 32 young (32768K), 1 survivors (1024K)
 Metaspace       used 78009K, committed 78656K, reserved 1179648K
  class space    used 10725K, committed 11072K, reserved 1048576K
}
Event: 197.232 GC heap after
{Heap after GC invocations=59 (full 0):
 garbage-first heap   total 142336K, used 85190K [0x0000000080000000, 0x0000000100000000)
  region size 1024K, 1 young (1024K), 1 survivors (1024K)
 Metaspace       used 78009K, committed 78656K, reserved 1179648K
  class space    used 10725K, committed 11072K, reserved 1048576K
}

Dll operation events (15 events):
Event: 0.109 Loaded shared library G:\proyeksaya\kyusui\jdk17\jdk-17.0.11+9\bin\java.dll
Event: 0.233 Loaded shared library G:\proyeksaya\kyusui\jdk17\jdk-17.0.11+9\bin\jsvml.dll
Event: 1.210 Loaded shared library G:\proyeksaya\kyusui\jdk17\jdk-17.0.11+9\bin\zip.dll
Event: 1.213 Loaded shared library G:\proyeksaya\kyusui\jdk17\jdk-17.0.11+9\bin\instrument.dll
Event: 1.311 Loaded shared library G:\proyeksaya\kyusui\jdk17\jdk-17.0.11+9\bin\net.dll
Event: 1.315 Loaded shared library G:\proyeksaya\kyusui\jdk17\jdk-17.0.11+9\bin\nio.dll
Event: 1.322 Loaded shared library G:\proyeksaya\kyusui\jdk17\jdk-17.0.11+9\bin\zip.dll
Event: 6.263 Loaded shared library G:\proyeksaya\kyusui\jdk17\jdk-17.0.11+9\bin\jimage.dll
Event: 8.788 Loaded shared library G:\proyeksaya\kyusui\jdk17\jdk-17.0.11+9\bin\verify.dll
Event: 10.347 Loaded shared library C:\Users\rizta\.gradle\native\c067742578af261105cb4f569cf0c3c89f3d7b1fecec35dd04571415982c5e48\windows-amd64\native-platform.dll
Event: 10.398 Loaded shared library C:\Users\rizta\.gradle\native\100fb08df4bc3b14c8652ba06237920a3bd2aa13389f12d3474272988ae205f9\windows-amd64\native-platform-file-events.dll
Event: 25.585 Loaded shared library G:\proyeksaya\kyusui\jdk17\jdk-17.0.11+9\bin\management.dll
Event: 25.589 Loaded shared library G:\proyeksaya\kyusui\jdk17\jdk-17.0.11+9\bin\management_ext.dll
Event: 26.874 Loaded shared library G:\proyeksaya\kyusui\jdk17\jdk-17.0.11+9\bin\extnet.dll
Event: 31.510 Loaded shared library G:\proyeksaya\kyusui\jdk17\jdk-17.0.11+9\bin\sunmscapi.dll

Deoptimization events (20 events):
Event: 194.964 Thread 0x000001a4fc569800 DEOPT PACKING pc=0x000001a4a8b1b310 sp=0x00000060821f7120
Event: 194.964 Thread 0x000001a4fc569800 DEOPT UNPACKING pc=0x000001a4a83569a3 sp=0x00000060821f70c8 mode 2
Event: 197.243 Thread 0x000001a4fc569800 Uncommon trap: trap_request=0xffffffde fr.pc=0x000001a4a8a69278 relative=0x00000000000003b8
Event: 197.243 Thread 0x000001a4fc569800 Uncommon trap: reason=class_check action=maybe_recompile pc=0x000001a4a8a69278 method=java.lang.StringConcatHelper.stringOf(Ljava/lang/Object;)Ljava/lang/String; @ 5 c2
Event: 197.243 Thread 0x000001a4fc569800 DEOPT PACKING pc=0x000001a4a8a69278 sp=0x00000060821f8cd0
Event: 197.243 Thread 0x000001a4fc569800 DEOPT UNPACKING pc=0x000001a4a83569a3 sp=0x00000060821f8c10 mode 2
Event: 200.394 Thread 0x000001a4fc569800 Uncommon trap: trap_request=0xffffffde fr.pc=0x000001a4a8a69278 relative=0x00000000000003b8
Event: 200.394 Thread 0x000001a4fc569800 Uncommon trap: reason=class_check action=maybe_recompile pc=0x000001a4a8a69278 method=java.lang.StringConcatHelper.stringOf(Ljava/lang/Object;)Ljava/lang/String; @ 5 c2
Event: 200.394 Thread 0x000001a4fc569800 DEOPT PACKING pc=0x000001a4a8a69278 sp=0x00000060821f8cd0
Event: 200.394 Thread 0x000001a4fc569800 DEOPT UNPACKING pc=0x000001a4a83569a3 sp=0x00000060821f8c10 mode 2
Event: 203.606 Thread 0x000001a4fc569800 Uncommon trap: trap_request=0xffffffde fr.pc=0x000001a4a8a69278 relative=0x00000000000003b8
Event: 203.606 Thread 0x000001a4fc569800 Uncommon trap: reason=class_check action=maybe_recompile pc=0x000001a4a8a69278 method=java.lang.StringConcatHelper.stringOf(Ljava/lang/Object;)Ljava/lang/String; @ 5 c2
Event: 203.606 Thread 0x000001a4fc569800 DEOPT PACKING pc=0x000001a4a8a69278 sp=0x00000060821f8d50
Event: 203.606 Thread 0x000001a4fc569800 DEOPT UNPACKING pc=0x000001a4a83569a3 sp=0x00000060821f8c90 mode 2
Event: 204.074 Thread 0x000001a4fc569800 DEOPT PACKING pc=0x000001a4a1fe751e sp=0x00000060821f7b20
Event: 204.074 Thread 0x000001a4fc569800 DEOPT UNPACKING pc=0x000001a4a8357143 sp=0x00000060821f70c0 mode 0
Event: 204.076 Thread 0x000001a4fc569800 Uncommon trap: trap_request=0xffffff45 fr.pc=0x000001a4a895cd98 relative=0x0000000000000c18
Event: 204.076 Thread 0x000001a4fc569800 Uncommon trap: reason=unstable_if action=reinterpret pc=0x000001a4a895cd98 method=java.util.Properties$LineReader.readLine()I @ 25 c2
Event: 204.076 Thread 0x000001a4fc569800 DEOPT PACKING pc=0x000001a4a895cd98 sp=0x00000060821f8630
Event: 204.076 Thread 0x000001a4fc569800 DEOPT UNPACKING pc=0x000001a4a83569a3 sp=0x00000060821f85c8 mode 2

Classes unloaded (0 events):
No events

Classes redefined (0 events):
No events

Internal exceptions (20 events):
Event: 173.372 Thread 0x000001a4fc569800 Exception <a 'java/lang/ClassNotFoundException'{0x0000000086665570}: org/jetbrains/kotlin/gradle/targets/js/npm/DefaultPeerNpmDependencyExtensionBeanInfo> (0x0000000086665570) 
thrown [s\src\hotspot\share\classfile\systemDictionary.cpp, line 256]
Event: 173.373 Thread 0x000001a4fc569800 Exception <a 'java/lang/ClassNotFoundException'{0x0000000086673628}: org/jetbrains/kotlin/gradle/targets/js/npm/DefaultPeerNpmDependencyExtensionCustomizer> (0x0000000086673628) 
thrown [s\src\hotspot\share\classfile\systemDictionary.cpp, line 256]
Event: 173.379 Thread 0x000001a4fc569800 Exception <a 'java/lang/ClassNotFoundException'{0x00000000866cf2e0}: org/jetbrains/kotlin/gradle/targets/js/npm/DefaultPeerNpmDependencyExtension$delegate$1BeanInfo> (0x00000000866cf2e0) 
thrown [s\src\hotspot\share\classfile\systemDictionary.cpp, line 256]
Event: 173.380 Thread 0x000001a4fc569800 Exception <a 'java/lang/ClassNotFoundException'{0x00000000866dd8c0}: org/jetbrains/kotlin/gradle/targets/js/npm/DefaultPeerNpmDependencyExtension$delegate$1Customizer> (0x00000000866dd8c0) 
thrown [s\src\hotspot\share\classfile\systemDictionary.cpp, line 256]
Event: 173.394 Thread 0x000001a4fc569800 Exception <a 'java/lang/NoSuchMethodError'{0x000000008658e688}: static Lorg/jetbrains/kotlin/gradle/plugin/internal/DefaultIdeaSyncDetector$createIdeaPropertiesEvaluator$1;.<clinit>()V> (0x000000008658e688) 
thrown [s\src\hotspot\share\prims\jni.cpp, line 1112]
Event: 175.433 Thread 0x000001a4fc569800 Exception <a 'java/lang/ClassNotFoundException'{0x000000008c494df8}: org/gradle/api/internal/project/DefaultProject_DecoratedBeanInfo> (0x000000008c494df8) 
thrown [s\src\hotspot\share\classfile\systemDictionary.cpp, line 256]
Event: 175.434 Thread 0x000001a4fc569800 Exception <a 'java/lang/ClassNotFoundException'{0x000000008c4aabd8}: org/gradle/api/internal/project/DefaultProjectBeanInfo> (0x000000008c4aabd8) 
thrown [s\src\hotspot\share\classfile\systemDictionary.cpp, line 256]
Event: 175.437 Thread 0x000001a4fc569800 Exception <a 'java/lang/ClassNotFoundException'{0x000000008c4c13c0}: org/gradle/api/internal/project/AbstractPluginAwareBeanInfo> (0x000000008c4c13c0) 
thrown [s\src\hotspot\share\classfile\systemDictionary.cpp, line 256]
Event: 175.438 Thread 0x000001a4fc569800 Exception <a 'java/lang/ClassNotFoundException'{0x000000008c4d78e0}: org/gradle/api/internal/project/AbstractPluginAwareCustomizer> (0x000000008c4d78e0) 
thrown [s\src\hotspot\share\classfile\systemDictionary.cpp, line 256]
Event: 175.440 Thread 0x000001a4fc569800 Exception <a 'java/lang/ClassNotFoundException'{0x000000008c4f2ea8}: org/gradle/api/internal/project/DefaultProjectCustomizer> (0x000000008c4f2ea8) 
thrown [s\src\hotspot\share\classfile\systemDictionary.cpp, line 256]
Event: 175.450 Thread 0x000001a4fc569800 Exception <a 'java/lang/ClassNotFoundException'{0x000000008c3a7348}: org/gradle/api/internal/project/DefaultProject_DecoratedCustomizer> (0x000000008c3a7348) 
thrown [s\src\hotspot\share\classfile\systemDictionary.cpp, line 256]
Event: 175.467 Thread 0x000001a4fc569800 Exception <a 'java/lang/ClassNotFoundException'{0x000000008c15a128}: org/gradle/api/internal/plugins/NaggingBasePluginConventionBeanInfo> (0x000000008c15a128) 
thrown [s\src\hotspot\share\classfile\systemDictionary.cpp, line 256]
Event: 175.565 Thread 0x000001a4fc569800 Exception <a 'java/lang/ClassNotFoundException'{0x000000008c172988}: org/gradle/api/plugins/BasePluginConventionBeanInfo> (0x000000008c172988) 
thrown [s\src\hotspot\share\classfile\systemDictionary.cpp, line 256]
Event: 175.567 Thread 0x000001a4fc569800 Exception <a 'java/lang/ClassNotFoundException'{0x000000008c18a480}: org/gradle/api/plugins/BasePluginConventionCustomizer> (0x000000008c18a480) 
thrown [s\src\hotspot\share\classfile\systemDictionary.cpp, line 256]
Event: 175.571 Thread 0x000001a4fc569800 Exception <a 'java/lang/ClassNotFoundException'{0x000000008c1ac460}: org/gradle/api/internal/plugins/NaggingBasePluginConventionCustomizer> (0x000000008c1ac460) 
thrown [s\src\hotspot\share\classfile\systemDictionary.cpp, line 256]
Event: 175.586 Thread 0x000001a4fc569800 Exception <a 'java/lang/ClassNotFoundException'{0x000000008c1fb7a0}: org/gradle/api/plugins/internal/NaggingJavaPluginConventionBeanInfo> (0x000000008c1fb7a0) 
thrown [s\src\hotspot\share\classfile\systemDictionary.cpp, line 256]
Event: 175.588 Thread 0x000001a4fc569800 Exception <a 'java/lang/ClassNotFoundException'{0x000000008c014a70}: org/gradle/api/plugins/JavaPluginConventionBeanInfo> (0x000000008c014a70) 
thrown [s\src\hotspot\share\classfile\systemDictionary.cpp, line 256]
Event: 175.589 Thread 0x000001a4fc569800 Exception <a 'java/lang/ClassNotFoundException'{0x000000008c02c2b0}: org/gradle/api/plugins/JavaPluginConventionCustomizer> (0x000000008c02c2b0) 
thrown [s\src\hotspot\share\classfile\systemDictionary.cpp, line 256]
Event: 175.593 Thread 0x000001a4fc569800 Exception <a 'java/lang/ClassNotFoundException'{0x000000008c057f38}: org/gradle/api/plugins/internal/NaggingJavaPluginConventionCustomizer> (0x000000008c057f38) 
thrown [s\src\hotspot\share\classfile\systemDictionary.cpp, line 256]
Event: 180.076 Thread 0x000001a4fc569800 Exception <a 'java/lang/NoSuchMethodError'{0x00000000869e9bf0}: 'int java.lang.invoke.DirectMethodHandle$Holder.invokeSpecialIFC(java.lang.Object, java.lang.Object, java.lang.Object, java.lang.Object, java.lang.Object)'> (0x00000000869e9bf0) 
thrown [s\src\hotspot\share\interpreter\linkResolver.cpp, line 759]

VM Operations (20 events):
Event: 197.186 Executing VM operation: Cleanup
Event: 197.203 Executing VM operation: Cleanup done
Event: 197.226 Executing VM operation: G1CollectForAllocation
Event: 197.232 Executing VM operation: G1CollectForAllocation done
Event: 198.247 Executing VM operation: Cleanup
Event: 198.297 Executing VM operation: Cleanup done
Event: 199.309 Executing VM operation: Cleanup
Event: 199.497 Executing VM operation: Cleanup done
Event: 200.385 Executing VM operation: HandshakeAllThreads
Event: 200.385 Executing VM operation: HandshakeAllThreads done
Event: 201.387 Executing VM operation: Cleanup
Event: 201.562 Executing VM operation: Cleanup done
Event: 202.581 Executing VM operation: Cleanup
Event: 202.656 Executing VM operation: Cleanup done
Event: 203.662 Executing VM operation: Cleanup
Event: 203.725 Executing VM operation: Cleanup done
Event: 204.050 Executing VM operation: HandshakeAllThreads
Event: 204.050 Executing VM operation: HandshakeAllThreads done
Event: 205.063 Executing VM operation: Cleanup
Event: 205.079 Executing VM operation: Cleanup done

Events (20 events):
Event: 204.066 Thread 0x000001a4fc097a10 flushing nmethod 0x000001a4a1d8aa90
Event: 204.066 Thread 0x000001a4fc097a10 flushing nmethod 0x000001a4a1dae810
Event: 204.066 Thread 0x000001a4fc097a10 flushing nmethod 0x000001a4a1db0d90
Event: 204.066 Thread 0x000001a4fc097a10 flushing nmethod 0x000001a4a1db1810
Event: 204.066 Thread 0x000001a4fc097a10 flushing nmethod 0x000001a4a1db1f10
Event: 204.066 Thread 0x000001a4fc097a10 flushing nmethod 0x000001a4a1e02e10
Event: 204.066 Thread 0x000001a4fc097a10 flushing nmethod 0x000001a4a1e03610
Event: 204.066 Thread 0x000001a4fc097a10 flushing nmethod 0x000001a4a1e03a10
Event: 204.066 Thread 0x000001a4fc097a10 flushing nmethod 0x000001a4a1e04610
Event: 204.066 Thread 0x000001a4fc097a10 flushing nmethod 0x000001a4a1e07a90
Event: 204.066 Thread 0x000001a4fc097a10 flushing nmethod 0x000001a4a1e0e910
Event: 204.066 Thread 0x000001a4fc097a10 flushing nmethod 0x000001a4a1e12a10
Event: 204.066 Thread 0x000001a4fc097a10 flushing nmethod 0x000001a4a1e33c90
Event: 204.066 Thread 0x000001a4fc097a10 flushing nmethod 0x000001a4a1e39410
Event: 204.067 Thread 0x000001a4fc097a10 flushing nmethod 0x000001a4a1f5a490
Event: 204.067 Thread 0x000001a4fc097a10 flushing nmethod 0x000001a4a1f82210
Event: 204.067 Thread 0x000001a4fc097a10 flushing nmethod 0x000001a4a1f85090
Event: 204.067 Thread 0x000001a4fc097a10 flushing nmethod 0x000001a4a1f87010
Event: 204.068 Thread 0x000001a4fc097a10 flushing nmethod 0x000001a4a1fb5090
Event: 204.068 Thread 0x000001a4fc097a10 flushing nmethod 0x000001a4a1fb9510


Dynamic libraries:
0x00007ff6c6eb0000 - 0x00007ff6c6ebe000 	G:\proyeksaya\kyusui\jdk17\jdk-17.0.11+9\bin\java.exe
0x00007ffc15fa0000 - 0x00007ffc16207000 	C:\WINDOWS\SYSTEM32\ntdll.dll
0x00007ffc152c0000 - 0x00007ffc1538b000 	C:\WINDOWS\System32\KERNEL32.DLL
0x00007ffc132e0000 - 0x00007ffc136e2000 	C:\WINDOWS\System32\KERNELBASE.dll
0x00007ffc13a30000 - 0x00007ffc13b7c000 	C:\WINDOWS\System32\ucrtbase.dll
0x00007ffc0dab0000 - 0x00007ffc0dac7000 	G:\proyeksaya\kyusui\jdk17\jdk-17.0.11+9\bin\jli.dll
0x00007ffc13f40000 - 0x00007ffc1410f000 	C:\WINDOWS\System32\USER32.dll
0x00007ffc13940000 - 0x00007ffc13967000 	C:\WINDOWS\System32\win32u.dll
0x00007ffc159b0000 - 0x00007ffc159db000 	C:\WINDOWS\System32\GDI32.dll
0x00007ffc13b90000 - 0x00007ffc13cb9000 	C:\WINDOWS\System32\gdi32full.dll
0x00007ffc13230000 - 0x00007ffc132d3000 	C:\WINDOWS\System32\msvcp_win.dll
0x00007ffc0bbc0000 - 0x00007ffc0bbdb000 	G:\proyeksaya\kyusui\jdk17\jdk-17.0.11+9\bin\VCRUNTIME140.dll
0x00007ffc04620000 - 0x00007ffc048b0000 	C:\WINDOWS\WinSxS\amd64_microsoft.windows.common-controls_6595b64144ccf1df_6.0.26100.9278_none_3e0d1ba8e3303201\COMCTL32.dll
0x00007ffc15e80000 - 0x00007ffc15f29000 	C:\WINDOWS\System32\msvcrt.dll
0x00007ffc15d20000 - 0x00007ffc15d51000 	C:\WINDOWS\System32\IMM32.DLL
0x00007ffc0d9d0000 - 0x00007ffc0d9dc000 	G:\proyeksaya\kyusui\jdk17\jdk-17.0.11+9\bin\vcruntime140_1.dll
0x00007ffbed250000 - 0x00007ffbed2dd000 	G:\proyeksaya\kyusui\jdk17\jdk-17.0.11+9\bin\msvcp140.dll
0x00007ffba1670000 - 0x00007ffba22d2000 	G:\proyeksaya\kyusui\jdk17\jdk-17.0.11+9\bin\server\jvm.dll
0x00007ffc15a60000 - 0x00007ffc15b1c000 	C:\WINDOWS\System32\ADVAPI32.dll
0x00007ffc14bc0000 - 0x00007ffc14c69000 	C:\WINDOWS\System32\sechost.dll
0x00007ffc15390000 - 0x00007ffc154a8000 	C:\WINDOWS\System32\RPCRT4.dll
0x00007ffc13020000 - 0x00007ffc1307e000 	C:\WINDOWS\SYSTEM32\POWRPROF.dll
0x00007ffc0abe0000 - 0x00007ffc0abea000 	C:\WINDOWS\SYSTEM32\WSOCK32.dll
0x00007ffc154b0000 - 0x00007ffc15530000 	C:\WINDOWS\System32\WS2_32.dll
0x00007ffc06880000 - 0x00007ffc068b6000 	C:\WINDOWS\SYSTEM32\WINMM.dll
0x00007ffc0ba70000 - 0x00007ffc0ba7b000 	C:\WINDOWS\SYSTEM32\VERSION.dll
0x00007ffc13000000 - 0x00007ffc13015000 	C:\WINDOWS\SYSTEM32\UMPDC.dll
0x00007ffc11e10000 - 0x00007ffc11e2b000 	C:\WINDOWS\SYSTEM32\kernel.appcore.dll
0x00007ffc0ab70000 - 0x00007ffc0ab7a000 	G:\proyeksaya\kyusui\jdk17\jdk-17.0.11+9\bin\jimage.dll
0x00007ffc108b0000 - 0x00007ffc10afc000 	C:\WINDOWS\SYSTEM32\DBGHELP.DLL
0x00007ffc15620000 - 0x00007ffc159a5000 	C:\WINDOWS\System32\combase.dll
0x00007ffc15540000 - 0x00007ffc15619000 	C:\WINDOWS\System32\OLEAUT32.dll
0x00007ffbf6680000 - 0x00007ffbf66bb000 	C:\WINDOWS\SYSTEM32\dbgcore.DLL
0x00007ffc13970000 - 0x00007ffc13a1c000 	C:\WINDOWS\System32\bcryptPrimitives.dll
0x00007ffc0ab40000 - 0x00007ffc0ab4e000 	G:\proyeksaya\kyusui\jdk17\jdk-17.0.11+9\bin\instrument.dll
0x00007ffc05b30000 - 0x00007ffc05b55000 	G:\proyeksaya\kyusui\jdk17\jdk-17.0.11+9\bin\java.dll
0x00007ffbe73f0000 - 0x00007ffbe74c7000 	G:\proyeksaya\kyusui\jdk17\jdk-17.0.11+9\bin\jsvml.dll
0x00007ffc14280000 - 0x00007ffc14a18000 	C:\WINDOWS\System32\SHELL32.dll
0x00007ffc10bb0000 - 0x00007ffc1145e000 	C:\WINDOWS\SYSTEM32\windows.storage.dll
0x00007ffc13e30000 - 0x00007ffc13f2b000 	C:\WINDOWS\System32\SHCORE.dll
0x00007ffc13dc0000 - 0x00007ffc13e26000 	C:\WINDOWS\System32\shlwapi.dll
0x00007ffc130c0000 - 0x00007ffc130e9000 	C:\WINDOWS\SYSTEM32\profapi.dll
0x00007ffc04b90000 - 0x00007ffc04ba8000 	G:\proyeksaya\kyusui\jdk17\jdk-17.0.11+9\bin\zip.dll
0x00007ffc04b50000 - 0x00007ffc04b69000 	G:\proyeksaya\kyusui\jdk17\jdk-17.0.11+9\bin\net.dll
0x00007ffc0a330000 - 0x00007ffc0a45a000 	C:\WINDOWS\SYSTEM32\WINHTTP.dll
0x00007ffc12400000 - 0x00007ffc1246c000 	C:\WINDOWS\system32\mswsock.dll
0x00007ffc042f0000 - 0x00007ffc04306000 	G:\proyeksaya\kyusui\jdk17\jdk-17.0.11+9\bin\nio.dll
0x00007ffc09e80000 - 0x00007ffc09e90000 	G:\proyeksaya\kyusui\jdk17\jdk-17.0.11+9\bin\verify.dll
0x00007ffbed5b0000 - 0x00007ffbed5d7000 	C:\Users\rizta\.gradle\native\c067742578af261105cb4f569cf0c3c89f3d7b1fecec35dd04571415982c5e48\windows-amd64\native-platform.dll
0x00007ffb96d50000 - 0x00007ffb96e94000 	C:\Users\rizta\.gradle\native\100fb08df4bc3b14c8652ba06237920a3bd2aa13389f12d3474272988ae205f9\windows-amd64\native-platform-file-events.dll
0x00007ffc09c60000 - 0x00007ffc09c69000 	G:\proyeksaya\kyusui\jdk17\jdk-17.0.11+9\bin\management.dll
0x00007ffc09c00000 - 0x00007ffc09c0b000 	G:\proyeksaya\kyusui\jdk17\jdk-17.0.11+9\bin\management_ext.dll
0x00007ffc15b30000 - 0x00007ffc15b38000 	C:\WINDOWS\System32\PSAPI.DLL
0x00007ffc12710000 - 0x00007ffc1272b000 	C:\WINDOWS\SYSTEM32\CRYPTSP.dll
0x00007ffc11d70000 - 0x00007ffc11da9000 	C:\WINDOWS\system32\rsaenh.dll
0x00007ffc124b0000 - 0x00007ffc124e4000 	C:\WINDOWS\SYSTEM32\USERENV.dll
0x00007ffc13090000 - 0x00007ffc130ba000 	C:\WINDOWS\SYSTEM32\bcrypt.dll
0x00007ffc126f0000 - 0x00007ffc126fc000 	C:\WINDOWS\SYSTEM32\CRYPTBASE.dll
0x00007ffc117b0000 - 0x00007ffc117e3000 	C:\WINDOWS\SYSTEM32\IPHLPAPI.DLL
0x00007ffc13f30000 - 0x00007ffc13f3a000 	C:\WINDOWS\System32\NSI.dll
0x00007ffc0a080000 - 0x00007ffc0a09d000 	C:\WINDOWS\SYSTEM32\dhcpcsvc6.DLL
0x00007ffc0a050000 - 0x00007ffc0a075000 	C:\WINDOWS\SYSTEM32\dhcpcsvc.DLL
0x00007ffc11840000 - 0x00007ffc11998000 	C:\WINDOWS\SYSTEM32\DNSAPI.dll
0x00007ffc121c0000 - 0x00007ffc121cd000 	C:\WINDOWS\SYSTEM32\DSPARSE.dll
0x00007ffc09aa0000 - 0x00007ffc09aa9000 	G:\proyeksaya\kyusui\jdk17\jdk-17.0.11+9\bin\extnet.dll
0x00007ffc05af0000 - 0x00007ffc05afe000 	G:\proyeksaya\kyusui\jdk17\jdk-17.0.11+9\bin\sunmscapi.dll
0x00007ffc137b0000 - 0x00007ffc1392e000 	C:\WINDOWS\System32\CRYPT32.dll
0x00007ffc12960000 - 0x00007ffc12990000 	C:\WINDOWS\SYSTEM32\ncrypt.dll
0x00007ffc12910000 - 0x00007ffc1294f000 	C:\WINDOWS\SYSTEM32\NTASN1.dll
0x00007ffbb1550000 - 0x00007ffbb1558000 	C:\WINDOWS\system32\wshunix.dll

dbghelp: loaded successfully - version: 4.0.5 - missing functions: none
symbol engine: initialized successfully - sym options: 0x614 - pdb path: .;G:\proyeksaya\kyusui\jdk17\jdk-17.0.11+9\bin;C:\WINDOWS\SYSTEM32;C:\WINDOWS\WinSxS\amd64_microsoft.windows.common-controls_6595b64144ccf1df_6.0.26100.9278_none_3e0d1ba8e3303201;G:\proyeksaya\kyusui\jdk17\jdk-17.0.11+9\bin\server;C:\Users\rizta\.gradle\native\c067742578af261105cb4f569cf0c3c89f3d7b1fecec35dd04571415982c5e48\windows-amd64;C:\Users\rizta\.gradle\native\100fb08df4bc3b14c8652ba06237920a3bd2aa13389f12d3474272988ae205f9\windows-amd64

VM Arguments:
jvm_args: --enable-native-access=ALL-UNNAMED --add-opens=java.base/java.util=ALL-UNNAMED --add-opens=java.base/java.lang=ALL-UNNAMED --add-opens=java.base/java.lang.invoke=ALL-UNNAMED --add-opens=java.prefs/java.util.prefs=ALL-UNNAMED --add-opens=java.base/java.nio.charset=ALL-UNNAMED --add-opens=java.base/java.net=ALL-UNNAMED --add-opens=java.base/java.util.concurrent.atomic=ALL-UNNAMED -Xmx2048m -Dfile.encoding=UTF-8 -Duser.country=ID -Duser.language=en -Duser.variant -javaagent:C:\Users\rizta\.gradle\wrapper\dists\gradle-8.8-bin\dl7vupf4psengwqhwktix4v1\gradle-8.8\lib\agents\gradle-instrumentation-agent-8.8.jar 
java_command: org.gradle.launcher.daemon.bootstrap.GradleDaemon 8.8
java_class_path (initial): C:\Users\rizta\.gradle\wrapper\dists\gradle-8.8-bin\dl7vupf4psengwqhwktix4v1\gradle-8.8\lib\gradle-launcher-8.8.jar
Launcher Type: SUN_STANDARD

[Global flags]
     intx CICompilerCount                          = 3                                         {product} {ergonomic}
     uint ConcGCThreads                            = 1                                         {product} {ergonomic}
     uint G1ConcRefinementThreads                  = 4                                         {product} {ergonomic}
   size_t G1HeapRegionSize                         = 1048576                                   {product} {ergonomic}
    uintx GCDrainStackTargetSize                   = 64                                        {product} {ergonomic}
   size_t InitialHeapSize                          = 333447168                                 {product} {ergonomic}
   size_t MarkStackSize                            = 4194304                                   {product} {ergonomic}
   size_t MaxHeapSize                              = 2147483648                                {product} {command line}
   size_t MaxNewSize                               = 1287651328                                {product} {ergonomic}
   size_t MinHeapDeltaBytes                        = 1048576                                   {product} {ergonomic}
   size_t MinHeapSize                              = 8388608                                   {product} {ergonomic}
    uintx NonNMethodCodeHeapSize                   = 5832780                                {pd product} {ergonomic}
    uintx NonProfiledCodeHeapSize                  = 122912730                              {pd product} {ergonomic}
    uintx ProfiledCodeHeapSize                     = 122912730                              {pd product} {ergonomic}
    uintx ReservedCodeCacheSize                    = 251658240                              {pd product} {ergonomic}
     bool SegmentedCodeCache                       = true                                      {product} {ergonomic}
   size_t SoftMaxHeapSize                          = 2147483648                             {manageable} {ergonomic}
     bool UseCompressedClassPointers               = true                           {product lp64_product} {ergonomic}
     bool UseCompressedOops                        = true                           {product lp64_product} {ergonomic}
     bool UseG1GC                                  = true                                      {product} {ergonomic}
     bool UseLargePagesIndividualAllocation        = false                                  {pd product} {ergonomic}

Logging:
Log output configuration:
 #0: stdout all=warning uptime,level,tags
 #1: stderr all=off uptime,level,tags

Environment Variables:
JAVA_HOME=G:\Android\Android Studio\jbr
PATH=C:\WINDOWS\system32;C:\WINDOWS;C:\WINDOWS\System32\Wbem;C:\WINDOWS\System32\WindowsPowerShell\v1.0\;C:\WINDOWS\System32\OpenSSH\;C:\Program Files\Git\cmd;C:\Program Files\dotnet\;C:\xampp\php;C:\ProgramData\ComposerSetup\bin;G:\Android\Android Studio\bin;C:\Users\rizta\AppData\Local\Android\Sdk\platform-tools;C:\Users\rizta\AppData\Local\Android\Sdk\emulator;C:\Users\rizta\AppData\Local\Android\Sdk\cmdline-tools\latest\bin;G:\Android\Android Studio\jbr\bin;C:\Program Files\nodejs\;C:\Users\rizta\AppData\Local\Programs\OpenAI\Codex\bin;C:\Users\rizta\AppData\Local\Microsoft\WindowsApps;C:\Users\rizta\AppData\Local\Python\bin;C:\Users\rizta\AppData\Local\Programs\Microsoft VS Code\bin;C:\Users\rizta\AppData\Local\GitHubDesktop\bin;C:\Users\rizta\AppData\Roaming\Composer\vendor\bin;C:\Users\rizta\AppData\Roaming\npm;C:\Users\rizta\AppData\Local\Programs\DockerDesktop\resources\bin
USERNAME=rizta
OS=Windows_NT
PROCESSOR_IDENTIFIER=Intel64 Family 6 Model 142 Stepping 12, GenuineIntel
TMP=C:\Users\rizta\AppData\Local\Temp
TEMP=C:\Users\rizta\AppData\Local\Temp



Periodic native trim disabled


---------------  S Y S T E M  ---------------

OS:
 Windows 11 , 64 bit Build 26100 (10.0.26100.9444)
OS uptime: 0 days 15:06 hours
Hyper-V role detected

CPU: total 4 (initial active 4) (2 cores per cpu, 2 threads per core) family 6 model 142 stepping 12 microcode 0xfc, cx8, cmov, fxsr, ht, mmx, 3dnowpref, sse, sse2, sse3, ssse3, sse4.1, sse4.2, popcnt, lzcnt, tsc, tscinvbit, avx, avx2, aes, erms, clmul, bmi1, bmi2, adx, fma, vzeroupper, clflush, clflushopt, hv
Processor Information for all 4 processors :
  Max Mhz: 2592, Current Mhz: 2093, Mhz Limit: 2073

Memory: 4k page, system-wide physical 20317M (2435M free)
TotalPageFile size 28470M (AvailPageFile size 5M)
current process WorkingSet (physical memory assigned to process): 348M, peak: 365M
current process commit charge ("private bytes"): 384M, peak: 470M

vm_info: OpenJDK 64-Bit Server VM (17.0.11+9) for windows-amd64 JRE (17.0.11+9), built on Apr 17 2024 06:07:48 by "admin" with MS VC++ 16.10 / 16.11 (VS2019)

END.
